image_id,article_id
1533,7489
1509,7926
1534,7975
1539,8433
1544,12168
1545,12177
1598,14296
1599,14402
1637,16140
1941,18642
6854,60021
6857,60030
6866,60054
6867,60059
6868,60063
6920,60751
6925,60858
8758,91968
8769,91985
8829,93496
9068,96947
9071,96950
9435,103039
9641,139719
9644,139733
9649,139857
10677,140800
10678,140800
10679,140800
11433,140817
11434,140817
9679,141479
9682,141505
9691,141564
9817,141995
9870,142186
9945,143780
9952,143821
9969,145317
9982,147466
9987,147512
9995,147543
10083,147838
10100,147924
10179,150593
10302,150906
10303,150906
10304,150906
10305,150906
10460,154397
10463,154402
10794,159005
10800,159031
10816,159090
10817,159092
10925,159733
11007,160436
11008,160438
11159,160852
11160,160852
11161,160852
11162,160852
11183,160880
11192,161019
11398,166852
11425,167180
11430,167431
11459,167534
11491,167603
11607,167745
12128,170650
12257,171413
12364,174310
12365,174324
12553,176416
12903,178372
12979,178674
13052,178819
13066,178819
13246,180126
13327,180948
13348,181002
13448,181198
13523,181645
13675,182133
13704,182355
13705,182355
13730,182438
13746,182506
13764,182540
13785,182596
13932,183836
13934,183836
14016,186042
14292,186720
14301,186758
14326,186885
14338,186910
14340,186911
14342,186915
14344,186921
14379,187086
14398,187134
14417,187599
14581,188382
14582,188382
14495,188445
14542,188696
14554,188751
14768,189242
14902,189503
14903,189503
14905,189503
14936,189720
14937,189720
14938,189720
15438,190504
15439,190504
15440,190504
15445,190511
15679,191073
15691,191166
15905,191975
15913,192072
15980,192556
16008,192691
16009,192691
16010,192691
16134,193078
16135,193078
16146,193090
16604,196296
17013,197444
17087,197709
17091,197709
17204,197951
17205,197951
17354,198414
17381,198484
17387,198511
17443,198652
17540,198876
17577,198986
17578,198986
17580,198994
17842,199758
17872,199890
17945,199997
18128,200042
17966,200066
17983,200125
18022,200160
18180,200451
18337,200689
18521,201132
18522,201132
18619,201353
18642,201497
18673,201611
18674,201611
18779,201939
18860,202161
18869,202209
18870,202210
18877,202221
18943,202428
18969,202496
19085,202884
19092,202902
19112,202963
19373,203822
19498,204022
19555,204149
19556,204157
19564,204169
19565,204169
19568,204186
19699,204372
19700,204372
19707,204390
19709,204390
19717,204419
19718,204419
19719,204419
19720,204419
19729,204443
19738,204462
19773,204600
19774,204600
19775,204600
19776,204600
19971,205108
19978,205153
20208,205730
20213,205750
20229,205789
20227,205793
20269,206042
20271,206057
20326,206169
20363,206297
20382,206305
20383,206305
20384,206305
20399,206339
20400,206339
20401,206339
20596,206730
20764,207047
20765,207047
20766,207047
20884,207283
20885,207283
20928,207373
20936,207383
20937,207383
21064,207595
21065,207595
21066,207595
21126,207757
21127,207757
21138,207788
21139,207788
21222,207993
21223,207993
21234,208060
21235,208060
21258,208111
21259,208111
21260,208111
21263,208119
21264,208119
21315,208289
21317,208295
21321,208319
21749,209845
21750,209845
21751,209845
22028,210938
22029,210938
22038,210988
22044,211033
22045,211036
22357,212058
22358,212058
22359,212058
22369,212080
22371,212082
22417,212202
22418,212202
22419,212202
22420,212205
22421,212205
22422,212205
22424,212210
22425,212210
22426,212210
22490,212443
22884,213821
22885,213824
22886,213827
22887,213840
23647,220615
23701,220954
23716,221009
23742,221071
23743,221071
23744,221071
23750,221082
23751,221082
23752,221082
23949,221666
24085,222061
24086,222061
24087,222061
24088,222065
24089,222065
24102,222164
24229,222530
25122,227683
25214,227958
25406,228401
25463,228401
25531,229692
25617,229925
25803,231012
25804,231012
25809,231040
25810,231040
25823,231055
25895,233014
26027,234365
26034,234382
26133,234580
26310,235171
26322,235199
26327,235214
26328,235214
26807,237629
27171,238481
27172,238618
27173,238618
27267,238847
27268,238847
27269,238847
27324,238920
27325,238920
27327,238926
27328,238926
27375,239061
27376,239062
27447,240223
27448,240223
27454,240224
27450,240228
27451,240228
27460,241029
27464,242359
27467,242361
27677,242916
27678,242916
27861,243292
27862,243292
27863,243292
27864,243292
27995,243592
28014,243679
28288,244324
28349,244470
28350,244470
28351,244470
28354,244474
28355,244474
28356,244480
28357,244480
28416,244588
28417,244588
28418,244588
28421,244590
28422,244590
28771,245550
28775,245566
28776,245572
28782,245585
28854,245669
28879,245756
28895,245801
28924,246363
28925,246493
28981,248086
28982,248086
29097,248141
29090,248252
29207,248416
29291,248650
29293,248657
29448,249148
29585,249550
29586,249550
29601,249580
29604,249584
29615,249599
29727,249831
29739,249868
29740,249868
29757,249929
29796,250034
29946,251224
30011,251376
30039,251407
30041,251409
30142,253112
30201,253271
30504,253827
30509,253835
30511,253835
30546,253927
30611,254121
30633,254163
30634,254163
30673,254203
30674,254203
30675,254203
30678,254217
30679,254217
30680,254217
30700,254296
30710,254317
30724,254346
30742,254410
30756,254507
30757,254507
30758,254507
30759,254518
30776,254536
30777,254538
31051,255334
31065,255407
31081,255449
31082,255460
31091,255501
31096,255509
31139,255636
31141,255638
31142,255640
31184,255805
31194,255842
31195,255847
31196,255847
31199,255854
31200,255854
31201,255856
31202,255856
31205,255863
31375,256178
31376,256178
31377,256178
31414,256239
31415,256239
31416,256244
31417,256244
31444,256361
31445,256361
31455,256371
31456,256371
31457,256371
31458,256371
31459,256371
31484,256424
31528,256542
31531,256548
31640,256849
31643,256913
31649,256927
31652,256938
31656,256960
31670,257030
31672,257035
31709,257102
31716,257129
31718,257131
31722,257139
31737,257246
31833,257533
31855,257618
31856,257618
31857,257618
31858,257618
31866,257622
31867,257622
31877,257622
31882,257676
31957,257911
31958,257913
31961,257919
31964,257931
32049,258256
32050,258256
32051,258256
32056,258268
32065,258278
32156,258425
32126,258459
32127,258467
32139,258491
32140,258491
32141,258492
32185,258628
32186,258628
32187,258629
32191,258633
32296,258836
32300,258869
32381,259020
32399,259024
32400,259024
32406,259082
32407,259082
32541,259388
32553,259398
32560,259408
32565,259413
32620,259452
32623,259452
32626,261243
32628,261249
32629,261251
32630,261260
32631,261266
32632,261266
32634,261269
32635,261269
32640,261275
32641,261276
32645,261288
32646,261288
32647,261288
32654,261307
32655,261307
32657,261312
32658,261312
32672,261409
32686,261429
32687,261430
32688,261431
32689,261432
32690,261433
32691,261433
32692,261434
32703,261456
32704,261456
32714,261493
32715,261493
32731,261526
32732,261526
32739,261551
32740,261551
32882,261955
32883,261955
32915,262027
32918,262035
32919,262037
32974,262240
32979,262267
33046,274625
33178,274978
33187,275000
33297,275314
33350,275509
33642,275775
33664,275958
33742,276268
33747,276282
33757,276310
33761,276314
33795,276394
33862,276633
33863,276633
33933,277104
33966,277141
33983,277207
34037,277322
34090,277501
34103,277564
34221,278069
34222,278069
34226,278100
34294,278311
34304,278400
34305,278408
34320,278506
34723,279483
34805,280009
34813,280028
34814,280029
34816,280031
34819,280037
34914,280342
34916,280352
35069,280614
35116,280714
35157,280809
35236,280916
35290,281034
35356,281269
35374,281341
35377,281352
35380,281356
35410,281518
35444,281626
35446,281635
35535,281914
35536,281925
35601,282219
35725,282727
35726,282727
35727,282727
35731,282761
35732,282761
35733,282761
35750,282908
35881,283062
35923,283344
35927,283382
35971,283394
35997,283664
36021,283725
36031,283802
36047,283835
36065,284000
36082,284175
36084,284183
36125,284282
36132,284349
36141,284391
36199,284612
36216,284637
36218,284660
36240,284751
36342,285088
36524,285772
36577,286085
36643,286366
36788,286924
36812,287058
36942,287455
37266,288332
37767,291081
37822,291242
37835,291296
38033,291989
38040,292028
38048,292062
38096,292209
38121,292243
38132,292255
38165,292333
38167,292366
38192,292429
38238,292691
38260,292756
38278,292796
38279,292798
38280,292804
38344,293054
38397,293243
38405,293288
38406,293289
38567,293688
38577,293753
38578,293753
38579,293753
38665,293976
38666,293976
38667,293976
38673,293985
38792,294438
38851,294652
38852,294652
38853,294653
38855,294653
38869,294748
38870,294748
38969,295050
38970,295050
38971,295051
39073,295458
39075,295466
39081,295523
39115,295651
39145,295670
39267,296042
39401,296390
39402,296390
39403,296390
39434,296520
39457,296533
39501,296570
39502,296570
39503,296570
39506,296575
39507,296575
39508,296575
39509,296579
39525,296596
39526,296598
39527,296598
39528,296598
39581,296684
39607,296765
39608,296782
39703,297087
39704,297087
39705,297095
39706,297095
39707,297095
39709,297111
39710,297111
39711,297111
39712,297116
39713,297116
39714,297116
39715,297119
39716,297119
39717,297126
39718,297126
39721,297134
39733,297142
39734,297142
39735,297142
39738,297159
39739,297159
39740,297159
39741,297164
39748,297171
39749,297171
39750,297171
39751,297176
39752,297176
39753,297176
39756,297186
39857,297445
39884,297588
39890,297632
39891,297632
39892,297632
39893,297632
39902,297665
39903,297665
39904,297665
39907,297676
39908,297676
39916,297705
39918,297715
39920,297726
39921,297726
39922,297726
39935,297782
39937,297790
39938,297794
39944,297797
40003,298000
40004,298003
40005,298003
40006,298004
40007,298004
40008,298004
40011,298008
40012,298008
40039,298027
40050,298052
40051,298052
40053,298057
40054,298057
40055,298064
40056,298070
40057,298070
40060,298080
40061,298080
40062,298080
40089,298141
40090,298141
40107,298223
40110,298227
40111,298227
40113,298238
40114,298238
40115,298238
40116,298240
40117,298240
40118,298240
40120,298247
40121,298247
40208,299103
40212,299116
40241,299169
40371,299459
40414,299603
40415,299603
40421,300594
40422,300594
40430,300607
40431,300607
40432,300607
40433,300611
40434,300611
40435,300612
40436,300612
40499,300865
40501,300867
40504,300867
40507,300867
40508,300867
40509,300869
40511,300869
40512,300869
40513,300869
40556,300979
40559,300984
40578,301125
40615,301225
40616,301227
40641,301317
40647,301329
40690,301477
40691,301483
40715,301576
40716,301577
40717,301578
40718,301578
40719,301578
40757,301663
40780,301790
40882,302142
40906,302218
40938,302293
41071,302861
41083,302927
41104,303095
41105,303116
41108,303120
41128,303381
41154,303478
41199,303603
41211,303668
41214,303691
41215,303703
41244,303742
41255,303778
41262,303802
41265,303818
41303,303886
41304,303886
41305,303886
41315,303984
41327,304025
41328,304028
41341,304078
41406,304256
41423,304279
41463,304342
41502,304467
41533,304662
41535,304665
41604,304911
41629,305034
41812,305727
41945,306123
41946,306123
41947,306123
42334,306429
42598,306702
42605,306740
42667,306948
42717,307066
42891,307506
43016,308070
43246,310012
43254,310041
43255,310041
43257,310045
43360,310121
43369,310159
43454,310410
43484,310589
43566,310954
43695,311176
43699,311204
43756,311393
43859,311764
43875,311810
43878,311815
43924,311894
44063,312452
44070,312478
44075,312481
44076,312493
44095,312574
44146,312781
44172,312900
44195,313024
44198,313047
44371,313579
44405,313814
44854,316377
44915,316826
44945,317035
45040,317543
45269,318489
45311,318601
45331,318699
45335,318726
45364,318843
45409,319043
45417,319119
45497,319549
45504,319602
45515,319630
45520,319652
45525,319672
45746,320460
45928,321228
46275,322418
46301,322599
46349,322809
46790,324594
46791,324597
46936,325428
46954,325470
46978,325611
47693,327503
48320,331187
48539,332149
48553,332167
48555,332175
48556,332182
48615,332545
48701,332846
48706,332878
48707,332903
48923,333755
49095,333845
49039,334090
49066,334269
49068,334272
49108,334466
49111,334484
49113,334487
49149,334685
49504,337302
49783,338439
49784,338443
49786,338456
49788,338465
49794,338479
49795,338483
49867,338993
49982,339251
50016,339515
50019,339522
50020,339524
50021,339532
50054,339805
50230,340562
50489,341432
50501,341886
50566,342458
50902,343661
50924,343771
50948,343909
50959,343962
51041,344221
51051,344256
51084,344424
51085,344430
51088,344438
51092,344461
51110,344524
51198,344964
51395,345559
51557,346006
51575,346094
51576,346097
51660,346372
51740,346696
51747,346721
51878,347100
51913,347257
51918,347303
52026,347812
52077,347945
52156,348251
52265,348495
52402,349113
52426,349247
52518,349640
52746,350753
52804,350938
52892,351672
53058,352556
53064,352584
53066,352595
53068,352635
53069,352648
53082,352787
53194,353864
53709,356058
53764,356765
53767,356775
53860,357070
54342,358619
54460,359149
54536,359361
54659,360015
54674,360070
54677,360080
54679,360090
54776,360511
54790,360516
54794,360643
54866,361876
54881,361955
54964,362478
55413,366182
55647,367460
55650,367476
55664,367592
55794,367996
55797,368004
56195,369624
56207,369654
56211,369679
56250,369953
56257,369981
56260,370041
56320,370181
56337,370384
56354,370525
56392,370630
56414,370723
56415,370723
56416,370723
56424,370723
56542,371283
56543,371283
56544,371283
56545,371283
56579,371431
56580,371431
56676,372009
56696,372166
56697,372169
56840,372713
56851,372741
56886,372937
56887,372938
56892,372948
56956,373190
56986,373326
57035,373484
57006,373517
57007,373525
57052,373771
57059,373793
57111,374130
57121,374276
57127,374280
57124,374288
57129,374296
57186,374512
57275,375048
57276,375048
57277,375052
57583,377551
57584,377554
57787,378615
57789,378618
57809,378868
57898,379245
57932,379419
58148,379943
58175,380506
58281,380967
58451,381584
58465,381802
58495,381984
58496,382004
58634,382800
58642,382847
58670,383000
58678,383104
58737,383406
58738,383408
58739,383409
58810,384015
58853,384284
58854,384288
58858,384292
58867,384358
58882,384466
58897,384517
58905,384547
58910,384558
58943,384657
58947,384747
58948,384747
58989,384819
58990,384819
58991,384819
59097,384819
59221,386020
59222,386020
59287,386430
59317,386683
59351,386825
59406,387103
59409,387110
59416,387133
59535,387718
59569,388035
59883,389552
59884,389556
60107,391005
60108,391006
60151,391093
60155,391112
60169,391196
60186,391323
60189,391351
60247,391684
60257,391809
60303,392262
60329,392346
60569,393767
60839,395096
60840,395100
60863,395131
60874,395196
60894,395285
60961,395740
61000,395908
61024,396181
61025,396199
61039,396223
61173,396614
61202,396722
61204,396730
61205,396735
61342,397538
61364,397809
61485,398048
61486,398048
61905,400205
62198,401956
62199,401956
62200,401956
62241,402102
62242,402102
62796,405126
62902,405597
62917,405659
63036,406303
63048,406360
63162,407048
63178,407092
63183,407109
63185,407125
63200,407192
63257,407599
63333,407762
63562,408519
63648,408595
63603,408672
63609,408679
63610,408680
63611,408682
63626,408713
63627,408716
63633,408728
63910,409868
63940,410008
63950,410033
63953,410033
63959,410080
63964,410105
64043,410526
64045,410544
64050,410551
64106,410876
64157,411048
64161,411083
64213,411283
64226,411376
64231,411404
64438,412480
64458,412527
64554,412735
64558,413092
64597,413239
64617,413472
64673,413668
64724,413920
64732,413948
64766,414099
64768,414100
64810,414271
64834,414394
64919,414669
64921,414697
65387,417966
65389,417985
65390,417989
65438,418266
65444,418301
65818,420154
65829,420191
65833,420222
66453,422541
66980,425931
67015,426433
67017,426437
67019,426452
67024,426485
67086,426844
67092,426867
67109,426990
67135,427126
67198,427490
67223,427767
67608,429233
67693,429828
67697,429887
67716,430135
67717,430137
67739,430260
67740,430296
67743,430317
67836,430956
68098,432445
68101,432476
68180,433007
68184,433020
68224,433256
68226,433273
68228,433287
68306,434054
68484,435816
68486,435828
68511,435977
68533,436089
68536,436097
68537,436126
68591,436505
68613,436755
68627,437087
68828,439173
68829,439173
68830,439182
68831,439182
68832,439187
68833,439187
68835,439208
68836,439208
68837,439214
68935,440436
68939,440464
69128,441102
69129,441102
69209,441812
69462,443743
69464,443747
69548,444308
69569,444494
69623,444762
69717,445353
69722,445364
69723,445368
69725,445373
69728,445389
69729,445395
69832,446008
69974,446818
70020,447190
70021,447191
70248,448730
70253,448770
70359,449382
70379,449594
70380,449595
70612,450599
70772,451438
70800,451544
70804,451558
70854,451875
70866,451974
70869,451986
70930,452252
70932,452259
70934,452262
70936,452283
71112,453018
71113,453030
71158,453169
71239,453709
71240,453713
71429,454714
71434,454727
71474,455188
71546,455592
71567,455594
71568,455736
71621,456043
71736,456607
71977,457798
72129,458551
72391,459969
72554,460620
72631,461116
72704,461490
72747,461708
72760,461873
72830,462194
72831,462194
72872,462449
72874,462451
72890,462490
72891,462490
72894,462516
73411,464734
73418,464810
73420,464814
73458,465085
73499,465331
73769,466302
73796,466753
73799,466754
73803,466759
73841,466974
73848,466993
74250,469104
74253,469120
74282,469218
74297,469313
74298,469316
74479,470067
74482,470098
74553,470455
74555,470461
74670,471052
74673,471059
75472,472510
74944,472674
74974,472890
74975,472890
75016,473128
75017,473130
75022,473135
75024,473147
75047,473243
75142,473762
75306,474447
75413,474525
75484,474754
75512,475008
75516,475023
75523,475047
75563,475343
75601,475443
75639,475706
75683,475837
75685,475856
75686,475861
75687,475865
75688,475869
75689,475879
75690,475880
75694,475899
75696,475921
75705,476040
75727,476115
75730,476124
75753,476229
75770,476373
75775,476393
75990,477249
76078,477734
76167,478258
76176,478275
76178,478281
76234,478569
76235,478569
76294,478793
76295,478793
76389,479326
76466,479852
76467,479852
76536,480324
76820,481347
76890,481720
76892,481728
76911,481800
77059,482943
77091,483325
77092,483325
77347,486676
77348,486676
77361,486836
77362,486836
77540,488150
77555,488228
77579,488251
77816,489659
77831,490177
78318,492070
78506,492621
78508,492626
78509,492642
78531,492655
78532,492655
78535,492672
78536,492672
78537,492672
78634,493320
78861,494661
79001,495222
79122,495969
79142,496031
79143,496031
79144,496031
79570,498052
79573,498074
79708,498645
79711,498652
79784,499106
79854,499516
80000,500166
80001,500168
80002,500169
80622,503021
80896,504213
81016,505045
81017,505048
81086,505571
81874,509682
81878,509712
81879,509714
81953,510019
81963,510055
81968,510079
81969,510081
81982,510133
82000,510287
82036,510317
82076,510329
82812,512595
82815,512599
82816,512606
82823,512639
82839,512734
82874,512853
82897,512966
82961,513356
82966,513436
83045,513795
83049,513810
83339,515075
83346,515117
83354,515150
83751,517219
83752,517222
83756,517263
83757,517263
83827,517606
83828,517606
84034,518570
84036,518604
84037,518616
84186,518974
84188,518986
84189,519007
84328,519572
84615,520786
84616,520790
84628,520847
84729,521220
84752,521347
84754,521361
84766,521415
84795,521573
84798,521625
85030,522122
86041,526438
86432,528170
86628,528914
86881,529497
87042,529859
87204,530267
87206,530269
87207,530295
87209,530302
87244,530628
87259,530686
87278,530785
87316,530871
87923,531969
87964,532086
88093,532342
88105,532445
88335,533284
88517,533905
88519,533911
88552,534113
88572,534231
88695,534791
88696,534791
88711,534875
88713,534876
88779,535127
88780,535130
88852,535350
88874,535362
89086,536302
89973,540114
90131,540993
90163,541146
90173,541182
90270,541483
90279,541631
90344,542000
90808,543496
91229,545070
91328,545194
91330,545194
91331,545194
91332,545194
91333,545194
91334,545194
91335,545194
91336,545194
91392,545467
91394,545482
92022,547663
92074,547928
92105,548129
92117,548201
92165,548395
92171,548412
92308,548723
92310,548743
92373,549059
92476,549291
92970,550967
92996,551104
93002,551149
93206,551477
93245,551477
93092,551507
93201,551803
93365,552325
93383,552376
93440,552798
93441,552801
93677,553572
93678,553572
93679,553572
93692,553625
93693,553625
93694,553625
94305,555681
94711,557198
94958,558421
94951,558441
94969,558639
95038,558801
95074,558937
95501,559850
95506,559874
95659,560517
95669,560571
95894,561138
95948,561236
95962,561276
95971,561365
95972,561365
96032,561489
96045,561545
96046,561550
96065,561646
96093,561812
96113,561932
96146,562016
96147,562020
96148,562020
96198,562295
96224,562428
96271,562590
96289,562614
96384,563003
96680,563704
96899,564283
97493,564891
97197,564924
97614,566255
97618,566277
97721,566563
97741,566687
97892,567014
98000,567449
98056,567626
98164,568009
98301,568644
98307,568665
98354,568955
98374,569066
98438,569284
98476,569483
98500,569604
98508,569668
98621,570092
98715,570320
98978,571274
98979,571277
98990,571292
99184,571752
99185,571754
99257,571829
99328,571936
99337,571979
99602,572587
99606,572607
99786,573258
99901,573751
99914,573859
99915,573864
99917,573876
99918,573881
99953,574219
100026,574529
100357,576269
100387,576304
100388,576304
100389,576311
100390,576311
100808,577530
100815,577549
100817,577553
100830,577637
100948,578164
101658,579703
101659,579706
101686,579806
101687,579807
101834,580111
102189,581632
103013,584615
103110,585167
103136,585279
103210,585374
103444,586243
103538,586721
103582,586939
103584,586941
103587,586965
103589,586982
103741,587474
103742,587482
103803,587730
103823,587804
103862,587869
103864,587871
103908,588038
103914,588053
103959,588125
104105,588781
104106,588788
104108,588795
104111,588810
104143,589021
104359,590334
104394,590549
104395,590554
104534,590669
104564,590817
104589,590955
104603,591077
104887,592667
104968,593029
105029,593282
105198,594453
105199,594457
105540,595883
105542,595913
105561,595950
105636,596140
105684,596478
106134,598514
106469,600201
106500,600363
106515,600523
106552,600670
106553,600671
106955,602292
106956,602294
106957,602295
107227,603027
107231,603044
107324,603519
107326,603526
107439,603886
107527,604168
107706,605037
107738,605146
107780,605311
107793,605377
107823,605511
107987,606180
108018,606286
108019,606292
108185,606915
108342,607547
108350,607588
108403,607852
108416,607938
108418,607942
108550,608432
108555,608440
108558,608443
108560,608467
108563,608491
108577,608575
108681,609020
108701,609233
108707,609284
108710,609323
108843,610350
108897,610651
108898,610653
108900,610762
108914,610915
109211,612450
109529,613611
109561,613743
109564,613768
109737,614539
109746,614612
109747,614625
109748,614630
109962,615790
109971,615858
109973,615874
110552,618210
110613,618576
111061,621375
111066,621394
111077,621432
111078,621438
111081,621444
111084,621455
111089,621467
111090,621469
111091,621472
111121,621551
111215,621834
111227,621906
111269,622189
111403,622714
111394,622766
111594,623703
111795,624470
111827,624551
112092,625629
112359,626513
112463,627139
112495,627309
112518,627436
112526,627461
112627,627790
112658,627905
112813,628452
112900,628726
113072,629357
113095,629549
113103,629569
113128,629772
113257,630463
113707,632245
113712,632271
113713,632273
113720,632283
113846,632733
113856,632785
114092,633612
114500,635724
114502,635740
114505,635756
114938,637720
114939,637721
115763,641026
115926,641705
115934,641720
115942,641747
115975,641791
116397,643277
116432,643316
116436,643357
116456,643381
116471,643502
116473,643514
116482,643634
116498,643661
116640,644190
116644,644240
116679,644427
116744,644772
116761,644978
116819,645312
116865,645421
117042,646205
117243,647248
117453,648320
117618,649104
117975,650118
117977,650120
118048,650485
118071,650520
118072,650542
118119,650950
118120,650951
118187,651255
118199,651290
118493,652207
118551,652525
118587,652594
118752,653254
118861,653976
119577,655767
119759,656362
119855,656811
120174,657830
120269,658111
120319,658275
120450,658567
120451,658619
120814,660020
120851,660274
120984,660765
121263,661716
121444,662465
121509,662679
121549,662833
121932,663918
122009,664316
122014,664334
122016,664334
122017,664334
122018,664340
122020,664340
122021,664340
122078,664667
122079,664671
122083,664676
122121,664884
122123,664884
122125,664890
122127,664890
122128,664890
122312,665728
122313,665729
122390,666154
122478,666436
122494,666436
122495,666436
122501,666471
122503,666471
122504,666471
122582,666853
122614,667024
122721,667483
122755,667707
122785,667794
122928,668408
123065,668719
123115,668913
123419,670308
123442,670400
123451,670417
123613,670721
123652,671013
123978,672185
123980,672185
123981,672185
125035,675619
125379,676896
125457,677309
125459,677320
125769,678508
125842,678839
125843,678845
125858,678881
126619,681356
131853,681585
126767,682285
126868,682568
127093,683316
127094,683323
127096,683325
127173,683519
127338,683814
127340,683835
127495,684302
127737,684996
127738,684996
127739,684998
127740,684998
127964,685671
127965,685671
128078,686026
128125,686312
128360,686993
128385,687158
128490,687654
128491,687658
128493,687665
128505,687726
129556,691755
129558,691755
129559,691755
129886,693359
130874,696248
130877,696286
131262,697686
131268,697721
132207,699668
132361,700832
132460,701420
132640,702424
132720,702618
132989,703193
133020,703367
133028,703395
133285,704472
133767,706780
133831,707038
133837,707052
133838,707060
134114,707686
134331,708258
134619,708964
134801,710211
134956,710792
135352,710906
135367,711074
135368,711084
135386,711113
135474,711337
135490,711438
135506,711471
135628,711678
136015,712817
136047,712966
136374,713962
136424,714173
136458,714255
136699,715347
136712,715392
136723,715474
136724,715489
136727,715498
136902,715775
136921,716167
136926,716210
136976,716650
136984,716667
137021,716702
137164,717417
137280,717852
137284,717901
137713,719147
137561,719192
137562,719195
137631,719462
137712,719853
137718,719859
137752,719940
138021,720619
138049,720818
138189,720977
138267,721318
138334,721551
138336,721552
138337,721553
138340,721567
138342,721571
138343,721572
138375,721627
138379,721695
138425,721911
138450,721930
138449,722052
138568,722305
138683,722862
138967,723968
138987,724105
139099,724388
139117,724412
139279,724812
139562,725921
139563,725921
139748,726617
139922,726617
139966,726999
139967,726999
139968,726999
139969,726999
140079,727587
140085,727653
140241,728119
140246,728129
141123,729615
141124,729622
141125,729645
141529,731622
142472,734421
142644,735184
142651,735258
142728,735496
142721,735507
142863,736064
142999,736734
143191,737749
143194,737781
143197,737793
143208,737871
143209,737871
143210,737871
143211,737871
143219,737943
143321,738467
143350,738620
143622,739507
143648,739617
143977,740535
144028,740683
144054,740830
144061,740865
144106,740927
144107,740930
144170,741278
144211,741376
144356,741980
144366,742034
144367,742040
144395,742222
145048,744638
145223,745022
145271,745164
145506,746145
145555,746378
145556,746378
145637,746567
146080,747478
146082,747481
146134,747533
146606,748785
147527,751061
147710,751698
147824,752253
147825,752253
147827,752255
148535,754372
148883,755094
148884,755096
149275,757205
149325,757600
149328,757604
149364,757859
149458,758294
150019,760167
150139,760564
150419,761490
150509,761816
150796,762485
150855,762728
150857,762820
150945,763177
151028,763261
151903,765927
151915,765995
151987,766361
152143,766929
152151,766965
152182,767090
152415,767955
152416,767955
152420,767960
152421,767960
152702,768914
152829,769355
152831,769359
152871,769447
152872,769449
153147,770595
153254,771056
153869,773101
153873,773126
153881,773136
154106,773683
154450,774874
154452,774886
154632,775998
154633,775998
154635,776032
154636,776032
154638,776075
154647,776130
154651,776212
154652,776212
154696,776418
154721,776466
154884,777118
154905,777219
155012,777623
155015,777639
155133,777968
155215,778128
155271,778294
155272,778296
155898,780470
155914,780518
156298,782099
156313,782212
156324,782264
156453,782442
156485,782546
156493,782592
156554,782719
156588,782830
156678,783169
156693,783230
156749,783466
156813,783737
156880,783737
156881,783737
156899,783970
156905,783970
156906,783970
157198,784481
157213,784680
157214,784683
157299,785002
157372,785363
157476,785942
157482,785942
157542,786146
157565,786159
158102,787995
158418,788608
158464,788709
158466,788713
158469,788727
158496,788821
158590,789079
158668,789172
158695,789275
158718,789426
159640,792136
159658,792233
159762,792393
159763,792393
160050,793320
160110,793582
160111,793586
160112,793586
160222,793933
160488,795200
161238,797423
161456,797884
161515,798152
161555,798328
161571,798501
161588,798645
161700,798975
161713,799187
161714,799189
161770,799469
161944,800054
162274,801274
162279,801317
162288,801337
162306,801438
162312,801451
162366,801648
162368,801709
162413,801891
162508,802273
162520,802308
162544,802460
162574,802578
162873,803312
162962,803568
162964,803575
162981,803659
163003,803721
163004,803721
163105,804000
163206,804358
163309,804621
163310,804624
163411,804872
163547,805400
163958,806731
164041,807231
164043,807246
164110,807509
164168,807717
164186,807762
164214,807875
164218,807885
164262,808156
164272,808184
164349,808298
164456,808769
164560,809120
164847,809450
165099,810233
165296,810903
165688,812377
165776,812777
165905,813032
165906,813032
165921,813105
165922,813105
165924,813120
165925,813120
166851,816268
167027,816984
167128,817236
167153,817348
168224,820672
168265,820970
168281,820999
168286,821052
168734,822772
168736,822782
168754,822886
168767,822943
169452,825031
169479,825146
169505,825233
169847,826539
169946,826977
170012,827160
170193,827959
170249,828200
170251,828208
170252,828214
171361,831500
171798,833315
171828,833595
171852,833679
172606,837418
172919,838160
172995,838389
173002,838445
173320,839283
173345,839481
173354,839504
173588,840186
173613,840281
173884,841364
175857,849044
175867,849145
175937,849474
176032,849598
176087,850119
177859,854838
178293,856064
178294,856064
178297,856129
178656,857617
178819,858184
179009,858529
179090,859177
179466,860219
179898,861534
179900,861537
179902,861539
179903,861540
179917,861602
179925,861602
180003,862089
180065,862291
180610,863586
180660,863761
180661,863761
180662,863761
180665,863767
180666,863767
180667,863767
180678,863778
180679,863778
180680,863778
180685,863785
180686,863785
180687,863785
180700,863906
180705,863927
180925,864614
181472,866084
181473,866084
181503,866194
181781,866740
181782,866740
182016,867467
182019,867562
182547,868150
182997,869980
183007,870014
183323,871304
184360,873258
184361,873258
184445,873393
186070,877775
186798,880352
186876,880465
186877,880465
186818,880467
186908,880830
186909,880830
199209,883388
190177,883396
188355,885759
188356,885759
188474,886104
188571,886542
189000,887931
189177,888436
189407,889697
189408,889697
189409,889697
189496,890087
189740,891025
189746,891053
189780,891210
190137,892663
190142,892720
190156,892787
190573,893290
190399,893427
191214,895038
191654,896599
191857,897622
191858,897622
191859,897622
191942,897876
191966,898009
192023,898306
192133,898663
192219,899143
192407,899439
192408,899439
192616,900056
192921,901107
192922,901107
193236,902013
193397,902799
193398,902799
193516,903301
194219,904078
194259,904453
194685,905748
195078,906356
195244,906989
195257,907071
195605,907826
195847,908704
195882,908818
195883,908818
195984,909296
195985,909296
196029,909445
196030,909445
196195,909690
196228,909754
196619,911626
196742,912181
196743,912181
196891,912564
196892,912564
196893,912564
196894,912564
196895,912564
197340,913005
196960,913007
197256,913376
197423,914135
197606,915242
197941,916559
198211,917333
198802,919444
199208,921153
199210,921217
199920,923822
200522,925935
200525,925937
200634,926470
200784,927206
201349,928762
201370,928810
201517,929230
201564,929496
201754,930148
201915,930611
202111,931270
202112,931270
202113,931270
202145,931270
202470,932978
202719,933579
202713,933693
202816,934048
202817,934048
202949,934659
202955,934769
203382,935339
203587,935687
203600,935764
203848,936260
203929,936490
203992,936689
204025,936982
204428,938498
204448,938865
204617,939395
204723,939977
204930,940532
204902,940696
204922,940739
205075,941651
205101,941750
208076,951039
209827,957001
210462,958164
211679,961075
211681,961122
212021,962387
212022,962390
212105,962860
213396,966793
214925,970127
214956,970236
214960,970268
215585,971617
215588,971704
215596,971723
215639,971858
215653,971928
215673,972020
216728,975589
216804,976219
217003,976790
217778,978230
221662,991239
223027,993659
223143,994057
223495,994821
223500,994875
224121,996351
224122,996351
224133,996563
224134,996563
224218,996812
224314,996868
224315,996868
224685,997915
225611,1001501
225908,1002836
226210,1004053
226326,1004554
226327,1004554
226388,1004752
226393,1004860
226401,1004902
226404,1004934
226405,1004937
226528,1005403
227471,1009190
227886,1010410
227891,1010429
227895,1010471
228917,1013927
229370,1015513
229371,1015513
231775,1024575
232847,1026980
234520,1031279
235446,1034669