-- MySQL dump 10.13  Distrib 5.5.12, for osx10.6 (i386)
--
-- Host: localhost    Database: whitehall_test
-- ------------------------------------------------------
-- Server version	5.5.12

/*!40101 SET @OLD_CHARACTER_SET_CLIENT=@@CHARACTER_SET_CLIENT */;
/*!40101 SET @OLD_CHARACTER_SET_RESULTS=@@CHARACTER_SET_RESULTS */;
/*!40101 SET @OLD_COLLATION_CONNECTION=@@COLLATION_CONNECTION */;
/*!40101 SET NAMES utf8 */;
/*!40103 SET @OLD_TIME_ZONE=@@TIME_ZONE */;
/*!40103 SET TIME_ZONE='+00:00' */;
/*!40014 SET @OLD_UNIQUE_CHECKS=@@UNIQUE_CHECKS, UNIQUE_CHECKS=0 */;
/*!40014 SET @OLD_FOREIGN_KEY_CHECKS=@@FOREIGN_KEY_CHECKS, FOREIGN_KEY_CHECKS=0 */;
/*!40101 SET @OLD_SQL_MODE=@@SQL_MODE, SQL_MODE='NO_AUTO_VALUE_ON_ZERO' */;
/*!40111 SET @OLD_SQL_NOTES=@@SQL_NOTES, SQL_NOTES=0 */;

--
-- Dumping data for table `documents`
--

LOCK TABLES `documents` WRITE;
/*!40000 ALTER TABLE `documents` DISABLE KEYS */;
INSERT INTO `documents` (`id`, `created_at`, `updated_at`, `slug`, `document_type`) VALUES (42828,'2012-12-11 13:20:33','2012-12-11 13:20:33','afghanistan-progress-reports','Publication');
/*!40000 ALTER TABLE `documents` ENABLE KEYS */;
UNLOCK TABLES;

--
-- Dumping data for table `editions`
--

LOCK TABLES `editions` WRITE;
/*!40000 ALTER TABLE `editions` DISABLE KEYS */;
INSERT INTO `editions` (`id`, `created_at`, `updated_at`, `lock_version`, `document_id`, `state`, `type`, `role_appointment_id`, `location`, `delivered_on`, `opening_on`, `closing_on`, `major_change_published_at`, `first_published_at`, `speech_type_id`, `stub`, `change_note`, `force_published`, `minor_change`, `publication_type_id`, `related_mainstream_content_url`, `related_mainstream_content_title`, `additional_related_mainstream_content_url`, `additional_related_mainstream_content_title`, `alternative_format_provider_id`, `published_related_publication_count`, `public_timestamp`, `primary_mainstream_category_id`, `scheduled_publication`, `replaces_businesslink`, `access_limited`, `published_major_version`, `published_minor_version`, `operational_field_id`, `roll_call_introduction`, `news_article_type_id`, `relevant_to_local_government`, `person_override`, `locale`, `external`, `external_url`) VALUES (50036,'2012-12-11 13:20:33','2012-12-12 13:20:20',2,42828,'archived','Publication',NULL,NULL,NULL,NULL,NULL,'2012-12-11 16:24:34','2012-09-30 00:00:00',NULL,0,NULL,1,0,7,NULL,NULL,NULL,NULL,13,0,'2012-09-30 00:00:00',NULL,NULL,0,0,1,0,NULL,NULL,NULL,0,NULL,'en',0,NULL),(54831,'2012-12-12 11:42:37','2012-12-28 17:30:09',7,42828,'archived','Publication',NULL,NULL,NULL,NULL,NULL,'2012-12-12 13:20:20','2012-12-12 00:00:00',NULL,0,'Updated with October 2012 Progress Report.',0,0,7,NULL,NULL,NULL,NULL,13,0,'2012-12-12 00:00:00',NULL,NULL,0,0,2,0,NULL,NULL,NULL,0,NULL,'en',0,NULL),(55791,'2012-12-13 09:02:04','2013-01-23 17:54:28',13,42828,'archived','Publication',NULL,NULL,NULL,NULL,NULL,'2012-12-28 17:30:09','2012-12-12 00:00:00',NULL,0,'Added Afghanistan: Progress Report - October 2012',0,0,7,NULL,NULL,NULL,NULL,13,0,'2012-12-28 17:30:09',NULL,NULL,0,0,3,0,NULL,NULL,NULL,0,NULL,'en',0,NULL),(79226,'2013-01-23 17:48:04','2013-03-01 17:09:55',17,42828,'archived','Publication',NULL,NULL,NULL,NULL,NULL,'2013-01-23 17:54:27','2013-01-23 00:00:00',NULL,0,'Added Nov Dec progress report',1,0,7,NULL,NULL,NULL,NULL,13,0,'2013-01-23 17:54:27',NULL,NULL,0,0,4,0,NULL,NULL,NULL,0,NULL,'en',0,NULL),(79227,'2013-01-23 17:57:01','2013-03-25 11:12:28',19,42828,'archived','Publication',NULL,NULL,NULL,NULL,NULL,'2013-01-23 17:54:27','2013-01-23 00:00:00',NULL,0,'',1,1,7,NULL,NULL,NULL,NULL,13,0,'2013-01-23 17:54:27',NULL,NULL,0,0,4,1,NULL,NULL,NULL,0,NULL,'en',0,NULL),(161387,'2013-03-25 11:10:17','2013-03-28 13:39:50',21,42828,'archived','Publication',NULL,NULL,NULL,NULL,NULL,'2013-03-25 11:12:27','2013-01-23 00:00:00',NULL,0,'Updated with February 2013 report.',1,0,7,NULL,NULL,NULL,NULL,13,0,'2013-03-25 11:12:27',NULL,NULL,0,0,5,0,NULL,NULL,NULL,0,NULL,'en',0,NULL),(170859,'2013-03-28 13:37:35','2013-04-23 12:04:52',23,42828,'archived','Publication',NULL,NULL,NULL,NULL,NULL,'2013-03-25 11:12:27','2013-01-23 00:00:00',NULL,0,'',1,1,7,NULL,NULL,NULL,NULL,13,0,'2013-03-25 11:12:27',NULL,NULL,0,0,5,1,NULL,NULL,NULL,0,NULL,'en',0,NULL),(188855,'2013-04-23 11:58:37','2013-04-23 12:31:44',25,42828,'archived','Publication',NULL,NULL,NULL,NULL,NULL,'2013-03-25 11:12:27','2013-01-23 00:00:00',NULL,0,'',1,1,7,NULL,NULL,NULL,NULL,13,0,'2013-03-25 11:12:27',NULL,NULL,0,0,5,2,NULL,NULL,NULL,0,NULL,'en',0,NULL),(188874,'2013-04-23 12:31:05','2013-04-23 12:37:58',27,42828,'archived','Publication',NULL,NULL,NULL,NULL,NULL,'2013-03-25 11:12:27','2013-01-23 00:00:00',NULL,0,'',1,1,7,NULL,NULL,NULL,NULL,13,0,'2013-03-25 11:12:27',NULL,NULL,0,0,5,3,NULL,NULL,NULL,0,NULL,'en',0,NULL),(188881,'2013-04-23 12:37:14','2013-04-24 10:03:53',29,42828,'archived','Publication',NULL,NULL,NULL,NULL,NULL,'2013-03-25 11:12:27','2013-01-23 00:00:00',NULL,0,'',1,1,7,NULL,NULL,NULL,NULL,13,0,'2013-03-25 11:12:27',NULL,NULL,0,0,5,4,NULL,NULL,NULL,0,NULL,'en',0,NULL),(189180,'2013-04-24 10:02:22','2013-07-24 09:45:14',31,42828,'archived','Publication',NULL,NULL,NULL,NULL,NULL,'2013-03-25 11:12:27','2013-01-23 00:00:00',NULL,0,'',1,1,7,NULL,NULL,NULL,NULL,13,0,'2013-03-25 11:12:27',NULL,NULL,0,0,5,5,NULL,NULL,NULL,0,NULL,'en',0,NULL),(220944,'2013-07-24 09:42:25','2013-07-24 09:58:47',33,42828,'archived','Publication',NULL,NULL,NULL,NULL,NULL,'2013-03-25 11:12:27','2013-01-23 00:00:00',NULL,0,'',1,1,7,NULL,NULL,NULL,NULL,13,0,'2013-03-25 11:12:27',NULL,NULL,0,0,5,6,NULL,NULL,NULL,0,NULL,'en',0,NULL),(220949,'2013-07-24 09:45:50','2013-07-24 09:58:46',36,42828,'published','Publication',NULL,NULL,NULL,NULL,NULL,'2013-03-25 11:12:27','2013-01-23 00:00:00',NULL,0,'',1,1,7,NULL,NULL,NULL,NULL,13,0,'2013-03-25 11:12:27',NULL,NULL,0,0,5,7,NULL,NULL,NULL,0,NULL,'en',0,NULL);
/*!40000 ALTER TABLE `editions` ENABLE KEYS */;
UNLOCK TABLES;

--
-- Dumping data for table `edition_translations`
--

LOCK TABLES `edition_translations` WRITE;
/*!40000 ALTER TABLE `edition_translations` DISABLE KEYS */;
INSERT INTO `edition_translations` (`id`, `edition_id`, `locale`, `title`, `summary`, `body`, `created_at`, `updated_at`) VALUES (26246,50036,'en','Afghanistan: Progress reports','The Foreign Secretary\'s monthly updates to Parliament on developments in Afghanistan.','The Foreign Secretary updates Parliament with a progress report every \r\nmonth as part of his commitment to keep Parliament regularly informed on\r\n developments in Afghanistan.','2013-02-14 15:29:50','2012-12-12 13:20:20'),(27595,54831,'en','Afghanistan: Progress reports','The Foreign Secretary\'s monthly updates to Parliament on developments in Afghanistan.','The Foreign Secretary updates Parliament with a progress report every month as part of his commitment to keep Parliament regularly informed on developments in Afghanistan.','2013-02-14 15:29:50','2012-12-28 17:30:09'),(28555,55791,'en','Afghanistan: Progress reports','The Foreign Secretary\'s monthly updates to Parliament on developments in Afghanistan.','The Foreign Secretary updates Parliament with a progress report every month as part of his commitment to keep Parliament regularly informed on developments in Afghanistan.','2013-02-14 15:29:50','2013-01-23 17:54:28'),(39173,79226,'en','Afghanistan: Progress reports','The Foreign Secretary\'s monthly updates to Parliament on developments in Afghanistan.','The Foreign Secretary updates Parliament with a progress report every month as part of his commitment to keep Parliament regularly informed on developments in Afghanistan.','2013-02-14 15:29:50','2013-01-23 17:54:27'),(39174,79227,'en','Afghanistan: Progress reports','The Foreign Secretary\'s monthly updates to Parliament on developments in Afghanistan.','The Foreign Secretary updates Parliament with a progress report every month as part of his commitment to keep Parliament regularly informed on developments in Afghanistan.','2013-02-14 15:29:50','2013-01-23 17:57:01'),(133050,161387,'en','Afghanistan: Progress reports','The Foreign Secretary\'s monthly updates to Parliament on developments in Afghanistan.','The Foreign Secretary updates Parliament with a progress report every month as part of his commitment to keep Parliament regularly informed on developments in Afghanistan.','2013-03-25 11:10:18','2013-03-25 11:10:18'),(142651,170859,'en','Afghanistan: Progress reports','The Foreign Secretary\'s monthly updates to Parliament on developments in Afghanistan.','The Foreign Secretary updates Parliament with a progress report every month as part of his commitment to keep Parliament regularly informed on developments in Afghanistan.','2013-03-28 13:37:35','2013-03-28 13:37:35'),(161577,188855,'en','Afghanistan: Progress reports','The Foreign Secretary\'s monthly updates to Parliament on developments in Afghanistan.','The Foreign Secretary updates Parliament with a progress report every month as part of his commitment to keep Parliament regularly informed on developments in Afghanistan.','2013-04-23 11:58:37','2013-04-23 11:58:37'),(161597,188874,'en','Afghanistan: Progress reports','The Foreign Secretary\'s monthly updates to Parliament on developments in Afghanistan.','The Foreign Secretary updates Parliament with a progress report every month as part of his commitment to keep Parliament regularly informed on developments in Afghanistan.','2013-04-23 12:31:05','2013-04-23 12:31:05'),(161604,188881,'en','Afghanistan: Progress reports','The Foreign Secretary\'s monthly updates to Parliament on developments in Afghanistan.','The Foreign Secretary updates Parliament with a progress report every month as part of his commitment to keep Parliament regularly informed on developments in Afghanistan.','2013-04-23 12:37:14','2013-04-23 12:37:14'),(161936,189180,'en','Afghanistan: Progress reports','The Foreign Secretary\'s monthly updates to Parliament on developments in Afghanistan.','The Foreign Secretary updates Parliament with a progress report every month as part of his commitment to keep Parliament regularly informed on developments in Afghanistan.','2013-04-24 10:02:22','2013-04-24 10:02:22'),(195268,220944,'en','Afghanistan: Progress reports','The Foreign Secretary\'s monthly updates to Parliament on developments in Afghanistan.','The Foreign Secretary updates Parliament with a progress report every month as part of his commitment to keep Parliament regularly informed on developments in Afghanistan.','2013-07-24 09:42:25','2013-07-24 09:42:25'),(195273,220949,'en','Afghanistan: Progress reports','The Foreign Secretary\'s monthly updates to Parliament on developments in Afghanistan.','The Foreign Secretary updates Parliament with a progress report every month as part of his commitment to keep Parliament regularly informed on developments in Afghanistan.','2013-07-24 09:45:50','2013-07-24 09:45:50');
/*!40000 ALTER TABLE `edition_translations` ENABLE KEYS */;
UNLOCK TABLES;

--
-- Dumping data for table `attachments`
--

LOCK TABLES `attachments` WRITE;
/*!40000 ALTER TABLE `attachments` DISABLE KEYS */;
INSERT INTO `attachments` (`id`, `created_at`, `updated_at`, `title`, `accessible`, `isbn`, `unique_reference`, `command_paper_number`, `order_url`, `price_in_pence`, `attachment_data_id`, `ordering`, `hoc_paper_number`, `parliamentary_session`, `unnumbered_command_paper`, `unnumbered_hoc_paper`, `attachable_id`, `attachable_type`) VALUES (48591,'2012-12-11 13:20:33','2012-12-11 13:20:33','Afghanistan: Progress Report - September 2012',NULL,NULL,NULL,NULL,NULL,NULL,35409,0,NULL,NULL,NULL,NULL,50036,'Edition'),(48592,'2012-12-11 13:20:33','2012-12-11 13:20:33','Afghanistan: Progress Report - July & August 2012',NULL,NULL,NULL,NULL,NULL,NULL,35410,1,NULL,NULL,NULL,NULL,50036,'Edition'),(48593,'2012-12-11 13:20:33','2012-12-11 13:20:33','Afghanistan: Progress Report - June 2012',NULL,NULL,NULL,NULL,NULL,NULL,35411,2,NULL,NULL,NULL,NULL,50036,'Edition'),(48594,'2012-12-11 13:20:33','2012-12-11 13:20:33','Afghanistan: Progress Report - May 2012',NULL,NULL,NULL,NULL,NULL,NULL,35412,3,NULL,NULL,NULL,NULL,50036,'Edition'),(48595,'2012-12-11 13:20:34','2012-12-11 13:20:34','Afghanistan: Progress Report - April 2012',NULL,NULL,NULL,NULL,NULL,NULL,35413,4,NULL,NULL,NULL,NULL,50036,'Edition'),(48596,'2012-12-11 13:20:34','2012-12-11 13:20:34','Afghanistan: Progress Report - March 2012',NULL,NULL,NULL,NULL,NULL,NULL,35414,5,NULL,NULL,NULL,NULL,50036,'Edition'),(48597,'2012-12-11 13:20:34','2012-12-11 13:20:34','Afghanistan: Progress Report - February 2012',NULL,NULL,NULL,NULL,NULL,NULL,35415,6,NULL,NULL,NULL,NULL,50036,'Edition'),(48598,'2012-12-11 13:20:34','2012-12-11 13:20:34','Afghanistan: Progress Report - January 2012',NULL,NULL,NULL,NULL,NULL,NULL,35416,7,NULL,NULL,NULL,NULL,50036,'Edition'),(48599,'2012-12-11 13:20:34','2012-12-11 13:20:34','Afghanistan: Progress Report - December 2011',NULL,NULL,NULL,NULL,NULL,NULL,35417,8,NULL,NULL,NULL,NULL,50036,'Edition'),(48600,'2012-12-11 13:20:35','2012-12-11 13:20:35','Afghanistan: Progress Report - November 2011',NULL,NULL,NULL,NULL,NULL,NULL,35418,9,NULL,NULL,NULL,NULL,50036,'Edition'),(48601,'2012-12-11 13:20:35','2012-12-11 13:20:35','Afghanistan: Progress Report - October 2011',NULL,NULL,NULL,NULL,NULL,NULL,35419,10,NULL,NULL,NULL,NULL,50036,'Edition'),(48602,'2012-12-11 13:20:35','2012-12-11 13:20:35','Afghanistan: Progress Report - September 2011',NULL,NULL,NULL,NULL,NULL,NULL,35420,11,NULL,NULL,NULL,NULL,50036,'Edition'),(48603,'2012-12-11 13:20:35','2012-12-11 13:20:35','Afghanistan: Progress Report - July & August 2011',NULL,NULL,NULL,NULL,NULL,NULL,35421,12,NULL,NULL,NULL,NULL,50036,'Edition'),(48604,'2012-12-11 13:20:36','2012-12-11 13:20:36','Afghanistan: Progress Report - June 2011',NULL,NULL,NULL,NULL,NULL,NULL,35422,13,NULL,NULL,NULL,NULL,50036,'Edition'),(48605,'2012-12-11 13:20:36','2012-12-11 13:20:36','Afghanistan: Progress Report - May 2011',NULL,NULL,NULL,NULL,NULL,NULL,35423,14,NULL,NULL,NULL,NULL,50036,'Edition'),(48606,'2012-12-11 13:20:36','2012-12-11 13:20:36','Afghanistan: Progress Report - April 2011',NULL,NULL,NULL,NULL,NULL,NULL,35424,15,NULL,NULL,NULL,NULL,50036,'Edition'),(48607,'2012-12-11 13:20:36','2012-12-11 13:20:36','Afghanistan: Progress Report - March 2011',NULL,NULL,NULL,NULL,NULL,NULL,35425,16,NULL,NULL,NULL,NULL,50036,'Edition'),(48608,'2012-12-11 13:20:36','2012-12-11 13:20:36','Afghanistan: Progress Report - February 2011',NULL,NULL,NULL,NULL,NULL,NULL,35426,17,NULL,NULL,NULL,NULL,50036,'Edition'),(48609,'2012-12-11 13:20:37','2012-12-11 13:20:37','Afghanistan: Progress Report - January 2011',NULL,NULL,NULL,NULL,NULL,NULL,35427,18,NULL,NULL,NULL,NULL,50036,'Edition'),(48610,'2012-12-11 13:20:37','2012-12-11 13:20:37','Afghanistan: Progress Report - December 2010',NULL,NULL,NULL,NULL,NULL,NULL,35428,19,NULL,NULL,NULL,NULL,50036,'Edition'),(48611,'2012-12-11 13:20:37','2012-12-11 13:20:37','Afghanistan: Progress Report - November 2010',NULL,NULL,NULL,NULL,NULL,NULL,35429,20,NULL,NULL,NULL,NULL,50036,'Edition'),(49360,'2012-12-11 13:20:33','2012-12-12 11:45:59','Afghanistan: Progress Report - September 2012',0,'','','','',NULL,35409,0,NULL,NULL,NULL,NULL,54831,'Edition'),(49361,'2012-12-11 13:20:33','2012-12-12 11:45:59','Afghanistan: Progress Report - July & August 2012',0,'','','','',NULL,35410,1,NULL,NULL,NULL,NULL,54831,'Edition'),(49362,'2012-12-11 13:20:33','2012-12-12 11:45:59','Afghanistan: Progress Report - June 2012',0,'','','','',NULL,35411,2,NULL,NULL,NULL,NULL,54831,'Edition'),(49363,'2012-12-11 13:20:33','2012-12-12 11:45:59','Afghanistan: Progress Report - May 2012',0,'','','','',NULL,35412,3,NULL,NULL,NULL,NULL,54831,'Edition'),(49364,'2012-12-11 13:20:34','2012-12-12 11:45:59','Afghanistan: Progress Report - April 2012',0,'','','','',NULL,35413,4,NULL,NULL,NULL,NULL,54831,'Edition'),(49365,'2012-12-11 13:20:34','2012-12-12 11:45:59','Afghanistan: Progress Report - March 2012',0,'','','','',NULL,35414,5,NULL,NULL,NULL,NULL,54831,'Edition'),(49366,'2012-12-11 13:20:34','2012-12-12 11:45:59','Afghanistan: Progress Report - February 2012',0,'','','','',NULL,35415,6,NULL,NULL,NULL,NULL,54831,'Edition'),(49367,'2012-12-11 13:20:34','2012-12-12 11:45:59','Afghanistan: Progress Report - January 2012',0,'','','','',NULL,35416,7,NULL,NULL,NULL,NULL,54831,'Edition'),(49368,'2012-12-11 13:20:34','2012-12-12 11:45:59','Afghanistan: Progress Report - December 2011',0,'','','','',NULL,35417,8,NULL,NULL,NULL,NULL,54831,'Edition'),(49369,'2012-12-11 13:20:35','2012-12-12 11:45:59','Afghanistan: Progress Report - November 2011',0,'','','','',NULL,35418,9,NULL,NULL,NULL,NULL,54831,'Edition'),(49370,'2012-12-11 13:20:35','2012-12-12 11:45:59','Afghanistan: Progress Report - October 2011',0,'','','','',NULL,35419,10,NULL,NULL,NULL,NULL,54831,'Edition'),(49371,'2012-12-11 13:20:35','2012-12-12 11:45:59','Afghanistan: Progress Report - September 2011',0,'','','','',NULL,35420,11,NULL,NULL,NULL,NULL,54831,'Edition'),(49372,'2012-12-11 13:20:35','2012-12-12 11:45:59','Afghanistan: Progress Report - July & August 2011',0,'','','','',NULL,35421,12,NULL,NULL,NULL,NULL,54831,'Edition'),(49373,'2012-12-11 13:20:36','2012-12-12 11:45:59','Afghanistan: Progress Report - June 2011',0,'','','','',NULL,35422,13,NULL,NULL,NULL,NULL,54831,'Edition'),(49374,'2012-12-11 13:20:36','2012-12-12 11:45:59','Afghanistan: Progress Report - May 2011',0,'','','','',NULL,35423,14,NULL,NULL,NULL,NULL,54831,'Edition'),(49375,'2012-12-11 13:20:36','2012-12-12 11:45:59','Afghanistan: Progress Report - April 2011',0,'','','','',NULL,35424,15,NULL,NULL,NULL,NULL,54831,'Edition'),(49376,'2012-12-11 13:20:36','2012-12-12 11:45:59','Afghanistan: Progress Report - March 2011',0,'','','','',NULL,35425,16,NULL,NULL,NULL,NULL,54831,'Edition'),(49377,'2012-12-11 13:20:36','2012-12-12 11:45:59','Afghanistan: Progress Report - February 2011',0,'','','','',NULL,35426,17,NULL,NULL,NULL,NULL,54831,'Edition'),(49378,'2012-12-11 13:20:37','2012-12-12 11:45:59','Afghanistan: Progress Report - January 2011',0,'','','','',NULL,35427,18,NULL,NULL,NULL,NULL,54831,'Edition'),(49379,'2012-12-11 13:20:37','2012-12-12 11:45:59','Afghanistan: Progress Report - December 2010',0,'','','','',NULL,35428,19,NULL,NULL,NULL,NULL,54831,'Edition'),(49380,'2012-12-11 13:20:37','2012-12-12 11:45:59','Afghanistan: Progress Report - November 2010',0,'','','','',NULL,35429,20,NULL,NULL,NULL,NULL,54831,'Edition'),(49410,'2012-12-12 11:45:59','2012-12-12 11:45:59','Afghanistan: Progress Report - October 2012',0,'','','','',NULL,35973,21,NULL,NULL,NULL,NULL,54831,'Edition'),(61423,'2012-12-24 06:45:43','2012-12-24 06:45:43','Afghanistan: Progress Report - October 2012',0,'','','','',NULL,43368,0,NULL,NULL,NULL,NULL,55791,'Edition'),(61424,'2012-12-24 06:49:48','2012-12-24 06:49:48','Afghanistan: Progress Report - September 2012',0,'','','','',NULL,43369,1,NULL,NULL,NULL,NULL,55791,'Edition'),(61425,'2012-12-24 06:49:48','2012-12-24 06:56:14','Afghanistan: Progress Report - July to August 2012',0,'','','','',NULL,43370,2,NULL,NULL,NULL,NULL,55791,'Edition'),(61426,'2012-12-24 06:49:49','2012-12-24 06:56:14','Afghanistan: Progress Report - June 2012',0,'','','','',NULL,43371,3,NULL,NULL,NULL,NULL,55791,'Edition'),(61427,'2012-12-24 06:49:49','2012-12-24 06:56:14','Afghanistan: Progress Report - May 2012',0,'','','','',NULL,43372,4,NULL,NULL,NULL,NULL,55791,'Edition'),(61428,'2012-12-24 06:49:49','2012-12-24 06:56:14','Afghanistan: Progress Report - April 2012',0,'','','','',NULL,43373,5,NULL,NULL,NULL,NULL,55791,'Edition'),(61429,'2012-12-24 06:49:49','2012-12-24 06:56:14','Afghanistan: Progress Report - March 2012',0,'','','','',NULL,43374,6,NULL,NULL,NULL,NULL,55791,'Edition'),(61430,'2012-12-24 06:49:49','2012-12-24 06:56:14','Afghanistan: Progress Report - February 2012',0,'','','','',NULL,43375,7,NULL,NULL,NULL,NULL,55791,'Edition'),(61431,'2012-12-24 06:49:51','2012-12-24 06:56:14','Afghanistan: Progress Report - January 2012',0,'','','','',NULL,43376,8,NULL,NULL,NULL,NULL,55791,'Edition'),(61432,'2012-12-24 06:56:14','2012-12-24 06:56:14','Afghanistan: Progress Report - December 2011',0,'','','','',NULL,43377,9,NULL,NULL,NULL,NULL,55791,'Edition'),(61433,'2012-12-24 06:56:14','2012-12-24 06:58:44','Afghanistan: Progress Report - November 2011',0,'','','','',NULL,43378,10,NULL,NULL,NULL,NULL,55791,'Edition'),(61434,'2012-12-24 06:56:15','2012-12-24 06:58:44','Afghanistan: Progress Report - October 2011',0,'','','','',NULL,43379,11,NULL,NULL,NULL,NULL,55791,'Edition'),(61435,'2012-12-24 06:56:15','2012-12-24 06:58:44','Afghanistan: Progress Report - September 2011',0,'','','','',NULL,43380,12,NULL,NULL,NULL,NULL,55791,'Edition'),(61436,'2012-12-24 06:56:15','2012-12-24 06:58:44','Afghanistan: Progress Report - July to August 2011',0,'','','','',NULL,43381,13,NULL,NULL,NULL,NULL,55791,'Edition'),(61437,'2012-12-24 06:56:15','2012-12-24 06:58:44','Afghanistan: Progress Report - June 2011',0,'','','','',NULL,43382,14,NULL,NULL,NULL,NULL,55791,'Edition'),(61438,'2012-12-24 06:56:16','2012-12-24 06:58:44','Afghanistan: Progress Report - May 2011',0,'','','','',NULL,43383,15,NULL,NULL,NULL,NULL,55791,'Edition'),(61439,'2012-12-24 06:56:16','2012-12-24 06:58:44','Afghanistan: Progress Report - April 2011',0,'','','','',NULL,43384,16,NULL,NULL,NULL,NULL,55791,'Edition'),(61440,'2012-12-24 06:56:16','2012-12-24 06:58:44','Afghanistan: Progress Report - March 2011',0,'','','','',NULL,43385,17,NULL,NULL,NULL,NULL,55791,'Edition'),(61441,'2012-12-24 06:56:16','2012-12-24 06:58:44','Afghanistan: Progress Report - February 2011',0,'','','','',NULL,43386,18,NULL,NULL,NULL,NULL,55791,'Edition'),(61442,'2012-12-24 06:56:16','2012-12-24 06:58:44','Afghanistan: Progress Report - January 2011',0,'','','','',NULL,43387,19,NULL,NULL,NULL,NULL,55791,'Edition'),(61443,'2012-12-24 06:56:17','2012-12-24 06:58:44','Afghanistan: Progress Report - December 2010',0,'','','','',NULL,43388,20,NULL,NULL,NULL,NULL,55791,'Edition'),(61444,'2012-12-24 06:56:17','2012-12-24 06:58:44','Afghanistan: Progress Report - November 2010',0,'','','','',NULL,43389,21,NULL,NULL,NULL,NULL,55791,'Edition'),(94194,'2012-12-24 06:45:43','2012-12-24 06:45:43','Afghanistan: Progress Report - October 2012',0,'','','','',NULL,43368,0,NULL,NULL,NULL,NULL,79226,'Edition'),(94195,'2012-12-24 06:49:48','2012-12-24 06:49:48','Afghanistan: Progress Report - September 2012',0,'','','','',NULL,43369,1,NULL,NULL,NULL,NULL,79226,'Edition'),(94196,'2012-12-24 06:49:48','2012-12-24 06:56:14','Afghanistan: Progress Report - July to August 2012',0,'','','','',NULL,43370,2,NULL,NULL,NULL,NULL,79226,'Edition'),(94197,'2012-12-24 06:49:49','2012-12-24 06:56:14','Afghanistan: Progress Report - June 2012',0,'','','','',NULL,43371,3,NULL,NULL,NULL,NULL,79226,'Edition'),(94198,'2012-12-24 06:49:49','2012-12-24 06:56:14','Afghanistan: Progress Report - May 2012',0,'','','','',NULL,43372,4,NULL,NULL,NULL,NULL,79226,'Edition'),(94199,'2012-12-24 06:49:49','2012-12-24 06:56:14','Afghanistan: Progress Report - April 2012',0,'','','','',NULL,43373,5,NULL,NULL,NULL,NULL,79226,'Edition'),(94200,'2012-12-24 06:49:49','2012-12-24 06:56:14','Afghanistan: Progress Report - March 2012',0,'','','','',NULL,43374,6,NULL,NULL,NULL,NULL,79226,'Edition'),(94201,'2012-12-24 06:49:49','2012-12-24 06:56:14','Afghanistan: Progress Report - February 2012',0,'','','','',NULL,43375,7,NULL,NULL,NULL,NULL,79226,'Edition'),(94202,'2012-12-24 06:49:51','2012-12-24 06:56:14','Afghanistan: Progress Report - January 2012',0,'','','','',NULL,43376,8,NULL,NULL,NULL,NULL,79226,'Edition'),(94203,'2012-12-24 06:56:14','2012-12-24 06:56:14','Afghanistan: Progress Report - December 2011',0,'','','','',NULL,43377,9,NULL,NULL,NULL,NULL,79226,'Edition'),(94204,'2012-12-24 06:56:14','2012-12-24 06:58:44','Afghanistan: Progress Report - November 2011',0,'','','','',NULL,43378,10,NULL,NULL,NULL,NULL,79226,'Edition'),(94205,'2012-12-24 06:56:15','2012-12-24 06:58:44','Afghanistan: Progress Report - October 2011',0,'','','','',NULL,43379,11,NULL,NULL,NULL,NULL,79226,'Edition'),(94206,'2012-12-24 06:56:15','2012-12-24 06:58:44','Afghanistan: Progress Report - September 2011',0,'','','','',NULL,43380,12,NULL,NULL,NULL,NULL,79226,'Edition'),(94207,'2012-12-24 06:56:15','2012-12-24 06:58:44','Afghanistan: Progress Report - July to August 2011',0,'','','','',NULL,43381,13,NULL,NULL,NULL,NULL,79226,'Edition'),(94208,'2012-12-24 06:56:15','2012-12-24 06:58:44','Afghanistan: Progress Report - June 2011',0,'','','','',NULL,43382,14,NULL,NULL,NULL,NULL,79226,'Edition'),(94209,'2012-12-24 06:56:16','2012-12-24 06:58:44','Afghanistan: Progress Report - May 2011',0,'','','','',NULL,43383,15,NULL,NULL,NULL,NULL,79226,'Edition'),(94210,'2012-12-24 06:56:16','2012-12-24 06:58:44','Afghanistan: Progress Report - April 2011',0,'','','','',NULL,43384,16,NULL,NULL,NULL,NULL,79226,'Edition'),(94211,'2012-12-24 06:56:16','2012-12-24 06:58:44','Afghanistan: Progress Report - March 2011',0,'','','','',NULL,43385,17,NULL,NULL,NULL,NULL,79226,'Edition'),(94212,'2012-12-24 06:56:16','2012-12-24 06:58:44','Afghanistan: Progress Report - February 2011',0,'','','','',NULL,43386,18,NULL,NULL,NULL,NULL,79226,'Edition'),(94213,'2012-12-24 06:56:16','2012-12-24 06:58:44','Afghanistan: Progress Report - January 2011',0,'','','','',NULL,43387,19,NULL,NULL,NULL,NULL,79226,'Edition'),(94214,'2012-12-24 06:56:17','2012-12-24 06:58:44','Afghanistan: Progress Report - December 2010',0,'','','','',NULL,43388,20,NULL,NULL,NULL,NULL,79226,'Edition'),(94215,'2012-12-24 06:56:17','2012-12-24 06:58:44','Afghanistan: Progress Report - November 2010',0,'','','','',NULL,43389,21,NULL,NULL,NULL,NULL,79226,'Edition'),(94218,'2013-01-23 17:49:40','2013-01-23 17:49:40','Afghanistan: Progress Report - November and December 2012',0,'','','','',NULL,68864,22,NULL,NULL,NULL,NULL,79226,'Edition'),(94219,'2012-12-24 06:45:43','2012-12-24 06:45:43','Afghanistan: Progress Report - October 2012',0,'','','','',NULL,43368,0,NULL,NULL,NULL,NULL,79227,'Edition'),(94220,'2012-12-24 06:49:48','2012-12-24 06:49:48','Afghanistan: Progress Report - September 2012',0,'','','','',NULL,43369,1,NULL,NULL,NULL,NULL,79227,'Edition'),(94221,'2012-12-24 06:49:48','2012-12-24 06:56:14','Afghanistan: Progress Report - July to August 2012',0,'','','','',NULL,43370,2,NULL,NULL,NULL,NULL,79227,'Edition'),(94222,'2012-12-24 06:49:49','2012-12-24 06:56:14','Afghanistan: Progress Report - June 2012',0,'','','','',NULL,43371,3,NULL,NULL,NULL,NULL,79227,'Edition'),(94223,'2012-12-24 06:49:49','2012-12-24 06:56:14','Afghanistan: Progress Report - May 2012',0,'','','','',NULL,43372,4,NULL,NULL,NULL,NULL,79227,'Edition'),(94224,'2012-12-24 06:49:49','2012-12-24 06:56:14','Afghanistan: Progress Report - April 2012',0,'','','','',NULL,43373,5,NULL,NULL,NULL,NULL,79227,'Edition'),(94225,'2012-12-24 06:49:49','2012-12-24 06:56:14','Afghanistan: Progress Report - March 2012',0,'','','','',NULL,43374,6,NULL,NULL,NULL,NULL,79227,'Edition'),(94226,'2012-12-24 06:49:49','2012-12-24 06:56:14','Afghanistan: Progress Report - February 2012',0,'','','','',NULL,43375,7,NULL,NULL,NULL,NULL,79227,'Edition'),(94227,'2012-12-24 06:49:51','2012-12-24 06:56:14','Afghanistan: Progress Report - January 2012',0,'','','','',NULL,43376,8,NULL,NULL,NULL,NULL,79227,'Edition'),(94228,'2012-12-24 06:56:14','2012-12-24 06:56:14','Afghanistan: Progress Report - December 2011',0,'','','','',NULL,43377,9,NULL,NULL,NULL,NULL,79227,'Edition'),(94229,'2012-12-24 06:56:14','2012-12-24 06:58:44','Afghanistan: Progress Report - November 2011',0,'','','','',NULL,43378,10,NULL,NULL,NULL,NULL,79227,'Edition'),(94230,'2012-12-24 06:56:15','2012-12-24 06:58:44','Afghanistan: Progress Report - October 2011',0,'','','','',NULL,43379,11,NULL,NULL,NULL,NULL,79227,'Edition'),(94231,'2012-12-24 06:56:15','2012-12-24 06:58:44','Afghanistan: Progress Report - September 2011',0,'','','','',NULL,43380,12,NULL,NULL,NULL,NULL,79227,'Edition'),(94232,'2012-12-24 06:56:15','2012-12-24 06:58:44','Afghanistan: Progress Report - July to August 2011',0,'','','','',NULL,43381,13,NULL,NULL,NULL,NULL,79227,'Edition'),(94233,'2012-12-24 06:56:15','2012-12-24 06:58:44','Afghanistan: Progress Report - June 2011',0,'','','','',NULL,43382,14,NULL,NULL,NULL,NULL,79227,'Edition'),(94234,'2012-12-24 06:56:16','2012-12-24 06:58:44','Afghanistan: Progress Report - May 2011',0,'','','','',NULL,43383,15,NULL,NULL,NULL,NULL,79227,'Edition'),(94235,'2012-12-24 06:56:16','2012-12-24 06:58:44','Afghanistan: Progress Report - April 2011',0,'','','','',NULL,43384,16,NULL,NULL,NULL,NULL,79227,'Edition'),(94236,'2012-12-24 06:56:16','2012-12-24 06:58:44','Afghanistan: Progress Report - March 2011',0,'','','','',NULL,43385,17,NULL,NULL,NULL,NULL,79227,'Edition'),(94237,'2012-12-24 06:56:16','2012-12-24 06:58:44','Afghanistan: Progress Report - February 2011',0,'','','','',NULL,43386,18,NULL,NULL,NULL,NULL,79227,'Edition'),(94238,'2012-12-24 06:56:16','2012-12-24 06:58:44','Afghanistan: Progress Report - January 2011',0,'','','','',NULL,43387,19,NULL,NULL,NULL,NULL,79227,'Edition'),(94239,'2012-12-24 06:56:17','2012-12-24 06:58:44','Afghanistan: Progress Report - December 2010',0,'','','','',NULL,43388,20,NULL,NULL,NULL,NULL,79227,'Edition'),(94240,'2012-12-24 06:56:17','2012-12-24 06:58:44','Afghanistan: Progress Report - November 2010',0,'','','','',NULL,43389,21,NULL,NULL,NULL,NULL,79227,'Edition'),(94241,'2013-01-23 17:49:40','2013-01-23 17:49:40','Afghanistan: Progress Report - November and December 2012',0,'','','','',NULL,68864,22,NULL,NULL,NULL,NULL,79227,'Edition'),(175956,'2013-03-01 17:09:31','2013-03-01 17:09:31','Afghanistan: Progress Report - January 2013',0,'','','','',NULL,136226,23,NULL,NULL,NULL,NULL,79227,'Edition'),(214536,'2012-12-24 06:45:43','2012-12-24 06:45:43','Afghanistan: Progress Report - October 2012',0,'','','','',NULL,43368,0,NULL,NULL,NULL,NULL,161387,'Edition'),(214537,'2012-12-24 06:49:48','2012-12-24 06:49:48','Afghanistan: Progress Report - September 2012',0,'','','','',NULL,43369,1,NULL,NULL,NULL,NULL,161387,'Edition'),(214538,'2012-12-24 06:49:48','2012-12-24 06:56:14','Afghanistan: Progress Report - July to August 2012',0,'','','','',NULL,43370,2,NULL,NULL,NULL,NULL,161387,'Edition'),(214539,'2012-12-24 06:49:49','2012-12-24 06:56:14','Afghanistan: Progress Report - June 2012',0,'','','','',NULL,43371,3,NULL,NULL,NULL,NULL,161387,'Edition'),(214540,'2012-12-24 06:49:49','2012-12-24 06:56:14','Afghanistan: Progress Report - May 2012',0,'','','','',NULL,43372,4,NULL,NULL,NULL,NULL,161387,'Edition'),(214541,'2012-12-24 06:49:49','2012-12-24 06:56:14','Afghanistan: Progress Report - April 2012',0,'','','','',NULL,43373,5,NULL,NULL,NULL,NULL,161387,'Edition'),(214542,'2012-12-24 06:49:49','2012-12-24 06:56:14','Afghanistan: Progress Report - March 2012',0,'','','','',NULL,43374,6,NULL,NULL,NULL,NULL,161387,'Edition'),(214543,'2012-12-24 06:49:49','2012-12-24 06:56:14','Afghanistan: Progress Report - February 2012',0,'','','','',NULL,43375,7,NULL,NULL,NULL,NULL,161387,'Edition'),(214544,'2012-12-24 06:49:51','2012-12-24 06:56:14','Afghanistan: Progress Report - January 2012',0,'','','','',NULL,43376,8,NULL,NULL,NULL,NULL,161387,'Edition'),(214545,'2012-12-24 06:56:14','2012-12-24 06:56:14','Afghanistan: Progress Report - December 2011',0,'','','','',NULL,43377,9,NULL,NULL,NULL,NULL,161387,'Edition'),(214546,'2012-12-24 06:56:14','2012-12-24 06:58:44','Afghanistan: Progress Report - November 2011',0,'','','','',NULL,43378,10,NULL,NULL,NULL,NULL,161387,'Edition'),(214547,'2012-12-24 06:56:15','2012-12-24 06:58:44','Afghanistan: Progress Report - October 2011',0,'','','','',NULL,43379,11,NULL,NULL,NULL,NULL,161387,'Edition'),(214548,'2012-12-24 06:56:15','2012-12-24 06:58:44','Afghanistan: Progress Report - September 2011',0,'','','','',NULL,43380,12,NULL,NULL,NULL,NULL,161387,'Edition'),(214549,'2012-12-24 06:56:15','2012-12-24 06:58:44','Afghanistan: Progress Report - July to August 2011',0,'','','','',NULL,43381,13,NULL,NULL,NULL,NULL,161387,'Edition'),(214550,'2012-12-24 06:56:15','2012-12-24 06:58:44','Afghanistan: Progress Report - June 2011',0,'','','','',NULL,43382,14,NULL,NULL,NULL,NULL,161387,'Edition'),(214551,'2012-12-24 06:56:16','2012-12-24 06:58:44','Afghanistan: Progress Report - May 2011',0,'','','','',NULL,43383,15,NULL,NULL,NULL,NULL,161387,'Edition'),(214552,'2012-12-24 06:56:16','2012-12-24 06:58:44','Afghanistan: Progress Report - April 2011',0,'','','','',NULL,43384,16,NULL,NULL,NULL,NULL,161387,'Edition'),(214553,'2012-12-24 06:56:16','2012-12-24 06:58:44','Afghanistan: Progress Report - March 2011',0,'','','','',NULL,43385,17,NULL,NULL,NULL,NULL,161387,'Edition'),(214554,'2012-12-24 06:56:16','2012-12-24 06:58:44','Afghanistan: Progress Report - February 2011',0,'','','','',NULL,43386,18,NULL,NULL,NULL,NULL,161387,'Edition'),(214555,'2012-12-24 06:56:16','2012-12-24 06:58:44','Afghanistan: Progress Report - January 2011',0,'','','','',NULL,43387,19,NULL,NULL,NULL,NULL,161387,'Edition'),(214556,'2012-12-24 06:56:17','2012-12-24 06:58:44','Afghanistan: Progress Report - December 2010',0,'','','','',NULL,43388,20,NULL,NULL,NULL,NULL,161387,'Edition'),(214557,'2012-12-24 06:56:17','2012-12-24 06:58:44','Afghanistan: Progress Report - November 2010',0,'','','','',NULL,43389,21,NULL,NULL,NULL,NULL,161387,'Edition'),(214558,'2013-01-23 17:49:40','2013-01-23 17:49:40','Afghanistan: Progress Report - November and December 2012',0,'','','','',NULL,68864,22,NULL,NULL,NULL,NULL,161387,'Edition'),(214559,'2013-03-01 17:09:31','2013-03-01 17:09:31','Afghanistan: Progress Report - January 2013',0,'','','','',NULL,136226,23,NULL,NULL,NULL,NULL,161387,'Edition'),(214561,'2013-03-25 11:12:21','2013-03-25 11:12:21','Afghanistan: Progress Report - February 2013',0,'','','','',NULL,166447,24,NULL,NULL,NULL,NULL,161387,'Edition'),(226908,'2012-12-24 06:45:43','2012-12-24 06:45:43','Afghanistan: Progress Report - October 2012',0,'','','','',NULL,43368,0,NULL,NULL,NULL,NULL,170859,'Edition'),(226909,'2012-12-24 06:49:48','2012-12-24 06:49:48','Afghanistan: Progress Report - September 2012',0,'','','','',NULL,43369,1,NULL,NULL,NULL,NULL,170859,'Edition'),(226910,'2012-12-24 06:49:48','2012-12-24 06:56:14','Afghanistan: Progress Report - July to August 2012',0,'','','','',NULL,43370,2,NULL,NULL,NULL,NULL,170859,'Edition'),(226911,'2012-12-24 06:49:49','2012-12-24 06:56:14','Afghanistan: Progress Report - June 2012',0,'','','','',NULL,43371,3,NULL,NULL,NULL,NULL,170859,'Edition'),(226912,'2012-12-24 06:49:49','2012-12-24 06:56:14','Afghanistan: Progress Report - May 2012',0,'','','','',NULL,43372,4,NULL,NULL,NULL,NULL,170859,'Edition'),(226913,'2012-12-24 06:49:49','2012-12-24 06:56:14','Afghanistan: Progress Report - April 2012',0,'','','','',NULL,43373,5,NULL,NULL,NULL,NULL,170859,'Edition'),(226914,'2012-12-24 06:49:49','2012-12-24 06:56:14','Afghanistan: Progress Report - March 2012',0,'','','','',NULL,43374,6,NULL,NULL,NULL,NULL,170859,'Edition'),(226915,'2012-12-24 06:49:49','2012-12-24 06:56:14','Afghanistan: Progress Report - February 2012',0,'','','','',NULL,43375,7,NULL,NULL,NULL,NULL,170859,'Edition'),(226916,'2012-12-24 06:49:51','2012-12-24 06:56:14','Afghanistan: Progress Report - January 2012',0,'','','','',NULL,43376,8,NULL,NULL,NULL,NULL,170859,'Edition'),(226917,'2012-12-24 06:56:14','2012-12-24 06:56:14','Afghanistan: Progress Report - December 2011',0,'','','','',NULL,43377,9,NULL,NULL,NULL,NULL,170859,'Edition'),(226918,'2012-12-24 06:56:14','2012-12-24 06:58:44','Afghanistan: Progress Report - November 2011',0,'','','','',NULL,43378,10,NULL,NULL,NULL,NULL,170859,'Edition'),(226919,'2012-12-24 06:56:15','2012-12-24 06:58:44','Afghanistan: Progress Report - October 2011',0,'','','','',NULL,43379,11,NULL,NULL,NULL,NULL,170859,'Edition'),(226920,'2012-12-24 06:56:15','2012-12-24 06:58:44','Afghanistan: Progress Report - September 2011',0,'','','','',NULL,43380,12,NULL,NULL,NULL,NULL,170859,'Edition'),(226921,'2012-12-24 06:56:15','2012-12-24 06:58:44','Afghanistan: Progress Report - July to August 2011',0,'','','','',NULL,43381,13,NULL,NULL,NULL,NULL,170859,'Edition'),(226922,'2012-12-24 06:56:15','2012-12-24 06:58:44','Afghanistan: Progress Report - June 2011',0,'','','','',NULL,43382,14,NULL,NULL,NULL,NULL,170859,'Edition'),(226923,'2012-12-24 06:56:16','2012-12-24 06:58:44','Afghanistan: Progress Report - May 2011',0,'','','','',NULL,43383,15,NULL,NULL,NULL,NULL,170859,'Edition'),(226924,'2012-12-24 06:56:16','2012-12-24 06:58:44','Afghanistan: Progress Report - April 2011',0,'','','','',NULL,43384,16,NULL,NULL,NULL,NULL,170859,'Edition'),(226925,'2012-12-24 06:56:16','2012-12-24 06:58:44','Afghanistan: Progress Report - March 2011',0,'','','','',NULL,43385,17,NULL,NULL,NULL,NULL,170859,'Edition'),(226926,'2012-12-24 06:56:16','2012-12-24 06:58:44','Afghanistan: Progress Report - February 2011',0,'','','','',NULL,43386,18,NULL,NULL,NULL,NULL,170859,'Edition'),(226927,'2012-12-24 06:56:16','2012-12-24 06:58:44','Afghanistan: Progress Report - January 2011',0,'','','','',NULL,43387,19,NULL,NULL,NULL,NULL,170859,'Edition'),(226928,'2012-12-24 06:56:17','2012-12-24 06:58:44','Afghanistan: Progress Report - December 2010',0,'','','','',NULL,43388,20,NULL,NULL,NULL,NULL,170859,'Edition'),(226929,'2012-12-24 06:56:17','2012-12-24 06:58:44','Afghanistan: Progress Report - November 2010',0,'','','','',NULL,43389,21,NULL,NULL,NULL,NULL,170859,'Edition'),(226930,'2013-01-23 17:49:40','2013-01-23 17:49:40','Afghanistan: Progress Report - November and December 2012',0,'','','','',NULL,68864,22,NULL,NULL,NULL,NULL,170859,'Edition'),(226931,'2013-03-01 17:09:31','2013-03-01 17:09:31','Afghanistan: Progress Report - January 2013',0,'','','','',NULL,136226,23,NULL,NULL,NULL,NULL,170859,'Edition'),(226932,'2013-03-25 11:12:21','2013-03-28 13:39:45','Afghanistan: Progress Report - February 2013',0,'','','','',NULL,175691,24,NULL,NULL,NULL,NULL,170859,'Edition'),(254007,'2012-12-24 06:45:43','2012-12-24 06:45:43','Afghanistan: Progress Report - October 2012',0,'','','','',NULL,43368,0,NULL,NULL,NULL,NULL,188855,'Edition'),(254008,'2012-12-24 06:49:48','2012-12-24 06:49:48','Afghanistan: Progress Report - September 2012',0,'','','','',NULL,43369,1,NULL,NULL,NULL,NULL,188855,'Edition'),(254009,'2012-12-24 06:49:48','2012-12-24 06:56:14','Afghanistan: Progress Report - July to August 2012',0,'','','','',NULL,43370,2,NULL,NULL,NULL,NULL,188855,'Edition'),(254010,'2012-12-24 06:49:49','2012-12-24 06:56:14','Afghanistan: Progress Report - June 2012',0,'','','','',NULL,43371,3,NULL,NULL,NULL,NULL,188855,'Edition'),(254011,'2012-12-24 06:49:49','2012-12-24 06:56:14','Afghanistan: Progress Report - May 2012',0,'','','','',NULL,43372,4,NULL,NULL,NULL,NULL,188855,'Edition'),(254012,'2012-12-24 06:49:49','2012-12-24 06:56:14','Afghanistan: Progress Report - April 2012',0,'','','','',NULL,43373,5,NULL,NULL,NULL,NULL,188855,'Edition'),(254013,'2012-12-24 06:49:49','2012-12-24 06:56:14','Afghanistan: Progress Report - March 2012',0,'','','','',NULL,43374,6,NULL,NULL,NULL,NULL,188855,'Edition'),(254014,'2012-12-24 06:49:49','2012-12-24 06:56:14','Afghanistan: Progress Report - February 2012',0,'','','','',NULL,43375,7,NULL,NULL,NULL,NULL,188855,'Edition'),(254015,'2012-12-24 06:49:51','2012-12-24 06:56:14','Afghanistan: Progress Report - January 2012',0,'','','','',NULL,43376,8,NULL,NULL,NULL,NULL,188855,'Edition'),(254016,'2012-12-24 06:56:14','2012-12-24 06:56:14','Afghanistan: Progress Report - December 2011',0,'','','','',NULL,43377,9,NULL,NULL,NULL,NULL,188855,'Edition'),(254017,'2012-12-24 06:56:14','2012-12-24 06:58:44','Afghanistan: Progress Report - November 2011',0,'','','','',NULL,43378,10,NULL,NULL,NULL,NULL,188855,'Edition'),(254018,'2012-12-24 06:56:15','2012-12-24 06:58:44','Afghanistan: Progress Report - October 2011',0,'','','','',NULL,43379,11,NULL,NULL,NULL,NULL,188855,'Edition'),(254019,'2012-12-24 06:56:15','2012-12-24 06:58:44','Afghanistan: Progress Report - September 2011',0,'','','','',NULL,43380,12,NULL,NULL,NULL,NULL,188855,'Edition'),(254020,'2012-12-24 06:56:15','2012-12-24 06:58:44','Afghanistan: Progress Report - July to August 2011',0,'','','','',NULL,43381,13,NULL,NULL,NULL,NULL,188855,'Edition'),(254021,'2012-12-24 06:56:15','2012-12-24 06:58:44','Afghanistan: Progress Report - June 2011',0,'','','','',NULL,43382,14,NULL,NULL,NULL,NULL,188855,'Edition'),(254022,'2012-12-24 06:56:16','2012-12-24 06:58:44','Afghanistan: Progress Report - May 2011',0,'','','','',NULL,43383,15,NULL,NULL,NULL,NULL,188855,'Edition'),(254023,'2012-12-24 06:56:16','2012-12-24 06:58:44','Afghanistan: Progress Report - April 2011',0,'','','','',NULL,43384,16,NULL,NULL,NULL,NULL,188855,'Edition'),(254024,'2012-12-24 06:56:16','2012-12-24 06:58:44','Afghanistan: Progress Report - March 2011',0,'','','','',NULL,43385,17,NULL,NULL,NULL,NULL,188855,'Edition'),(254025,'2012-12-24 06:56:16','2012-12-24 06:58:44','Afghanistan: Progress Report - February 2011',0,'','','','',NULL,43386,18,NULL,NULL,NULL,NULL,188855,'Edition'),(254026,'2012-12-24 06:56:16','2012-12-24 06:58:44','Afghanistan: Progress Report - January 2011',0,'','','','',NULL,43387,19,NULL,NULL,NULL,NULL,188855,'Edition'),(254027,'2012-12-24 06:56:17','2012-12-24 06:58:44','Afghanistan: Progress Report - December 2010',0,'','','','',NULL,43388,20,NULL,NULL,NULL,NULL,188855,'Edition'),(254028,'2012-12-24 06:56:17','2012-12-24 06:58:44','Afghanistan: Progress Report - November 2010',0,'','','','',NULL,43389,21,NULL,NULL,NULL,NULL,188855,'Edition'),(254029,'2013-01-23 17:49:40','2013-01-23 17:49:40','Afghanistan: Progress Report - November and December 2012',0,'','','','',NULL,68864,22,NULL,NULL,NULL,NULL,188855,'Edition'),(254030,'2013-03-01 17:09:31','2013-03-01 17:09:31','Afghanistan: Progress Report - January 2013',0,'','','','',NULL,136226,23,NULL,NULL,NULL,NULL,188855,'Edition'),(254031,'2013-03-25 11:12:21','2013-03-28 13:39:45','Afghanistan: Progress Report - February 2013',0,'','','','',NULL,175691,24,NULL,NULL,NULL,NULL,188855,'Edition'),(254034,'2013-04-23 12:03:47','2013-04-23 12:03:47','Afghanistan: Preogress Report - March 2013',0,'','','','',NULL,191846,25,NULL,NULL,NULL,NULL,188855,'Edition'),(254117,'2012-12-24 06:45:43','2012-12-24 06:45:43','Afghanistan: Progress Report - October 2012',0,'','','','',NULL,43368,0,NULL,NULL,NULL,NULL,188874,'Edition'),(254118,'2012-12-24 06:49:48','2012-12-24 06:49:48','Afghanistan: Progress Report - September 2012',0,'','','','',NULL,43369,1,NULL,NULL,NULL,NULL,188874,'Edition'),(254119,'2012-12-24 06:49:48','2012-12-24 06:56:14','Afghanistan: Progress Report - July to August 2012',0,'','','','',NULL,43370,2,NULL,NULL,NULL,NULL,188874,'Edition'),(254120,'2012-12-24 06:49:49','2012-12-24 06:56:14','Afghanistan: Progress Report - June 2012',0,'','','','',NULL,43371,3,NULL,NULL,NULL,NULL,188874,'Edition'),(254121,'2012-12-24 06:49:49','2012-12-24 06:56:14','Afghanistan: Progress Report - May 2012',0,'','','','',NULL,43372,4,NULL,NULL,NULL,NULL,188874,'Edition'),(254122,'2012-12-24 06:49:49','2012-12-24 06:56:14','Afghanistan: Progress Report - April 2012',0,'','','','',NULL,43373,5,NULL,NULL,NULL,NULL,188874,'Edition'),(254123,'2012-12-24 06:49:49','2012-12-24 06:56:14','Afghanistan: Progress Report - March 2012',0,'','','','',NULL,43374,6,NULL,NULL,NULL,NULL,188874,'Edition'),(254124,'2012-12-24 06:49:49','2012-12-24 06:56:14','Afghanistan: Progress Report - February 2012',0,'','','','',NULL,43375,7,NULL,NULL,NULL,NULL,188874,'Edition'),(254125,'2012-12-24 06:49:51','2012-12-24 06:56:14','Afghanistan: Progress Report - January 2012',0,'','','','',NULL,43376,8,NULL,NULL,NULL,NULL,188874,'Edition'),(254126,'2012-12-24 06:56:14','2012-12-24 06:56:14','Afghanistan: Progress Report - December 2011',0,'','','','',NULL,43377,9,NULL,NULL,NULL,NULL,188874,'Edition'),(254127,'2012-12-24 06:56:14','2012-12-24 06:58:44','Afghanistan: Progress Report - November 2011',0,'','','','',NULL,43378,10,NULL,NULL,NULL,NULL,188874,'Edition'),(254128,'2012-12-24 06:56:15','2012-12-24 06:58:44','Afghanistan: Progress Report - October 2011',0,'','','','',NULL,43379,11,NULL,NULL,NULL,NULL,188874,'Edition'),(254129,'2012-12-24 06:56:15','2012-12-24 06:58:44','Afghanistan: Progress Report - September 2011',0,'','','','',NULL,43380,12,NULL,NULL,NULL,NULL,188874,'Edition'),(254130,'2012-12-24 06:56:15','2012-12-24 06:58:44','Afghanistan: Progress Report - July to August 2011',0,'','','','',NULL,43381,13,NULL,NULL,NULL,NULL,188874,'Edition'),(254131,'2012-12-24 06:56:15','2012-12-24 06:58:44','Afghanistan: Progress Report - June 2011',0,'','','','',NULL,43382,14,NULL,NULL,NULL,NULL,188874,'Edition'),(254132,'2012-12-24 06:56:16','2012-12-24 06:58:44','Afghanistan: Progress Report - May 2011',0,'','','','',NULL,43383,15,NULL,NULL,NULL,NULL,188874,'Edition'),(254133,'2012-12-24 06:56:16','2012-12-24 06:58:44','Afghanistan: Progress Report - April 2011',0,'','','','',NULL,43384,16,NULL,NULL,NULL,NULL,188874,'Edition'),(254134,'2012-12-24 06:56:16','2012-12-24 06:58:44','Afghanistan: Progress Report - March 2011',0,'','','','',NULL,43385,17,NULL,NULL,NULL,NULL,188874,'Edition'),(254135,'2012-12-24 06:56:16','2012-12-24 06:58:44','Afghanistan: Progress Report - February 2011',0,'','','','',NULL,43386,18,NULL,NULL,NULL,NULL,188874,'Edition'),(254136,'2012-12-24 06:56:16','2012-12-24 06:58:44','Afghanistan: Progress Report - January 2011',0,'','','','',NULL,43387,19,NULL,NULL,NULL,NULL,188874,'Edition'),(254137,'2012-12-24 06:56:17','2012-12-24 06:58:44','Afghanistan: Progress Report - December 2010',0,'','','','',NULL,43388,20,NULL,NULL,NULL,NULL,188874,'Edition'),(254138,'2012-12-24 06:56:17','2012-12-24 06:58:44','Afghanistan: Progress Report - November 2010',0,'','','','',NULL,43389,21,NULL,NULL,NULL,NULL,188874,'Edition'),(254139,'2013-01-23 17:49:40','2013-01-23 17:49:40','Afghanistan: Progress Report - November and December 2012',0,'','','','',NULL,68864,22,NULL,NULL,NULL,NULL,188874,'Edition'),(254140,'2013-03-01 17:09:31','2013-03-01 17:09:31','Afghanistan: Progress Report - January 2013',0,'','','','',NULL,136226,23,NULL,NULL,NULL,NULL,188874,'Edition'),(254141,'2013-03-25 11:12:21','2013-03-28 13:39:45','Afghanistan: Progress Report - February 2013',0,'','','','',NULL,175691,24,NULL,NULL,NULL,NULL,188874,'Edition'),(254142,'2013-04-23 12:03:47','2013-04-23 12:31:37','Afghanistan: Progress Report - March 2013',0,'','','','',NULL,191846,25,NULL,NULL,NULL,NULL,188874,'Edition'),(254158,'2012-12-24 06:45:43','2012-12-24 06:45:43','Afghanistan: Progress Report - October 2012',0,'','','','',NULL,43368,0,NULL,NULL,NULL,NULL,188881,'Edition'),(254159,'2012-12-24 06:49:48','2012-12-24 06:49:48','Afghanistan: Progress Report - September 2012',0,'','','','',NULL,43369,1,NULL,NULL,NULL,NULL,188881,'Edition'),(254160,'2012-12-24 06:49:48','2012-12-24 06:56:14','Afghanistan: Progress Report - July to August 2012',0,'','','','',NULL,43370,2,NULL,NULL,NULL,NULL,188881,'Edition'),(254161,'2012-12-24 06:49:49','2012-12-24 06:56:14','Afghanistan: Progress Report - June 2012',0,'','','','',NULL,43371,3,NULL,NULL,NULL,NULL,188881,'Edition'),(254162,'2012-12-24 06:49:49','2012-12-24 06:56:14','Afghanistan: Progress Report - May 2012',0,'','','','',NULL,43372,4,NULL,NULL,NULL,NULL,188881,'Edition'),(254163,'2012-12-24 06:49:49','2012-12-24 06:56:14','Afghanistan: Progress Report - April 2012',0,'','','','',NULL,43373,5,NULL,NULL,NULL,NULL,188881,'Edition'),(254164,'2012-12-24 06:49:49','2012-12-24 06:56:14','Afghanistan: Progress Report - March 2012',0,'','','','',NULL,43374,6,NULL,NULL,NULL,NULL,188881,'Edition'),(254165,'2012-12-24 06:49:49','2012-12-24 06:56:14','Afghanistan: Progress Report - February 2012',0,'','','','',NULL,43375,7,NULL,NULL,NULL,NULL,188881,'Edition'),(254166,'2012-12-24 06:49:51','2012-12-24 06:56:14','Afghanistan: Progress Report - January 2012',0,'','','','',NULL,43376,8,NULL,NULL,NULL,NULL,188881,'Edition'),(254167,'2012-12-24 06:56:14','2012-12-24 06:56:14','Afghanistan: Progress Report - December 2011',0,'','','','',NULL,43377,9,NULL,NULL,NULL,NULL,188881,'Edition'),(254168,'2012-12-24 06:56:14','2012-12-24 06:58:44','Afghanistan: Progress Report - November 2011',0,'','','','',NULL,43378,10,NULL,NULL,NULL,NULL,188881,'Edition'),(254169,'2012-12-24 06:56:15','2012-12-24 06:58:44','Afghanistan: Progress Report - October 2011',0,'','','','',NULL,43379,11,NULL,NULL,NULL,NULL,188881,'Edition'),(254170,'2012-12-24 06:56:15','2012-12-24 06:58:44','Afghanistan: Progress Report - September 2011',0,'','','','',NULL,43380,12,NULL,NULL,NULL,NULL,188881,'Edition'),(254171,'2012-12-24 06:56:15','2012-12-24 06:58:44','Afghanistan: Progress Report - July to August 2011',0,'','','','',NULL,43381,13,NULL,NULL,NULL,NULL,188881,'Edition'),(254172,'2012-12-24 06:56:15','2012-12-24 06:58:44','Afghanistan: Progress Report - June 2011',0,'','','','',NULL,43382,14,NULL,NULL,NULL,NULL,188881,'Edition'),(254173,'2012-12-24 06:56:16','2012-12-24 06:58:44','Afghanistan: Progress Report - May 2011',0,'','','','',NULL,43383,15,NULL,NULL,NULL,NULL,188881,'Edition'),(254174,'2012-12-24 06:56:16','2012-12-24 06:58:44','Afghanistan: Progress Report - April 2011',0,'','','','',NULL,43384,16,NULL,NULL,NULL,NULL,188881,'Edition'),(254175,'2012-12-24 06:56:16','2012-12-24 06:58:44','Afghanistan: Progress Report - March 2011',0,'','','','',NULL,43385,17,NULL,NULL,NULL,NULL,188881,'Edition'),(254176,'2012-12-24 06:56:16','2012-12-24 06:58:44','Afghanistan: Progress Report - February 2011',0,'','','','',NULL,43386,18,NULL,NULL,NULL,NULL,188881,'Edition'),(254177,'2012-12-24 06:56:16','2012-12-24 06:58:44','Afghanistan: Progress Report - January 2011',0,'','','','',NULL,43387,19,NULL,NULL,NULL,NULL,188881,'Edition'),(254178,'2012-12-24 06:56:17','2012-12-24 06:58:44','Afghanistan: Progress Report - December 2010',0,'','','','',NULL,43388,20,NULL,NULL,NULL,NULL,188881,'Edition'),(254179,'2012-12-24 06:56:17','2012-12-24 06:58:44','Afghanistan: Progress Report - November 2010',0,'','','','',NULL,43389,21,NULL,NULL,NULL,NULL,188881,'Edition'),(254180,'2013-01-23 17:49:40','2013-01-23 17:49:40','Afghanistan: Progress Report - November and December 2012',0,'','','','',NULL,68864,22,NULL,NULL,NULL,NULL,188881,'Edition'),(254181,'2013-03-01 17:09:31','2013-03-01 17:09:31','Afghanistan: Progress Report - January 2013',0,'','','','',NULL,136226,23,NULL,NULL,NULL,NULL,188881,'Edition'),(254182,'2013-03-25 11:12:21','2013-03-28 13:39:45','Afghanistan: Progress Report - February 2013',0,'','','','',NULL,175691,24,NULL,NULL,NULL,NULL,188881,'Edition'),(254921,'2012-12-24 06:45:43','2012-12-24 06:45:43','Afghanistan: Progress Report - October 2012',0,'','','','',NULL,43368,0,NULL,NULL,NULL,NULL,189180,'Edition'),(254922,'2012-12-24 06:49:48','2012-12-24 06:49:48','Afghanistan: Progress Report - September 2012',0,'','','','',NULL,43369,1,NULL,NULL,NULL,NULL,189180,'Edition'),(254923,'2012-12-24 06:49:48','2012-12-24 06:56:14','Afghanistan: Progress Report - July to August 2012',0,'','','','',NULL,43370,2,NULL,NULL,NULL,NULL,189180,'Edition'),(254924,'2012-12-24 06:49:49','2012-12-24 06:56:14','Afghanistan: Progress Report - June 2012',0,'','','','',NULL,43371,3,NULL,NULL,NULL,NULL,189180,'Edition'),(254925,'2012-12-24 06:49:49','2012-12-24 06:56:14','Afghanistan: Progress Report - May 2012',0,'','','','',NULL,43372,4,NULL,NULL,NULL,NULL,189180,'Edition'),(254926,'2012-12-24 06:49:49','2012-12-24 06:56:14','Afghanistan: Progress Report - April 2012',0,'','','','',NULL,43373,5,NULL,NULL,NULL,NULL,189180,'Edition'),(254927,'2012-12-24 06:49:49','2012-12-24 06:56:14','Afghanistan: Progress Report - March 2012',0,'','','','',NULL,43374,6,NULL,NULL,NULL,NULL,189180,'Edition'),(254928,'2012-12-24 06:49:49','2012-12-24 06:56:14','Afghanistan: Progress Report - February 2012',0,'','','','',NULL,43375,7,NULL,NULL,NULL,NULL,189180,'Edition'),(254929,'2012-12-24 06:49:51','2012-12-24 06:56:14','Afghanistan: Progress Report - January 2012',0,'','','','',NULL,43376,8,NULL,NULL,NULL,NULL,189180,'Edition'),(254930,'2012-12-24 06:56:14','2012-12-24 06:56:14','Afghanistan: Progress Report - December 2011',0,'','','','',NULL,43377,9,NULL,NULL,NULL,NULL,189180,'Edition'),(254931,'2012-12-24 06:56:14','2012-12-24 06:58:44','Afghanistan: Progress Report - November 2011',0,'','','','',NULL,43378,10,NULL,NULL,NULL,NULL,189180,'Edition'),(254932,'2012-12-24 06:56:15','2012-12-24 06:58:44','Afghanistan: Progress Report - October 2011',0,'','','','',NULL,43379,11,NULL,NULL,NULL,NULL,189180,'Edition'),(254933,'2012-12-24 06:56:15','2012-12-24 06:58:44','Afghanistan: Progress Report - September 2011',0,'','','','',NULL,43380,12,NULL,NULL,NULL,NULL,189180,'Edition'),(254934,'2012-12-24 06:56:15','2012-12-24 06:58:44','Afghanistan: Progress Report - July to August 2011',0,'','','','',NULL,43381,13,NULL,NULL,NULL,NULL,189180,'Edition'),(254935,'2012-12-24 06:56:15','2012-12-24 06:58:44','Afghanistan: Progress Report - June 2011',0,'','','','',NULL,43382,14,NULL,NULL,NULL,NULL,189180,'Edition'),(254936,'2012-12-24 06:56:16','2012-12-24 06:58:44','Afghanistan: Progress Report - May 2011',0,'','','','',NULL,43383,15,NULL,NULL,NULL,NULL,189180,'Edition'),(254937,'2012-12-24 06:56:16','2012-12-24 06:58:44','Afghanistan: Progress Report - April 2011',0,'','','','',NULL,43384,16,NULL,NULL,NULL,NULL,189180,'Edition'),(254938,'2012-12-24 06:56:16','2012-12-24 06:58:44','Afghanistan: Progress Report - March 2011',0,'','','','',NULL,43385,17,NULL,NULL,NULL,NULL,189180,'Edition'),(254939,'2012-12-24 06:56:16','2012-12-24 06:58:44','Afghanistan: Progress Report - February 2011',0,'','','','',NULL,43386,18,NULL,NULL,NULL,NULL,189180,'Edition'),(254940,'2012-12-24 06:56:16','2012-12-24 06:58:44','Afghanistan: Progress Report - January 2011',0,'','','','',NULL,43387,19,NULL,NULL,NULL,NULL,189180,'Edition'),(254941,'2012-12-24 06:56:17','2012-12-24 06:58:44','Afghanistan: Progress Report - December 2010',0,'','','','',NULL,43388,20,NULL,NULL,NULL,NULL,189180,'Edition'),(254942,'2012-12-24 06:56:17','2012-12-24 06:58:44','Afghanistan: Progress Report - November 2010',0,'','','','',NULL,43389,21,NULL,NULL,NULL,NULL,189180,'Edition'),(254943,'2013-01-23 17:49:40','2013-01-23 17:49:40','Afghanistan: Progress Report - November and December 2012',0,'','','','',NULL,68864,22,NULL,NULL,NULL,NULL,189180,'Edition'),(254944,'2013-03-01 17:09:31','2013-03-01 17:09:31','Afghanistan: Progress Report - January 2013',0,'','','','',NULL,136226,23,NULL,NULL,NULL,NULL,189180,'Edition'),(254945,'2013-03-25 11:12:21','2013-03-28 13:39:45','Afghanistan: Progress Report - February 2013',0,'','','','',NULL,175691,24,NULL,NULL,NULL,NULL,189180,'Edition'),(254947,'2013-04-24 10:03:32','2013-04-24 10:03:32','Afghanistan: Progress Report - March 2013',0,'','','','',NULL,192064,25,NULL,NULL,NULL,NULL,189180,'Edition'),(332926,'2012-12-24 06:45:43','2012-12-24 06:45:43','Afghanistan: Progress Report - October 2012',0,'','','','',NULL,43368,4,NULL,NULL,NULL,NULL,220944,'Edition'),(332927,'2012-12-24 06:49:48','2012-12-24 06:49:48','Afghanistan: Progress Report - September 2012',0,'','','','',NULL,43369,5,NULL,NULL,NULL,NULL,220944,'Edition'),(332928,'2012-12-24 06:49:48','2012-12-24 06:56:14','Afghanistan: Progress Report - July to August 2012',0,'','','','',NULL,43370,6,NULL,NULL,NULL,NULL,220944,'Edition'),(332929,'2012-12-24 06:49:49','2012-12-24 06:56:14','Afghanistan: Progress Report - June 2012',0,'','','','',NULL,43371,7,NULL,NULL,NULL,NULL,220944,'Edition'),(332930,'2012-12-24 06:49:49','2012-12-24 06:56:14','Afghanistan: Progress Report - May 2012',0,'','','','',NULL,43372,8,NULL,NULL,NULL,NULL,220944,'Edition'),(332931,'2012-12-24 06:49:49','2012-12-24 06:56:14','Afghanistan: Progress Report - April 2012',0,'','','','',NULL,43373,9,NULL,NULL,NULL,NULL,220944,'Edition'),(332932,'2012-12-24 06:49:49','2012-12-24 06:56:14','Afghanistan: Progress Report - March 2012',0,'','','','',NULL,43374,10,NULL,NULL,NULL,NULL,220944,'Edition'),(332933,'2012-12-24 06:49:49','2012-12-24 06:56:14','Afghanistan: Progress Report - February 2012',0,'','','','',NULL,43375,11,NULL,NULL,NULL,NULL,220944,'Edition'),(332934,'2012-12-24 06:49:51','2012-12-24 06:56:14','Afghanistan: Progress Report - January 2012',0,'','','','',NULL,43376,12,NULL,NULL,NULL,NULL,220944,'Edition'),(332935,'2012-12-24 06:56:14','2012-12-24 06:56:14','Afghanistan: Progress Report - December 2011',0,'','','','',NULL,43377,13,NULL,NULL,NULL,NULL,220944,'Edition'),(332936,'2012-12-24 06:56:14','2012-12-24 06:58:44','Afghanistan: Progress Report - November 2011',0,'','','','',NULL,43378,14,NULL,NULL,NULL,NULL,220944,'Edition'),(332937,'2012-12-24 06:56:15','2012-12-24 06:58:44','Afghanistan: Progress Report - October 2011',0,'','','','',NULL,43379,15,NULL,NULL,NULL,NULL,220944,'Edition'),(332938,'2012-12-24 06:56:15','2012-12-24 06:58:44','Afghanistan: Progress Report - September 2011',0,'','','','',NULL,43380,16,NULL,NULL,NULL,NULL,220944,'Edition'),(332939,'2012-12-24 06:56:15','2012-12-24 06:58:44','Afghanistan: Progress Report - July to August 2011',0,'','','','',NULL,43381,17,NULL,NULL,NULL,NULL,220944,'Edition'),(332940,'2012-12-24 06:56:15','2012-12-24 06:58:44','Afghanistan: Progress Report - June 2011',0,'','','','',NULL,43382,18,NULL,NULL,NULL,NULL,220944,'Edition'),(332941,'2012-12-24 06:56:16','2012-12-24 06:58:44','Afghanistan: Progress Report - May 2011',0,'','','','',NULL,43383,19,NULL,NULL,NULL,NULL,220944,'Edition'),(332942,'2012-12-24 06:56:16','2012-12-24 06:58:44','Afghanistan: Progress Report - April 2011',0,'','','','',NULL,43384,20,NULL,NULL,NULL,NULL,220944,'Edition'),(332943,'2012-12-24 06:56:16','2012-12-24 06:58:44','Afghanistan: Progress Report - March 2011',0,'','','','',NULL,43385,21,NULL,NULL,NULL,NULL,220944,'Edition'),(332944,'2012-12-24 06:56:16','2012-12-24 06:58:44','Afghanistan: Progress Report - February 2011',0,'','','','',NULL,43386,22,NULL,NULL,NULL,NULL,220944,'Edition'),(332945,'2012-12-24 06:56:16','2012-12-24 06:58:44','Afghanistan: Progress Report - January 2011',0,'','','','',NULL,43387,23,NULL,NULL,NULL,NULL,220944,'Edition'),(332946,'2012-12-24 06:56:17','2012-12-24 06:58:44','Afghanistan: Progress Report - December 2010',0,'','','','',NULL,43388,24,NULL,NULL,NULL,NULL,220944,'Edition'),(332947,'2012-12-24 06:56:17','2012-12-24 06:58:44','Afghanistan: Progress Report - November 2010',0,'','','','',NULL,43389,25,NULL,NULL,NULL,NULL,220944,'Edition'),(332948,'2013-01-23 17:49:40','2013-01-23 17:49:40','Afghanistan: Progress Report - November and December 2012',0,'','','','',NULL,68864,3,NULL,NULL,NULL,NULL,220944,'Edition'),(332949,'2013-03-01 17:09:31','2013-03-01 17:09:31','Afghanistan: Progress Report - January 2013',0,'','','','',NULL,136226,2,NULL,NULL,NULL,NULL,220944,'Edition'),(332950,'2013-03-25 11:12:21','2013-03-28 13:39:45','Afghanistan: Progress Report - February 2013',0,'','','','',NULL,175691,1,NULL,NULL,NULL,NULL,220944,'Edition'),(332951,'2013-04-24 10:03:32','2013-04-24 10:03:32','Afghanistan: Progress Report - March 2013',0,'','','','',NULL,192064,0,NULL,NULL,NULL,NULL,220944,'Edition'),(332968,'2012-12-24 06:56:14','2012-12-24 06:56:14','Afghanistan: Progress Report - December 2011',0,'','','','',NULL,43377,13,NULL,NULL,NULL,NULL,220949,'Edition'),(332969,'2012-12-24 06:56:14','2012-12-24 06:58:44','Afghanistan: Progress Report - November 2011',0,'','','','',NULL,43378,14,NULL,NULL,NULL,NULL,220949,'Edition'),(332970,'2012-12-24 06:56:15','2012-12-24 06:58:44','Afghanistan: Progress Report - October 2011',0,'','','','',NULL,43379,15,NULL,NULL,NULL,NULL,220949,'Edition'),(332971,'2012-12-24 06:56:15','2012-12-24 06:58:44','Afghanistan: Progress Report - September 2011',0,'','','','',NULL,43380,16,NULL,NULL,NULL,NULL,220949,'Edition'),(332972,'2012-12-24 06:56:15','2012-12-24 06:58:44','Afghanistan: Progress Report - July to August 2011',0,'','','','',NULL,43381,17,NULL,NULL,NULL,NULL,220949,'Edition'),(332973,'2012-12-24 06:56:15','2012-12-24 06:58:44','Afghanistan: Progress Report - June 2011',0,'','','','',NULL,43382,18,NULL,NULL,NULL,NULL,220949,'Edition'),(332974,'2012-12-24 06:56:16','2012-12-24 06:58:44','Afghanistan: Progress Report - May 2011',0,'','','','',NULL,43383,19,NULL,NULL,NULL,NULL,220949,'Edition'),(332975,'2012-12-24 06:56:16','2012-12-24 06:58:44','Afghanistan: Progress Report - April 2011',0,'','','','',NULL,43384,20,NULL,NULL,NULL,NULL,220949,'Edition'),(332976,'2012-12-24 06:56:16','2012-12-24 06:58:44','Afghanistan: Progress Report - March 2011',0,'','','','',NULL,43385,21,NULL,NULL,NULL,NULL,220949,'Edition'),(332977,'2012-12-24 06:56:16','2012-12-24 06:58:44','Afghanistan: Progress Report - February 2011',0,'','','','',NULL,43386,22,NULL,NULL,NULL,NULL,220949,'Edition'),(332978,'2012-12-24 06:56:16','2012-12-24 06:58:44','Afghanistan: Progress Report - January 2011',0,'','','','',NULL,43387,23,NULL,NULL,NULL,NULL,220949,'Edition'),(332979,'2012-12-24 06:56:17','2012-12-24 06:58:44','Afghanistan: Progress Report - December 2010',0,'','','','',NULL,43388,24,NULL,NULL,NULL,NULL,220949,'Edition'),(332980,'2012-12-24 06:56:17','2012-12-24 06:58:44','Afghanistan: Progress Report - November 2010',0,'','','','',NULL,43389,25,NULL,NULL,NULL,NULL,220949,'Edition');
/*!40000 ALTER TABLE `attachments` ENABLE KEYS */;
UNLOCK TABLES;

--
-- Dumping data for table `old_attachments`
--
DROP TABLE IF EXISTS `old_attachments`;
CREATE TABLE `old_attachments` (
  `id` int(11) NOT NULL AUTO_INCREMENT,
  `created_at` datetime DEFAULT NULL,
  `updated_at` datetime DEFAULT NULL,
  `title` varchar(255) COLLATE utf8_unicode_ci DEFAULT NULL,
  `accessible` tinyint(1) DEFAULT NULL,
  `isbn` varchar(255) COLLATE utf8_unicode_ci DEFAULT NULL,
  `unique_reference` varchar(255) COLLATE utf8_unicode_ci DEFAULT NULL,
  `command_paper_number` varchar(255) COLLATE utf8_unicode_ci DEFAULT NULL,
  `order_url` varchar(255) COLLATE utf8_unicode_ci DEFAULT NULL,
  `price_in_pence` int(11) DEFAULT NULL,
  `attachment_data_id` int(11) DEFAULT NULL,
  `ordering` int(11) DEFAULT NULL,
  `hoc_paper_number` varchar(255) COLLATE utf8_unicode_ci DEFAULT NULL,
  `parliamentary_session` varchar(255) COLLATE utf8_unicode_ci DEFAULT NULL,
  `unnumbered_command_paper` tinyint(1) DEFAULT NULL,
  `unnumbered_hoc_paper` tinyint(1) DEFAULT NULL,
  `attachable_id` int(11) DEFAULT NULL,
  `attachable_type` varchar(255) COLLATE utf8_unicode_ci DEFAULT NULL,
  PRIMARY KEY (`id`),
  KEY `index_attachments_on_attachment_data_id` (`attachment_data_id`),
  KEY `index_attachments_on_ordering` (`ordering`),
  KEY `index_attachments_on_attachable_id_and_attachable_type` (`attachable_id`,`attachable_type`)
) ENGINE=InnoDB AUTO_INCREMENT=395726 DEFAULT CHARSET=utf8 COLLATE=utf8_unicode_ci;

LOCK TABLES `old_attachments` WRITE;
/*!40000 ALTER TABLE `old_attachments` DISABLE KEYS */;
INSERT INTO `old_attachments` (`id`, `created_at`, `updated_at`, `title`, `accessible`, `isbn`, `unique_reference`, `command_paper_number`, `order_url`, `price_in_pence`, `attachment_data_id`, `ordering`, `hoc_paper_number`, `parliamentary_session`, `unnumbered_command_paper`, `unnumbered_hoc_paper`, `attachable_id`, `attachable_type`) VALUES (48591,'2012-12-11 13:20:33','2012-12-11 13:20:33','Afghanistan: Progress Report - September 2012',NULL,NULL,NULL,NULL,NULL,NULL,35409,NULL,NULL,NULL,NULL,NULL,50036,'Edition'),(48592,'2012-12-11 13:20:33','2012-12-11 13:20:33','Afghanistan: Progress Report - July & August 2012',NULL,NULL,NULL,NULL,NULL,NULL,35410,NULL,NULL,NULL,NULL,NULL,50036,'Edition'),(48593,'2012-12-11 13:20:33','2012-12-11 13:20:33','Afghanistan: Progress Report - June 2012',NULL,NULL,NULL,NULL,NULL,NULL,35411,NULL,NULL,NULL,NULL,NULL,50036,'Edition'),(48594,'2012-12-11 13:20:33','2012-12-11 13:20:33','Afghanistan: Progress Report - May 2012',NULL,NULL,NULL,NULL,NULL,NULL,35412,NULL,NULL,NULL,NULL,NULL,50036,'Edition'),(48595,'2012-12-11 13:20:34','2012-12-11 13:20:34','Afghanistan: Progress Report - April 2012',NULL,NULL,NULL,NULL,NULL,NULL,35413,NULL,NULL,NULL,NULL,NULL,50036,'Edition'),(48596,'2012-12-11 13:20:34','2012-12-11 13:20:34','Afghanistan: Progress Report - March 2012',NULL,NULL,NULL,NULL,NULL,NULL,35414,NULL,NULL,NULL,NULL,NULL,50036,'Edition'),(48597,'2012-12-11 13:20:34','2012-12-11 13:20:34','Afghanistan: Progress Report - February 2012',NULL,NULL,NULL,NULL,NULL,NULL,35415,NULL,NULL,NULL,NULL,NULL,50036,'Edition'),(48598,'2012-12-11 13:20:34','2012-12-11 13:20:34','Afghanistan: Progress Report - January 2012',NULL,NULL,NULL,NULL,NULL,NULL,35416,NULL,NULL,NULL,NULL,NULL,50036,'Edition'),(48599,'2012-12-11 13:20:34','2012-12-11 13:20:34','Afghanistan: Progress Report - December 2011',NULL,NULL,NULL,NULL,NULL,NULL,35417,NULL,NULL,NULL,NULL,NULL,50036,'Edition'),(48600,'2012-12-11 13:20:35','2012-12-11 13:20:35','Afghanistan: Progress Report - November 2011',NULL,NULL,NULL,NULL,NULL,NULL,35418,NULL,NULL,NULL,NULL,NULL,50036,'Edition'),(48601,'2012-12-11 13:20:35','2012-12-11 13:20:35','Afghanistan: Progress Report - October 2011',NULL,NULL,NULL,NULL,NULL,NULL,35419,NULL,NULL,NULL,NULL,NULL,50036,'Edition'),(48602,'2012-12-11 13:20:35','2012-12-11 13:20:35','Afghanistan: Progress Report - September 2011',NULL,NULL,NULL,NULL,NULL,NULL,35420,NULL,NULL,NULL,NULL,NULL,50036,'Edition'),(48603,'2012-12-11 13:20:35','2012-12-11 13:20:35','Afghanistan: Progress Report - July & August 2011',NULL,NULL,NULL,NULL,NULL,NULL,35421,NULL,NULL,NULL,NULL,NULL,50036,'Edition'),(48604,'2012-12-11 13:20:36','2012-12-11 13:20:36','Afghanistan: Progress Report - June 2011',NULL,NULL,NULL,NULL,NULL,NULL,35422,NULL,NULL,NULL,NULL,NULL,50036,'Edition'),(48605,'2012-12-11 13:20:36','2012-12-11 13:20:36','Afghanistan: Progress Report - May 2011',NULL,NULL,NULL,NULL,NULL,NULL,35423,NULL,NULL,NULL,NULL,NULL,50036,'Edition'),(48606,'2012-12-11 13:20:36','2012-12-11 13:20:36','Afghanistan: Progress Report - April 2011',NULL,NULL,NULL,NULL,NULL,NULL,35424,NULL,NULL,NULL,NULL,NULL,50036,'Edition'),(48607,'2012-12-11 13:20:36','2012-12-11 13:20:36','Afghanistan: Progress Report - March 2011',NULL,NULL,NULL,NULL,NULL,NULL,35425,NULL,NULL,NULL,NULL,NULL,50036,'Edition'),(48608,'2012-12-11 13:20:36','2012-12-11 13:20:36','Afghanistan: Progress Report - February 2011',NULL,NULL,NULL,NULL,NULL,NULL,35426,NULL,NULL,NULL,NULL,NULL,50036,'Edition'),(48609,'2012-12-11 13:20:37','2012-12-11 13:20:37','Afghanistan: Progress Report - January 2011',NULL,NULL,NULL,NULL,NULL,NULL,35427,NULL,NULL,NULL,NULL,NULL,50036,'Edition'),(48610,'2012-12-11 13:20:37','2012-12-11 13:20:37','Afghanistan: Progress Report - December 2010',NULL,NULL,NULL,NULL,NULL,NULL,35428,NULL,NULL,NULL,NULL,NULL,50036,'Edition'),(48611,'2012-12-11 13:20:37','2012-12-11 13:20:37','Afghanistan: Progress Report - November 2010',NULL,NULL,NULL,NULL,NULL,NULL,35429,NULL,NULL,NULL,NULL,NULL,50036,'Edition'),(49360,'2012-12-11 13:20:33','2012-12-12 11:45:59','Afghanistan: Progress Report - September 2012',0,'','','','',NULL,35409,NULL,NULL,NULL,NULL,NULL,54831,'Edition'),(49361,'2012-12-11 13:20:33','2012-12-12 11:45:59','Afghanistan: Progress Report - July & August 2012',0,'','','','',NULL,35410,NULL,NULL,NULL,NULL,NULL,54831,'Edition'),(49362,'2012-12-11 13:20:33','2012-12-12 11:45:59','Afghanistan: Progress Report - June 2012',0,'','','','',NULL,35411,NULL,NULL,NULL,NULL,NULL,54831,'Edition'),(49363,'2012-12-11 13:20:33','2012-12-12 11:45:59','Afghanistan: Progress Report - May 2012',0,'','','','',NULL,35412,NULL,NULL,NULL,NULL,NULL,54831,'Edition'),(49364,'2012-12-11 13:20:34','2012-12-12 11:45:59','Afghanistan: Progress Report - April 2012',0,'','','','',NULL,35413,NULL,NULL,NULL,NULL,NULL,54831,'Edition'),(49365,'2012-12-11 13:20:34','2012-12-12 11:45:59','Afghanistan: Progress Report - March 2012',0,'','','','',NULL,35414,NULL,NULL,NULL,NULL,NULL,54831,'Edition'),(49366,'2012-12-11 13:20:34','2012-12-12 11:45:59','Afghanistan: Progress Report - February 2012',0,'','','','',NULL,35415,NULL,NULL,NULL,NULL,NULL,54831,'Edition'),(49367,'2012-12-11 13:20:34','2012-12-12 11:45:59','Afghanistan: Progress Report - January 2012',0,'','','','',NULL,35416,NULL,NULL,NULL,NULL,NULL,54831,'Edition'),(49368,'2012-12-11 13:20:34','2012-12-12 11:45:59','Afghanistan: Progress Report - December 2011',0,'','','','',NULL,35417,NULL,NULL,NULL,NULL,NULL,54831,'Edition'),(49369,'2012-12-11 13:20:35','2012-12-12 11:45:59','Afghanistan: Progress Report - November 2011',0,'','','','',NULL,35418,NULL,NULL,NULL,NULL,NULL,54831,'Edition'),(49370,'2012-12-11 13:20:35','2012-12-12 11:45:59','Afghanistan: Progress Report - October 2011',0,'','','','',NULL,35419,NULL,NULL,NULL,NULL,NULL,54831,'Edition'),(49371,'2012-12-11 13:20:35','2012-12-12 11:45:59','Afghanistan: Progress Report - September 2011',0,'','','','',NULL,35420,NULL,NULL,NULL,NULL,NULL,54831,'Edition'),(49372,'2012-12-11 13:20:35','2012-12-12 11:45:59','Afghanistan: Progress Report - July & August 2011',0,'','','','',NULL,35421,NULL,NULL,NULL,NULL,NULL,54831,'Edition'),(49373,'2012-12-11 13:20:36','2012-12-12 11:45:59','Afghanistan: Progress Report - June 2011',0,'','','','',NULL,35422,NULL,NULL,NULL,NULL,NULL,54831,'Edition'),(49374,'2012-12-11 13:20:36','2012-12-12 11:45:59','Afghanistan: Progress Report - May 2011',0,'','','','',NULL,35423,NULL,NULL,NULL,NULL,NULL,54831,'Edition'),(49375,'2012-12-11 13:20:36','2012-12-12 11:45:59','Afghanistan: Progress Report - April 2011',0,'','','','',NULL,35424,NULL,NULL,NULL,NULL,NULL,54831,'Edition'),(49376,'2012-12-11 13:20:36','2012-12-12 11:45:59','Afghanistan: Progress Report - March 2011',0,'','','','',NULL,35425,NULL,NULL,NULL,NULL,NULL,54831,'Edition'),(49377,'2012-12-11 13:20:36','2012-12-12 11:45:59','Afghanistan: Progress Report - February 2011',0,'','','','',NULL,35426,NULL,NULL,NULL,NULL,NULL,54831,'Edition'),(49378,'2012-12-11 13:20:37','2012-12-12 11:45:59','Afghanistan: Progress Report - January 2011',0,'','','','',NULL,35427,NULL,NULL,NULL,NULL,NULL,54831,'Edition'),(49379,'2012-12-11 13:20:37','2012-12-12 11:45:59','Afghanistan: Progress Report - December 2010',0,'','','','',NULL,35428,NULL,NULL,NULL,NULL,NULL,54831,'Edition'),(49380,'2012-12-11 13:20:37','2012-12-12 11:45:59','Afghanistan: Progress Report - November 2010',0,'','','','',NULL,35429,NULL,NULL,NULL,NULL,NULL,54831,'Edition'),(49410,'2012-12-12 11:45:59','2012-12-12 11:45:59','Afghanistan: Progress Report - October 2012',0,'','','','',NULL,35973,NULL,NULL,NULL,NULL,NULL,54831,'Edition'),(61423,'2012-12-24 06:45:43','2012-12-24 06:45:43','Afghanistan: Progress Report - October 2012',0,'','','','',NULL,43368,NULL,NULL,NULL,NULL,NULL,55791,'Edition'),(61424,'2012-12-24 06:49:48','2012-12-24 06:49:48','Afghanistan: Progress Report - September 2012',0,'','','','',NULL,43369,NULL,NULL,NULL,NULL,NULL,55791,'Edition'),(61425,'2012-12-24 06:49:48','2012-12-24 06:56:14','Afghanistan: Progress Report - July to August 2012',0,'','','','',NULL,43370,NULL,NULL,NULL,NULL,NULL,55791,'Edition'),(61426,'2012-12-24 06:49:49','2012-12-24 06:56:14','Afghanistan: Progress Report - June 2012',0,'','','','',NULL,43371,NULL,NULL,NULL,NULL,NULL,55791,'Edition'),(61427,'2012-12-24 06:49:49','2012-12-24 06:56:14','Afghanistan: Progress Report - May 2012',0,'','','','',NULL,43372,NULL,NULL,NULL,NULL,NULL,55791,'Edition'),(61428,'2012-12-24 06:49:49','2012-12-24 06:56:14','Afghanistan: Progress Report - April 2012',0,'','','','',NULL,43373,NULL,NULL,NULL,NULL,NULL,55791,'Edition'),(61429,'2012-12-24 06:49:49','2012-12-24 06:56:14','Afghanistan: Progress Report - March 2012',0,'','','','',NULL,43374,NULL,NULL,NULL,NULL,NULL,55791,'Edition'),(61430,'2012-12-24 06:49:49','2012-12-24 06:56:14','Afghanistan: Progress Report - February 2012',0,'','','','',NULL,43375,NULL,NULL,NULL,NULL,NULL,55791,'Edition'),(61431,'2012-12-24 06:49:51','2012-12-24 06:56:14','Afghanistan: Progress Report - January 2012',0,'','','','',NULL,43376,NULL,NULL,NULL,NULL,NULL,55791,'Edition'),(61432,'2012-12-24 06:56:14','2012-12-24 06:56:14','Afghanistan: Progress Report - December 2011',0,'','','','',NULL,43377,NULL,NULL,NULL,NULL,NULL,55791,'Edition'),(61433,'2012-12-24 06:56:14','2012-12-24 06:58:44','Afghanistan: Progress Report - November 2011',0,'','','','',NULL,43378,NULL,NULL,NULL,NULL,NULL,55791,'Edition'),(61434,'2012-12-24 06:56:15','2012-12-24 06:58:44','Afghanistan: Progress Report - October 2011',0,'','','','',NULL,43379,NULL,NULL,NULL,NULL,NULL,55791,'Edition'),(61435,'2012-12-24 06:56:15','2012-12-24 06:58:44','Afghanistan: Progress Report - September 2011',0,'','','','',NULL,43380,NULL,NULL,NULL,NULL,NULL,55791,'Edition'),(61436,'2012-12-24 06:56:15','2012-12-24 06:58:44','Afghanistan: Progress Report - July to August 2011',0,'','','','',NULL,43381,NULL,NULL,NULL,NULL,NULL,55791,'Edition'),(61437,'2012-12-24 06:56:15','2012-12-24 06:58:44','Afghanistan: Progress Report - June 2011',0,'','','','',NULL,43382,NULL,NULL,NULL,NULL,NULL,55791,'Edition'),(61438,'2012-12-24 06:56:16','2012-12-24 06:58:44','Afghanistan: Progress Report - May 2011',0,'','','','',NULL,43383,NULL,NULL,NULL,NULL,NULL,55791,'Edition'),(61439,'2012-12-24 06:56:16','2012-12-24 06:58:44','Afghanistan: Progress Report - April 2011',0,'','','','',NULL,43384,NULL,NULL,NULL,NULL,NULL,55791,'Edition'),(61440,'2012-12-24 06:56:16','2012-12-24 06:58:44','Afghanistan: Progress Report - March 2011',0,'','','','',NULL,43385,NULL,NULL,NULL,NULL,NULL,55791,'Edition'),(61441,'2012-12-24 06:56:16','2012-12-24 06:58:44','Afghanistan: Progress Report - February 2011',0,'','','','',NULL,43386,NULL,NULL,NULL,NULL,NULL,55791,'Edition'),(61442,'2012-12-24 06:56:16','2012-12-24 06:58:44','Afghanistan: Progress Report - January 2011',0,'','','','',NULL,43387,NULL,NULL,NULL,NULL,NULL,55791,'Edition'),(61443,'2012-12-24 06:56:17','2012-12-24 06:58:44','Afghanistan: Progress Report - December 2010',0,'','','','',NULL,43388,NULL,NULL,NULL,NULL,NULL,55791,'Edition'),(61444,'2012-12-24 06:56:17','2012-12-24 06:58:44','Afghanistan: Progress Report - November 2010',0,'','','','',NULL,43389,NULL,NULL,NULL,NULL,NULL,55791,'Edition'),(94194,'2012-12-24 06:45:43','2012-12-24 06:45:43','Afghanistan: Progress Report - October 2012',0,'','','','',NULL,43368,NULL,NULL,NULL,NULL,NULL,79226,'Edition'),(94195,'2012-12-24 06:49:48','2012-12-24 06:49:48','Afghanistan: Progress Report - September 2012',0,'','','','',NULL,43369,NULL,NULL,NULL,NULL,NULL,79226,'Edition'),(94196,'2012-12-24 06:49:48','2012-12-24 06:56:14','Afghanistan: Progress Report - July to August 2012',0,'','','','',NULL,43370,NULL,NULL,NULL,NULL,NULL,79226,'Edition'),(94197,'2012-12-24 06:49:49','2012-12-24 06:56:14','Afghanistan: Progress Report - June 2012',0,'','','','',NULL,43371,NULL,NULL,NULL,NULL,NULL,79226,'Edition'),(94198,'2012-12-24 06:49:49','2012-12-24 06:56:14','Afghanistan: Progress Report - May 2012',0,'','','','',NULL,43372,NULL,NULL,NULL,NULL,NULL,79226,'Edition'),(94199,'2012-12-24 06:49:49','2012-12-24 06:56:14','Afghanistan: Progress Report - April 2012',0,'','','','',NULL,43373,NULL,NULL,NULL,NULL,NULL,79226,'Edition'),(94200,'2012-12-24 06:49:49','2012-12-24 06:56:14','Afghanistan: Progress Report - March 2012',0,'','','','',NULL,43374,NULL,NULL,NULL,NULL,NULL,79226,'Edition'),(94201,'2012-12-24 06:49:49','2012-12-24 06:56:14','Afghanistan: Progress Report - February 2012',0,'','','','',NULL,43375,NULL,NULL,NULL,NULL,NULL,79226,'Edition'),(94202,'2012-12-24 06:49:51','2012-12-24 06:56:14','Afghanistan: Progress Report - January 2012',0,'','','','',NULL,43376,NULL,NULL,NULL,NULL,NULL,79226,'Edition'),(94203,'2012-12-24 06:56:14','2012-12-24 06:56:14','Afghanistan: Progress Report - December 2011',0,'','','','',NULL,43377,NULL,NULL,NULL,NULL,NULL,79226,'Edition'),(94204,'2012-12-24 06:56:14','2012-12-24 06:58:44','Afghanistan: Progress Report - November 2011',0,'','','','',NULL,43378,NULL,NULL,NULL,NULL,NULL,79226,'Edition'),(94205,'2012-12-24 06:56:15','2012-12-24 06:58:44','Afghanistan: Progress Report - October 2011',0,'','','','',NULL,43379,NULL,NULL,NULL,NULL,NULL,79226,'Edition'),(94206,'2012-12-24 06:56:15','2012-12-24 06:58:44','Afghanistan: Progress Report - September 2011',0,'','','','',NULL,43380,NULL,NULL,NULL,NULL,NULL,79226,'Edition'),(94207,'2012-12-24 06:56:15','2012-12-24 06:58:44','Afghanistan: Progress Report - July to August 2011',0,'','','','',NULL,43381,NULL,NULL,NULL,NULL,NULL,79226,'Edition'),(94208,'2012-12-24 06:56:15','2012-12-24 06:58:44','Afghanistan: Progress Report - June 2011',0,'','','','',NULL,43382,NULL,NULL,NULL,NULL,NULL,79226,'Edition'),(94209,'2012-12-24 06:56:16','2012-12-24 06:58:44','Afghanistan: Progress Report - May 2011',0,'','','','',NULL,43383,NULL,NULL,NULL,NULL,NULL,79226,'Edition'),(94210,'2012-12-24 06:56:16','2012-12-24 06:58:44','Afghanistan: Progress Report - April 2011',0,'','','','',NULL,43384,NULL,NULL,NULL,NULL,NULL,79226,'Edition'),(94211,'2012-12-24 06:56:16','2012-12-24 06:58:44','Afghanistan: Progress Report - March 2011',0,'','','','',NULL,43385,NULL,NULL,NULL,NULL,NULL,79226,'Edition'),(94212,'2012-12-24 06:56:16','2012-12-24 06:58:44','Afghanistan: Progress Report - February 2011',0,'','','','',NULL,43386,NULL,NULL,NULL,NULL,NULL,79226,'Edition'),(94213,'2012-12-24 06:56:16','2012-12-24 06:58:44','Afghanistan: Progress Report - January 2011',0,'','','','',NULL,43387,NULL,NULL,NULL,NULL,NULL,79226,'Edition'),(94214,'2012-12-24 06:56:17','2012-12-24 06:58:44','Afghanistan: Progress Report - December 2010',0,'','','','',NULL,43388,NULL,NULL,NULL,NULL,NULL,79226,'Edition'),(94215,'2012-12-24 06:56:17','2012-12-24 06:58:44','Afghanistan: Progress Report - November 2010',0,'','','','',NULL,43389,NULL,NULL,NULL,NULL,NULL,79226,'Edition'),(94218,'2013-01-23 17:49:40','2013-01-23 17:49:40','Afghanistan: Progress Report - November and December 2012',0,'','','','',NULL,68864,NULL,NULL,NULL,NULL,NULL,79226,'Edition'),(94219,'2012-12-24 06:45:43','2012-12-24 06:45:43','Afghanistan: Progress Report - October 2012',0,'','','','',NULL,43368,NULL,NULL,NULL,NULL,NULL,79227,'Edition'),(94220,'2012-12-24 06:49:48','2012-12-24 06:49:48','Afghanistan: Progress Report - September 2012',0,'','','','',NULL,43369,NULL,NULL,NULL,NULL,NULL,79227,'Edition'),(94221,'2012-12-24 06:49:48','2012-12-24 06:56:14','Afghanistan: Progress Report - July to August 2012',0,'','','','',NULL,43370,NULL,NULL,NULL,NULL,NULL,79227,'Edition'),(94222,'2012-12-24 06:49:49','2012-12-24 06:56:14','Afghanistan: Progress Report - June 2012',0,'','','','',NULL,43371,NULL,NULL,NULL,NULL,NULL,79227,'Edition'),(94223,'2012-12-24 06:49:49','2012-12-24 06:56:14','Afghanistan: Progress Report - May 2012',0,'','','','',NULL,43372,NULL,NULL,NULL,NULL,NULL,79227,'Edition'),(94224,'2012-12-24 06:49:49','2012-12-24 06:56:14','Afghanistan: Progress Report - April 2012',0,'','','','',NULL,43373,NULL,NULL,NULL,NULL,NULL,79227,'Edition'),(94225,'2012-12-24 06:49:49','2012-12-24 06:56:14','Afghanistan: Progress Report - March 2012',0,'','','','',NULL,43374,NULL,NULL,NULL,NULL,NULL,79227,'Edition'),(94226,'2012-12-24 06:49:49','2012-12-24 06:56:14','Afghanistan: Progress Report - February 2012',0,'','','','',NULL,43375,NULL,NULL,NULL,NULL,NULL,79227,'Edition'),(94227,'2012-12-24 06:49:51','2012-12-24 06:56:14','Afghanistan: Progress Report - January 2012',0,'','','','',NULL,43376,NULL,NULL,NULL,NULL,NULL,79227,'Edition'),(94228,'2012-12-24 06:56:14','2012-12-24 06:56:14','Afghanistan: Progress Report - December 2011',0,'','','','',NULL,43377,NULL,NULL,NULL,NULL,NULL,79227,'Edition'),(94229,'2012-12-24 06:56:14','2012-12-24 06:58:44','Afghanistan: Progress Report - November 2011',0,'','','','',NULL,43378,NULL,NULL,NULL,NULL,NULL,79227,'Edition'),(94230,'2012-12-24 06:56:15','2012-12-24 06:58:44','Afghanistan: Progress Report - October 2011',0,'','','','',NULL,43379,NULL,NULL,NULL,NULL,NULL,79227,'Edition'),(94231,'2012-12-24 06:56:15','2012-12-24 06:58:44','Afghanistan: Progress Report - September 2011',0,'','','','',NULL,43380,NULL,NULL,NULL,NULL,NULL,79227,'Edition'),(94232,'2012-12-24 06:56:15','2012-12-24 06:58:44','Afghanistan: Progress Report - July to August 2011',0,'','','','',NULL,43381,NULL,NULL,NULL,NULL,NULL,79227,'Edition'),(94233,'2012-12-24 06:56:15','2012-12-24 06:58:44','Afghanistan: Progress Report - June 2011',0,'','','','',NULL,43382,NULL,NULL,NULL,NULL,NULL,79227,'Edition'),(94234,'2012-12-24 06:56:16','2012-12-24 06:58:44','Afghanistan: Progress Report - May 2011',0,'','','','',NULL,43383,NULL,NULL,NULL,NULL,NULL,79227,'Edition'),(94235,'2012-12-24 06:56:16','2012-12-24 06:58:44','Afghanistan: Progress Report - April 2011',0,'','','','',NULL,43384,NULL,NULL,NULL,NULL,NULL,79227,'Edition'),(94236,'2012-12-24 06:56:16','2012-12-24 06:58:44','Afghanistan: Progress Report - March 2011',0,'','','','',NULL,43385,NULL,NULL,NULL,NULL,NULL,79227,'Edition'),(94237,'2012-12-24 06:56:16','2012-12-24 06:58:44','Afghanistan: Progress Report - February 2011',0,'','','','',NULL,43386,NULL,NULL,NULL,NULL,NULL,79227,'Edition'),(94238,'2012-12-24 06:56:16','2012-12-24 06:58:44','Afghanistan: Progress Report - January 2011',0,'','','','',NULL,43387,NULL,NULL,NULL,NULL,NULL,79227,'Edition'),(94239,'2012-12-24 06:56:17','2012-12-24 06:58:44','Afghanistan: Progress Report - December 2010',0,'','','','',NULL,43388,NULL,NULL,NULL,NULL,NULL,79227,'Edition'),(94240,'2012-12-24 06:56:17','2012-12-24 06:58:44','Afghanistan: Progress Report - November 2010',0,'','','','',NULL,43389,NULL,NULL,NULL,NULL,NULL,79227,'Edition'),(94241,'2013-01-23 17:49:40','2013-01-23 17:49:40','Afghanistan: Progress Report - November and December 2012',0,'','','','',NULL,68864,NULL,NULL,NULL,NULL,NULL,79227,'Edition'),(175956,'2013-03-01 17:09:31','2013-03-01 17:09:31','Afghanistan: Progress Report - January 2013',0,'','','','',NULL,136226,NULL,NULL,NULL,NULL,NULL,79227,'Edition'),(214536,'2012-12-24 06:45:43','2012-12-24 06:45:43','Afghanistan: Progress Report - October 2012',0,'','','','',NULL,43368,NULL,NULL,NULL,NULL,NULL,161387,'Edition'),(214537,'2012-12-24 06:49:48','2012-12-24 06:49:48','Afghanistan: Progress Report - September 2012',0,'','','','',NULL,43369,NULL,NULL,NULL,NULL,NULL,161387,'Edition'),(214538,'2012-12-24 06:49:48','2012-12-24 06:56:14','Afghanistan: Progress Report - July to August 2012',0,'','','','',NULL,43370,NULL,NULL,NULL,NULL,NULL,161387,'Edition'),(214539,'2012-12-24 06:49:49','2012-12-24 06:56:14','Afghanistan: Progress Report - June 2012',0,'','','','',NULL,43371,NULL,NULL,NULL,NULL,NULL,161387,'Edition'),(214540,'2012-12-24 06:49:49','2012-12-24 06:56:14','Afghanistan: Progress Report - May 2012',0,'','','','',NULL,43372,NULL,NULL,NULL,NULL,NULL,161387,'Edition'),(214541,'2012-12-24 06:49:49','2012-12-24 06:56:14','Afghanistan: Progress Report - April 2012',0,'','','','',NULL,43373,NULL,NULL,NULL,NULL,NULL,161387,'Edition'),(214542,'2012-12-24 06:49:49','2012-12-24 06:56:14','Afghanistan: Progress Report - March 2012',0,'','','','',NULL,43374,NULL,NULL,NULL,NULL,NULL,161387,'Edition'),(214543,'2012-12-24 06:49:49','2012-12-24 06:56:14','Afghanistan: Progress Report - February 2012',0,'','','','',NULL,43375,NULL,NULL,NULL,NULL,NULL,161387,'Edition'),(214544,'2012-12-24 06:49:51','2012-12-24 06:56:14','Afghanistan: Progress Report - January 2012',0,'','','','',NULL,43376,NULL,NULL,NULL,NULL,NULL,161387,'Edition'),(214545,'2012-12-24 06:56:14','2012-12-24 06:56:14','Afghanistan: Progress Report - December 2011',0,'','','','',NULL,43377,NULL,NULL,NULL,NULL,NULL,161387,'Edition'),(214546,'2012-12-24 06:56:14','2012-12-24 06:58:44','Afghanistan: Progress Report - November 2011',0,'','','','',NULL,43378,NULL,NULL,NULL,NULL,NULL,161387,'Edition'),(214547,'2012-12-24 06:56:15','2012-12-24 06:58:44','Afghanistan: Progress Report - October 2011',0,'','','','',NULL,43379,NULL,NULL,NULL,NULL,NULL,161387,'Edition'),(214548,'2012-12-24 06:56:15','2012-12-24 06:58:44','Afghanistan: Progress Report - September 2011',0,'','','','',NULL,43380,NULL,NULL,NULL,NULL,NULL,161387,'Edition'),(214549,'2012-12-24 06:56:15','2012-12-24 06:58:44','Afghanistan: Progress Report - July to August 2011',0,'','','','',NULL,43381,NULL,NULL,NULL,NULL,NULL,161387,'Edition'),(214550,'2012-12-24 06:56:15','2012-12-24 06:58:44','Afghanistan: Progress Report - June 2011',0,'','','','',NULL,43382,NULL,NULL,NULL,NULL,NULL,161387,'Edition'),(214551,'2012-12-24 06:56:16','2012-12-24 06:58:44','Afghanistan: Progress Report - May 2011',0,'','','','',NULL,43383,NULL,NULL,NULL,NULL,NULL,161387,'Edition'),(214552,'2012-12-24 06:56:16','2012-12-24 06:58:44','Afghanistan: Progress Report - April 2011',0,'','','','',NULL,43384,NULL,NULL,NULL,NULL,NULL,161387,'Edition'),(214553,'2012-12-24 06:56:16','2012-12-24 06:58:44','Afghanistan: Progress Report - March 2011',0,'','','','',NULL,43385,NULL,NULL,NULL,NULL,NULL,161387,'Edition'),(214554,'2012-12-24 06:56:16','2012-12-24 06:58:44','Afghanistan: Progress Report - February 2011',0,'','','','',NULL,43386,NULL,NULL,NULL,NULL,NULL,161387,'Edition'),(214555,'2012-12-24 06:56:16','2012-12-24 06:58:44','Afghanistan: Progress Report - January 2011',0,'','','','',NULL,43387,NULL,NULL,NULL,NULL,NULL,161387,'Edition'),(214556,'2012-12-24 06:56:17','2012-12-24 06:58:44','Afghanistan: Progress Report - December 2010',0,'','','','',NULL,43388,NULL,NULL,NULL,NULL,NULL,161387,'Edition'),(214557,'2012-12-24 06:56:17','2012-12-24 06:58:44','Afghanistan: Progress Report - November 2010',0,'','','','',NULL,43389,NULL,NULL,NULL,NULL,NULL,161387,'Edition'),(214558,'2013-01-23 17:49:40','2013-01-23 17:49:40','Afghanistan: Progress Report - November and December 2012',0,'','','','',NULL,68864,NULL,NULL,NULL,NULL,NULL,161387,'Edition'),(214559,'2013-03-01 17:09:31','2013-03-01 17:09:31','Afghanistan: Progress Report - January 2013',0,'','','','',NULL,136226,NULL,NULL,NULL,NULL,NULL,161387,'Edition'),(214561,'2013-03-25 11:12:21','2013-03-25 11:12:21','Afghanistan: Progress Report - February 2013',0,'','','','',NULL,166447,NULL,NULL,NULL,NULL,NULL,161387,'Edition'),(226908,'2012-12-24 06:45:43','2012-12-24 06:45:43','Afghanistan: Progress Report - October 2012',0,'','','','',NULL,43368,NULL,NULL,NULL,NULL,NULL,170859,'Edition'),(226909,'2012-12-24 06:49:48','2012-12-24 06:49:48','Afghanistan: Progress Report - September 2012',0,'','','','',NULL,43369,NULL,NULL,NULL,NULL,NULL,170859,'Edition'),(226910,'2012-12-24 06:49:48','2012-12-24 06:56:14','Afghanistan: Progress Report - July to August 2012',0,'','','','',NULL,43370,NULL,NULL,NULL,NULL,NULL,170859,'Edition'),(226911,'2012-12-24 06:49:49','2012-12-24 06:56:14','Afghanistan: Progress Report - June 2012',0,'','','','',NULL,43371,NULL,NULL,NULL,NULL,NULL,170859,'Edition'),(226912,'2012-12-24 06:49:49','2012-12-24 06:56:14','Afghanistan: Progress Report - May 2012',0,'','','','',NULL,43372,NULL,NULL,NULL,NULL,NULL,170859,'Edition'),(226913,'2012-12-24 06:49:49','2012-12-24 06:56:14','Afghanistan: Progress Report - April 2012',0,'','','','',NULL,43373,NULL,NULL,NULL,NULL,NULL,170859,'Edition'),(226914,'2012-12-24 06:49:49','2012-12-24 06:56:14','Afghanistan: Progress Report - March 2012',0,'','','','',NULL,43374,NULL,NULL,NULL,NULL,NULL,170859,'Edition'),(226915,'2012-12-24 06:49:49','2012-12-24 06:56:14','Afghanistan: Progress Report - February 2012',0,'','','','',NULL,43375,NULL,NULL,NULL,NULL,NULL,170859,'Edition'),(226916,'2012-12-24 06:49:51','2012-12-24 06:56:14','Afghanistan: Progress Report - January 2012',0,'','','','',NULL,43376,NULL,NULL,NULL,NULL,NULL,170859,'Edition'),(226917,'2012-12-24 06:56:14','2012-12-24 06:56:14','Afghanistan: Progress Report - December 2011',0,'','','','',NULL,43377,NULL,NULL,NULL,NULL,NULL,170859,'Edition'),(226918,'2012-12-24 06:56:14','2012-12-24 06:58:44','Afghanistan: Progress Report - November 2011',0,'','','','',NULL,43378,NULL,NULL,NULL,NULL,NULL,170859,'Edition'),(226919,'2012-12-24 06:56:15','2012-12-24 06:58:44','Afghanistan: Progress Report - October 2011',0,'','','','',NULL,43379,NULL,NULL,NULL,NULL,NULL,170859,'Edition'),(226920,'2012-12-24 06:56:15','2012-12-24 06:58:44','Afghanistan: Progress Report - September 2011',0,'','','','',NULL,43380,NULL,NULL,NULL,NULL,NULL,170859,'Edition'),(226921,'2012-12-24 06:56:15','2012-12-24 06:58:44','Afghanistan: Progress Report - July to August 2011',0,'','','','',NULL,43381,NULL,NULL,NULL,NULL,NULL,170859,'Edition'),(226922,'2012-12-24 06:56:15','2012-12-24 06:58:44','Afghanistan: Progress Report - June 2011',0,'','','','',NULL,43382,NULL,NULL,NULL,NULL,NULL,170859,'Edition'),(226923,'2012-12-24 06:56:16','2012-12-24 06:58:44','Afghanistan: Progress Report - May 2011',0,'','','','',NULL,43383,NULL,NULL,NULL,NULL,NULL,170859,'Edition'),(226924,'2012-12-24 06:56:16','2012-12-24 06:58:44','Afghanistan: Progress Report - April 2011',0,'','','','',NULL,43384,NULL,NULL,NULL,NULL,NULL,170859,'Edition'),(226925,'2012-12-24 06:56:16','2012-12-24 06:58:44','Afghanistan: Progress Report - March 2011',0,'','','','',NULL,43385,NULL,NULL,NULL,NULL,NULL,170859,'Edition'),(226926,'2012-12-24 06:56:16','2012-12-24 06:58:44','Afghanistan: Progress Report - February 2011',0,'','','','',NULL,43386,NULL,NULL,NULL,NULL,NULL,170859,'Edition'),(226927,'2012-12-24 06:56:16','2012-12-24 06:58:44','Afghanistan: Progress Report - January 2011',0,'','','','',NULL,43387,NULL,NULL,NULL,NULL,NULL,170859,'Edition'),(226928,'2012-12-24 06:56:17','2012-12-24 06:58:44','Afghanistan: Progress Report - December 2010',0,'','','','',NULL,43388,NULL,NULL,NULL,NULL,NULL,170859,'Edition'),(226929,'2012-12-24 06:56:17','2012-12-24 06:58:44','Afghanistan: Progress Report - November 2010',0,'','','','',NULL,43389,NULL,NULL,NULL,NULL,NULL,170859,'Edition'),(226930,'2013-01-23 17:49:40','2013-01-23 17:49:40','Afghanistan: Progress Report - November and December 2012',0,'','','','',NULL,68864,NULL,NULL,NULL,NULL,NULL,170859,'Edition'),(226931,'2013-03-01 17:09:31','2013-03-01 17:09:31','Afghanistan: Progress Report - January 2013',0,'','','','',NULL,136226,NULL,NULL,NULL,NULL,NULL,170859,'Edition'),(226932,'2013-03-25 11:12:21','2013-03-28 13:39:45','Afghanistan: Progress Report - February 2013',0,'','','','',NULL,175691,NULL,NULL,NULL,NULL,NULL,170859,'Edition'),(254007,'2012-12-24 06:45:43','2012-12-24 06:45:43','Afghanistan: Progress Report - October 2012',0,'','','','',NULL,43368,NULL,NULL,NULL,NULL,NULL,188855,'Edition'),(254008,'2012-12-24 06:49:48','2012-12-24 06:49:48','Afghanistan: Progress Report - September 2012',0,'','','','',NULL,43369,NULL,NULL,NULL,NULL,NULL,188855,'Edition'),(254009,'2012-12-24 06:49:48','2012-12-24 06:56:14','Afghanistan: Progress Report - July to August 2012',0,'','','','',NULL,43370,NULL,NULL,NULL,NULL,NULL,188855,'Edition'),(254010,'2012-12-24 06:49:49','2012-12-24 06:56:14','Afghanistan: Progress Report - June 2012',0,'','','','',NULL,43371,NULL,NULL,NULL,NULL,NULL,188855,'Edition'),(254011,'2012-12-24 06:49:49','2012-12-24 06:56:14','Afghanistan: Progress Report - May 2012',0,'','','','',NULL,43372,NULL,NULL,NULL,NULL,NULL,188855,'Edition'),(254012,'2012-12-24 06:49:49','2012-12-24 06:56:14','Afghanistan: Progress Report - April 2012',0,'','','','',NULL,43373,NULL,NULL,NULL,NULL,NULL,188855,'Edition'),(254013,'2012-12-24 06:49:49','2012-12-24 06:56:14','Afghanistan: Progress Report - March 2012',0,'','','','',NULL,43374,NULL,NULL,NULL,NULL,NULL,188855,'Edition'),(254014,'2012-12-24 06:49:49','2012-12-24 06:56:14','Afghanistan: Progress Report - February 2012',0,'','','','',NULL,43375,NULL,NULL,NULL,NULL,NULL,188855,'Edition'),(254015,'2012-12-24 06:49:51','2012-12-24 06:56:14','Afghanistan: Progress Report - January 2012',0,'','','','',NULL,43376,NULL,NULL,NULL,NULL,NULL,188855,'Edition'),(254016,'2012-12-24 06:56:14','2012-12-24 06:56:14','Afghanistan: Progress Report - December 2011',0,'','','','',NULL,43377,NULL,NULL,NULL,NULL,NULL,188855,'Edition'),(254017,'2012-12-24 06:56:14','2012-12-24 06:58:44','Afghanistan: Progress Report - November 2011',0,'','','','',NULL,43378,NULL,NULL,NULL,NULL,NULL,188855,'Edition'),(254018,'2012-12-24 06:56:15','2012-12-24 06:58:44','Afghanistan: Progress Report - October 2011',0,'','','','',NULL,43379,NULL,NULL,NULL,NULL,NULL,188855,'Edition'),(254019,'2012-12-24 06:56:15','2012-12-24 06:58:44','Afghanistan: Progress Report - September 2011',0,'','','','',NULL,43380,NULL,NULL,NULL,NULL,NULL,188855,'Edition'),(254020,'2012-12-24 06:56:15','2012-12-24 06:58:44','Afghanistan: Progress Report - July to August 2011',0,'','','','',NULL,43381,NULL,NULL,NULL,NULL,NULL,188855,'Edition'),(254021,'2012-12-24 06:56:15','2012-12-24 06:58:44','Afghanistan: Progress Report - June 2011',0,'','','','',NULL,43382,NULL,NULL,NULL,NULL,NULL,188855,'Edition'),(254022,'2012-12-24 06:56:16','2012-12-24 06:58:44','Afghanistan: Progress Report - May 2011',0,'','','','',NULL,43383,NULL,NULL,NULL,NULL,NULL,188855,'Edition'),(254023,'2012-12-24 06:56:16','2012-12-24 06:58:44','Afghanistan: Progress Report - April 2011',0,'','','','',NULL,43384,NULL,NULL,NULL,NULL,NULL,188855,'Edition'),(254024,'2012-12-24 06:56:16','2012-12-24 06:58:44','Afghanistan: Progress Report - March 2011',0,'','','','',NULL,43385,NULL,NULL,NULL,NULL,NULL,188855,'Edition'),(254025,'2012-12-24 06:56:16','2012-12-24 06:58:44','Afghanistan: Progress Report - February 2011',0,'','','','',NULL,43386,NULL,NULL,NULL,NULL,NULL,188855,'Edition'),(254026,'2012-12-24 06:56:16','2012-12-24 06:58:44','Afghanistan: Progress Report - January 2011',0,'','','','',NULL,43387,NULL,NULL,NULL,NULL,NULL,188855,'Edition'),(254027,'2012-12-24 06:56:17','2012-12-24 06:58:44','Afghanistan: Progress Report - December 2010',0,'','','','',NULL,43388,NULL,NULL,NULL,NULL,NULL,188855,'Edition'),(254028,'2012-12-24 06:56:17','2012-12-24 06:58:44','Afghanistan: Progress Report - November 2010',0,'','','','',NULL,43389,NULL,NULL,NULL,NULL,NULL,188855,'Edition'),(254029,'2013-01-23 17:49:40','2013-01-23 17:49:40','Afghanistan: Progress Report - November and December 2012',0,'','','','',NULL,68864,NULL,NULL,NULL,NULL,NULL,188855,'Edition'),(254030,'2013-03-01 17:09:31','2013-03-01 17:09:31','Afghanistan: Progress Report - January 2013',0,'','','','',NULL,136226,NULL,NULL,NULL,NULL,NULL,188855,'Edition'),(254031,'2013-03-25 11:12:21','2013-03-28 13:39:45','Afghanistan: Progress Report - February 2013',0,'','','','',NULL,175691,NULL,NULL,NULL,NULL,NULL,188855,'Edition'),(254034,'2013-04-23 12:03:47','2013-04-23 12:03:47','Afghanistan: Preogress Report - March 2013',0,'','','','',NULL,191846,NULL,NULL,NULL,NULL,NULL,188855,'Edition'),(254117,'2012-12-24 06:45:43','2012-12-24 06:45:43','Afghanistan: Progress Report - October 2012',0,'','','','',NULL,43368,NULL,NULL,NULL,NULL,NULL,188874,'Edition'),(254118,'2012-12-24 06:49:48','2012-12-24 06:49:48','Afghanistan: Progress Report - September 2012',0,'','','','',NULL,43369,NULL,NULL,NULL,NULL,NULL,188874,'Edition'),(254119,'2012-12-24 06:49:48','2012-12-24 06:56:14','Afghanistan: Progress Report - July to August 2012',0,'','','','',NULL,43370,NULL,NULL,NULL,NULL,NULL,188874,'Edition'),(254120,'2012-12-24 06:49:49','2012-12-24 06:56:14','Afghanistan: Progress Report - June 2012',0,'','','','',NULL,43371,NULL,NULL,NULL,NULL,NULL,188874,'Edition'),(254121,'2012-12-24 06:49:49','2012-12-24 06:56:14','Afghanistan: Progress Report - May 2012',0,'','','','',NULL,43372,NULL,NULL,NULL,NULL,NULL,188874,'Edition'),(254122,'2012-12-24 06:49:49','2012-12-24 06:56:14','Afghanistan: Progress Report - April 2012',0,'','','','',NULL,43373,NULL,NULL,NULL,NULL,NULL,188874,'Edition'),(254123,'2012-12-24 06:49:49','2012-12-24 06:56:14','Afghanistan: Progress Report - March 2012',0,'','','','',NULL,43374,NULL,NULL,NULL,NULL,NULL,188874,'Edition'),(254124,'2012-12-24 06:49:49','2012-12-24 06:56:14','Afghanistan: Progress Report - February 2012',0,'','','','',NULL,43375,NULL,NULL,NULL,NULL,NULL,188874,'Edition'),(254125,'2012-12-24 06:49:51','2012-12-24 06:56:14','Afghanistan: Progress Report - January 2012',0,'','','','',NULL,43376,NULL,NULL,NULL,NULL,NULL,188874,'Edition'),(254126,'2012-12-24 06:56:14','2012-12-24 06:56:14','Afghanistan: Progress Report - December 2011',0,'','','','',NULL,43377,NULL,NULL,NULL,NULL,NULL,188874,'Edition'),(254127,'2012-12-24 06:56:14','2012-12-24 06:58:44','Afghanistan: Progress Report - November 2011',0,'','','','',NULL,43378,NULL,NULL,NULL,NULL,NULL,188874,'Edition'),(254128,'2012-12-24 06:56:15','2012-12-24 06:58:44','Afghanistan: Progress Report - October 2011',0,'','','','',NULL,43379,NULL,NULL,NULL,NULL,NULL,188874,'Edition'),(254129,'2012-12-24 06:56:15','2012-12-24 06:58:44','Afghanistan: Progress Report - September 2011',0,'','','','',NULL,43380,NULL,NULL,NULL,NULL,NULL,188874,'Edition'),(254130,'2012-12-24 06:56:15','2012-12-24 06:58:44','Afghanistan: Progress Report - July to August 2011',0,'','','','',NULL,43381,NULL,NULL,NULL,NULL,NULL,188874,'Edition'),(254131,'2012-12-24 06:56:15','2012-12-24 06:58:44','Afghanistan: Progress Report - June 2011',0,'','','','',NULL,43382,NULL,NULL,NULL,NULL,NULL,188874,'Edition'),(254132,'2012-12-24 06:56:16','2012-12-24 06:58:44','Afghanistan: Progress Report - May 2011',0,'','','','',NULL,43383,NULL,NULL,NULL,NULL,NULL,188874,'Edition'),(254133,'2012-12-24 06:56:16','2012-12-24 06:58:44','Afghanistan: Progress Report - April 2011',0,'','','','',NULL,43384,NULL,NULL,NULL,NULL,NULL,188874,'Edition'),(254134,'2012-12-24 06:56:16','2012-12-24 06:58:44','Afghanistan: Progress Report - March 2011',0,'','','','',NULL,43385,NULL,NULL,NULL,NULL,NULL,188874,'Edition'),(254135,'2012-12-24 06:56:16','2012-12-24 06:58:44','Afghanistan: Progress Report - February 2011',0,'','','','',NULL,43386,NULL,NULL,NULL,NULL,NULL,188874,'Edition'),(254136,'2012-12-24 06:56:16','2012-12-24 06:58:44','Afghanistan: Progress Report - January 2011',0,'','','','',NULL,43387,NULL,NULL,NULL,NULL,NULL,188874,'Edition'),(254137,'2012-12-24 06:56:17','2012-12-24 06:58:44','Afghanistan: Progress Report - December 2010',0,'','','','',NULL,43388,NULL,NULL,NULL,NULL,NULL,188874,'Edition'),(254138,'2012-12-24 06:56:17','2012-12-24 06:58:44','Afghanistan: Progress Report - November 2010',0,'','','','',NULL,43389,NULL,NULL,NULL,NULL,NULL,188874,'Edition'),(254139,'2013-01-23 17:49:40','2013-01-23 17:49:40','Afghanistan: Progress Report - November and December 2012',0,'','','','',NULL,68864,NULL,NULL,NULL,NULL,NULL,188874,'Edition'),(254140,'2013-03-01 17:09:31','2013-03-01 17:09:31','Afghanistan: Progress Report - January 2013',0,'','','','',NULL,136226,NULL,NULL,NULL,NULL,NULL,188874,'Edition'),(254141,'2013-03-25 11:12:21','2013-03-28 13:39:45','Afghanistan: Progress Report - February 2013',0,'','','','',NULL,175691,NULL,NULL,NULL,NULL,NULL,188874,'Edition'),(254142,'2013-04-23 12:03:47','2013-04-23 12:31:37','Afghanistan: Progress Report - March 2013',0,'','','','',NULL,191846,NULL,NULL,NULL,NULL,NULL,188874,'Edition'),(254158,'2012-12-24 06:45:43','2012-12-24 06:45:43','Afghanistan: Progress Report - October 2012',0,'','','','',NULL,43368,NULL,NULL,NULL,NULL,NULL,188881,'Edition'),(254159,'2012-12-24 06:49:48','2012-12-24 06:49:48','Afghanistan: Progress Report - September 2012',0,'','','','',NULL,43369,NULL,NULL,NULL,NULL,NULL,188881,'Edition'),(254160,'2012-12-24 06:49:48','2012-12-24 06:56:14','Afghanistan: Progress Report - July to August 2012',0,'','','','',NULL,43370,NULL,NULL,NULL,NULL,NULL,188881,'Edition'),(254161,'2012-12-24 06:49:49','2012-12-24 06:56:14','Afghanistan: Progress Report - June 2012',0,'','','','',NULL,43371,NULL,NULL,NULL,NULL,NULL,188881,'Edition'),(254162,'2012-12-24 06:49:49','2012-12-24 06:56:14','Afghanistan: Progress Report - May 2012',0,'','','','',NULL,43372,NULL,NULL,NULL,NULL,NULL,188881,'Edition'),(254163,'2012-12-24 06:49:49','2012-12-24 06:56:14','Afghanistan: Progress Report - April 2012',0,'','','','',NULL,43373,NULL,NULL,NULL,NULL,NULL,188881,'Edition'),(254164,'2012-12-24 06:49:49','2012-12-24 06:56:14','Afghanistan: Progress Report - March 2012',0,'','','','',NULL,43374,NULL,NULL,NULL,NULL,NULL,188881,'Edition'),(254165,'2012-12-24 06:49:49','2012-12-24 06:56:14','Afghanistan: Progress Report - February 2012',0,'','','','',NULL,43375,NULL,NULL,NULL,NULL,NULL,188881,'Edition'),(254166,'2012-12-24 06:49:51','2012-12-24 06:56:14','Afghanistan: Progress Report - January 2012',0,'','','','',NULL,43376,NULL,NULL,NULL,NULL,NULL,188881,'Edition'),(254167,'2012-12-24 06:56:14','2012-12-24 06:56:14','Afghanistan: Progress Report - December 2011',0,'','','','',NULL,43377,NULL,NULL,NULL,NULL,NULL,188881,'Edition'),(254168,'2012-12-24 06:56:14','2012-12-24 06:58:44','Afghanistan: Progress Report - November 2011',0,'','','','',NULL,43378,NULL,NULL,NULL,NULL,NULL,188881,'Edition'),(254169,'2012-12-24 06:56:15','2012-12-24 06:58:44','Afghanistan: Progress Report - October 2011',0,'','','','',NULL,43379,NULL,NULL,NULL,NULL,NULL,188881,'Edition'),(254170,'2012-12-24 06:56:15','2012-12-24 06:58:44','Afghanistan: Progress Report - September 2011',0,'','','','',NULL,43380,NULL,NULL,NULL,NULL,NULL,188881,'Edition'),(254171,'2012-12-24 06:56:15','2012-12-24 06:58:44','Afghanistan: Progress Report - July to August 2011',0,'','','','',NULL,43381,NULL,NULL,NULL,NULL,NULL,188881,'Edition'),(254172,'2012-12-24 06:56:15','2012-12-24 06:58:44','Afghanistan: Progress Report - June 2011',0,'','','','',NULL,43382,NULL,NULL,NULL,NULL,NULL,188881,'Edition'),(254173,'2012-12-24 06:56:16','2012-12-24 06:58:44','Afghanistan: Progress Report - May 2011',0,'','','','',NULL,43383,NULL,NULL,NULL,NULL,NULL,188881,'Edition'),(254174,'2012-12-24 06:56:16','2012-12-24 06:58:44','Afghanistan: Progress Report - April 2011',0,'','','','',NULL,43384,NULL,NULL,NULL,NULL,NULL,188881,'Edition'),(254175,'2012-12-24 06:56:16','2012-12-24 06:58:44','Afghanistan: Progress Report - March 2011',0,'','','','',NULL,43385,NULL,NULL,NULL,NULL,NULL,188881,'Edition'),(254176,'2012-12-24 06:56:16','2012-12-24 06:58:44','Afghanistan: Progress Report - February 2011',0,'','','','',NULL,43386,NULL,NULL,NULL,NULL,NULL,188881,'Edition'),(254177,'2012-12-24 06:56:16','2012-12-24 06:58:44','Afghanistan: Progress Report - January 2011',0,'','','','',NULL,43387,NULL,NULL,NULL,NULL,NULL,188881,'Edition'),(254178,'2012-12-24 06:56:17','2012-12-24 06:58:44','Afghanistan: Progress Report - December 2010',0,'','','','',NULL,43388,NULL,NULL,NULL,NULL,NULL,188881,'Edition'),(254179,'2012-12-24 06:56:17','2012-12-24 06:58:44','Afghanistan: Progress Report - November 2010',0,'','','','',NULL,43389,NULL,NULL,NULL,NULL,NULL,188881,'Edition'),(254180,'2013-01-23 17:49:40','2013-01-23 17:49:40','Afghanistan: Progress Report - November and December 2012',0,'','','','',NULL,68864,NULL,NULL,NULL,NULL,NULL,188881,'Edition'),(254181,'2013-03-01 17:09:31','2013-03-01 17:09:31','Afghanistan: Progress Report - January 2013',0,'','','','',NULL,136226,NULL,NULL,NULL,NULL,NULL,188881,'Edition'),(254182,'2013-03-25 11:12:21','2013-03-28 13:39:45','Afghanistan: Progress Report - February 2013',0,'','','','',NULL,175691,NULL,NULL,NULL,NULL,NULL,188881,'Edition'),(254921,'2012-12-24 06:45:43','2012-12-24 06:45:43','Afghanistan: Progress Report - October 2012',0,'','','','',NULL,43368,NULL,NULL,NULL,NULL,NULL,189180,'Edition'),(254922,'2012-12-24 06:49:48','2012-12-24 06:49:48','Afghanistan: Progress Report - September 2012',0,'','','','',NULL,43369,NULL,NULL,NULL,NULL,NULL,189180,'Edition'),(254923,'2012-12-24 06:49:48','2012-12-24 06:56:14','Afghanistan: Progress Report - July to August 2012',0,'','','','',NULL,43370,NULL,NULL,NULL,NULL,NULL,189180,'Edition'),(254924,'2012-12-24 06:49:49','2012-12-24 06:56:14','Afghanistan: Progress Report - June 2012',0,'','','','',NULL,43371,NULL,NULL,NULL,NULL,NULL,189180,'Edition'),(254925,'2012-12-24 06:49:49','2012-12-24 06:56:14','Afghanistan: Progress Report - May 2012',0,'','','','',NULL,43372,NULL,NULL,NULL,NULL,NULL,189180,'Edition'),(254926,'2012-12-24 06:49:49','2012-12-24 06:56:14','Afghanistan: Progress Report - April 2012',0,'','','','',NULL,43373,NULL,NULL,NULL,NULL,NULL,189180,'Edition'),(254927,'2012-12-24 06:49:49','2012-12-24 06:56:14','Afghanistan: Progress Report - March 2012',0,'','','','',NULL,43374,NULL,NULL,NULL,NULL,NULL,189180,'Edition'),(254928,'2012-12-24 06:49:49','2012-12-24 06:56:14','Afghanistan: Progress Report - February 2012',0,'','','','',NULL,43375,NULL,NULL,NULL,NULL,NULL,189180,'Edition'),(254929,'2012-12-24 06:49:51','2012-12-24 06:56:14','Afghanistan: Progress Report - January 2012',0,'','','','',NULL,43376,NULL,NULL,NULL,NULL,NULL,189180,'Edition'),(254930,'2012-12-24 06:56:14','2012-12-24 06:56:14','Afghanistan: Progress Report - December 2011',0,'','','','',NULL,43377,NULL,NULL,NULL,NULL,NULL,189180,'Edition'),(254931,'2012-12-24 06:56:14','2012-12-24 06:58:44','Afghanistan: Progress Report - November 2011',0,'','','','',NULL,43378,NULL,NULL,NULL,NULL,NULL,189180,'Edition'),(254932,'2012-12-24 06:56:15','2012-12-24 06:58:44','Afghanistan: Progress Report - October 2011',0,'','','','',NULL,43379,NULL,NULL,NULL,NULL,NULL,189180,'Edition'),(254933,'2012-12-24 06:56:15','2012-12-24 06:58:44','Afghanistan: Progress Report - September 2011',0,'','','','',NULL,43380,NULL,NULL,NULL,NULL,NULL,189180,'Edition'),(254934,'2012-12-24 06:56:15','2012-12-24 06:58:44','Afghanistan: Progress Report - July to August 2011',0,'','','','',NULL,43381,NULL,NULL,NULL,NULL,NULL,189180,'Edition'),(254935,'2012-12-24 06:56:15','2012-12-24 06:58:44','Afghanistan: Progress Report - June 2011',0,'','','','',NULL,43382,NULL,NULL,NULL,NULL,NULL,189180,'Edition'),(254936,'2012-12-24 06:56:16','2012-12-24 06:58:44','Afghanistan: Progress Report - May 2011',0,'','','','',NULL,43383,NULL,NULL,NULL,NULL,NULL,189180,'Edition'),(254937,'2012-12-24 06:56:16','2012-12-24 06:58:44','Afghanistan: Progress Report - April 2011',0,'','','','',NULL,43384,NULL,NULL,NULL,NULL,NULL,189180,'Edition'),(254938,'2012-12-24 06:56:16','2012-12-24 06:58:44','Afghanistan: Progress Report - March 2011',0,'','','','',NULL,43385,NULL,NULL,NULL,NULL,NULL,189180,'Edition'),(254939,'2012-12-24 06:56:16','2012-12-24 06:58:44','Afghanistan: Progress Report - February 2011',0,'','','','',NULL,43386,NULL,NULL,NULL,NULL,NULL,189180,'Edition'),(254940,'2012-12-24 06:56:16','2012-12-24 06:58:44','Afghanistan: Progress Report - January 2011',0,'','','','',NULL,43387,NULL,NULL,NULL,NULL,NULL,189180,'Edition'),(254941,'2012-12-24 06:56:17','2012-12-24 06:58:44','Afghanistan: Progress Report - December 2010',0,'','','','',NULL,43388,NULL,NULL,NULL,NULL,NULL,189180,'Edition'),(254942,'2012-12-24 06:56:17','2012-12-24 06:58:44','Afghanistan: Progress Report - November 2010',0,'','','','',NULL,43389,NULL,NULL,NULL,NULL,NULL,189180,'Edition'),(254943,'2013-01-23 17:49:40','2013-01-23 17:49:40','Afghanistan: Progress Report - November and December 2012',0,'','','','',NULL,68864,NULL,NULL,NULL,NULL,NULL,189180,'Edition'),(254944,'2013-03-01 17:09:31','2013-03-01 17:09:31','Afghanistan: Progress Report - January 2013',0,'','','','',NULL,136226,NULL,NULL,NULL,NULL,NULL,189180,'Edition'),(254945,'2013-03-25 11:12:21','2013-03-28 13:39:45','Afghanistan: Progress Report - February 2013',0,'','','','',NULL,175691,NULL,NULL,NULL,NULL,NULL,189180,'Edition'),(254947,'2013-04-24 10:03:32','2013-04-24 10:03:32','Afghanistan: Progress Report - March 2013',0,'','','','',NULL,192064,NULL,NULL,NULL,NULL,NULL,189180,'Edition'),(332926,'2012-12-24 06:45:43','2012-12-24 06:45:43','Afghanistan: Progress Report - October 2012',0,'','','','',NULL,43368,4,NULL,NULL,NULL,NULL,220944,'Edition'),(332927,'2012-12-24 06:49:48','2012-12-24 06:49:48','Afghanistan: Progress Report - September 2012',0,'','','','',NULL,43369,5,NULL,NULL,NULL,NULL,220944,'Edition'),(332928,'2012-12-24 06:49:48','2012-12-24 06:56:14','Afghanistan: Progress Report - July to August 2012',0,'','','','',NULL,43370,6,NULL,NULL,NULL,NULL,220944,'Edition'),(332929,'2012-12-24 06:49:49','2012-12-24 06:56:14','Afghanistan: Progress Report - June 2012',0,'','','','',NULL,43371,7,NULL,NULL,NULL,NULL,220944,'Edition'),(332930,'2012-12-24 06:49:49','2012-12-24 06:56:14','Afghanistan: Progress Report - May 2012',0,'','','','',NULL,43372,8,NULL,NULL,NULL,NULL,220944,'Edition'),(332931,'2012-12-24 06:49:49','2012-12-24 06:56:14','Afghanistan: Progress Report - April 2012',0,'','','','',NULL,43373,9,NULL,NULL,NULL,NULL,220944,'Edition'),(332932,'2012-12-24 06:49:49','2012-12-24 06:56:14','Afghanistan: Progress Report - March 2012',0,'','','','',NULL,43374,10,NULL,NULL,NULL,NULL,220944,'Edition'),(332933,'2012-12-24 06:49:49','2012-12-24 06:56:14','Afghanistan: Progress Report - February 2012',0,'','','','',NULL,43375,11,NULL,NULL,NULL,NULL,220944,'Edition'),(332934,'2012-12-24 06:49:51','2012-12-24 06:56:14','Afghanistan: Progress Report - January 2012',0,'','','','',NULL,43376,12,NULL,NULL,NULL,NULL,220944,'Edition'),(332935,'2012-12-24 06:56:14','2012-12-24 06:56:14','Afghanistan: Progress Report - December 2011',0,'','','','',NULL,43377,13,NULL,NULL,NULL,NULL,220944,'Edition'),(332936,'2012-12-24 06:56:14','2012-12-24 06:58:44','Afghanistan: Progress Report - November 2011',0,'','','','',NULL,43378,14,NULL,NULL,NULL,NULL,220944,'Edition'),(332937,'2012-12-24 06:56:15','2012-12-24 06:58:44','Afghanistan: Progress Report - October 2011',0,'','','','',NULL,43379,15,NULL,NULL,NULL,NULL,220944,'Edition'),(332938,'2012-12-24 06:56:15','2012-12-24 06:58:44','Afghanistan: Progress Report - September 2011',0,'','','','',NULL,43380,16,NULL,NULL,NULL,NULL,220944,'Edition'),(332939,'2012-12-24 06:56:15','2012-12-24 06:58:44','Afghanistan: Progress Report - July to August 2011',0,'','','','',NULL,43381,17,NULL,NULL,NULL,NULL,220944,'Edition'),(332940,'2012-12-24 06:56:15','2012-12-24 06:58:44','Afghanistan: Progress Report - June 2011',0,'','','','',NULL,43382,18,NULL,NULL,NULL,NULL,220944,'Edition'),(332941,'2012-12-24 06:56:16','2012-12-24 06:58:44','Afghanistan: Progress Report - May 2011',0,'','','','',NULL,43383,19,NULL,NULL,NULL,NULL,220944,'Edition'),(332942,'2012-12-24 06:56:16','2012-12-24 06:58:44','Afghanistan: Progress Report - April 2011',0,'','','','',NULL,43384,20,NULL,NULL,NULL,NULL,220944,'Edition'),(332943,'2012-12-24 06:56:16','2012-12-24 06:58:44','Afghanistan: Progress Report - March 2011',0,'','','','',NULL,43385,21,NULL,NULL,NULL,NULL,220944,'Edition'),(332944,'2012-12-24 06:56:16','2012-12-24 06:58:44','Afghanistan: Progress Report - February 2011',0,'','','','',NULL,43386,22,NULL,NULL,NULL,NULL,220944,'Edition'),(332945,'2012-12-24 06:56:16','2012-12-24 06:58:44','Afghanistan: Progress Report - January 2011',0,'','','','',NULL,43387,23,NULL,NULL,NULL,NULL,220944,'Edition'),(332946,'2012-12-24 06:56:17','2012-12-24 06:58:44','Afghanistan: Progress Report - December 2010',0,'','','','',NULL,43388,24,NULL,NULL,NULL,NULL,220944,'Edition'),(332947,'2012-12-24 06:56:17','2012-12-24 06:58:44','Afghanistan: Progress Report - November 2010',0,'','','','',NULL,43389,25,NULL,NULL,NULL,NULL,220944,'Edition'),(332948,'2013-01-23 17:49:40','2013-01-23 17:49:40','Afghanistan: Progress Report - November and December 2012',0,'','','','',NULL,68864,3,NULL,NULL,NULL,NULL,220944,'Edition'),(332949,'2013-03-01 17:09:31','2013-03-01 17:09:31','Afghanistan: Progress Report - January 2013',0,'','','','',NULL,136226,2,NULL,NULL,NULL,NULL,220944,'Edition'),(332950,'2013-03-25 11:12:21','2013-03-28 13:39:45','Afghanistan: Progress Report - February 2013',0,'','','','',NULL,175691,1,NULL,NULL,NULL,NULL,220944,'Edition'),(332951,'2013-04-24 10:03:32','2013-04-24 10:03:32','Afghanistan: Progress Report - March 2013',0,'','','','',NULL,192064,0,NULL,NULL,NULL,NULL,220944,'Edition'),(332968,'2012-12-24 06:56:14','2012-12-24 06:56:14','Afghanistan: Progress Report - December 2011',0,'','','','',NULL,43377,13,NULL,NULL,NULL,NULL,220949,'Edition'),(332969,'2012-12-24 06:56:14','2012-12-24 06:58:44','Afghanistan: Progress Report - November 2011',0,'','','','',NULL,43378,14,NULL,NULL,NULL,NULL,220949,'Edition'),(332970,'2012-12-24 06:56:15','2012-12-24 06:58:44','Afghanistan: Progress Report - October 2011',0,'','','','',NULL,43379,15,NULL,NULL,NULL,NULL,220949,'Edition'),(332971,'2012-12-24 06:56:15','2012-12-24 06:58:44','Afghanistan: Progress Report - September 2011',0,'','','','',NULL,43380,16,NULL,NULL,NULL,NULL,220949,'Edition'),(332972,'2012-12-24 06:56:15','2012-12-24 06:58:44','Afghanistan: Progress Report - July to August 2011',0,'','','','',NULL,43381,17,NULL,NULL,NULL,NULL,220949,'Edition'),(332973,'2012-12-24 06:56:15','2012-12-24 06:58:44','Afghanistan: Progress Report - June 2011',0,'','','','',NULL,43382,18,NULL,NULL,NULL,NULL,220949,'Edition'),(332974,'2012-12-24 06:56:16','2012-12-24 06:58:44','Afghanistan: Progress Report - May 2011',0,'','','','',NULL,43383,19,NULL,NULL,NULL,NULL,220949,'Edition'),(332975,'2012-12-24 06:56:16','2012-12-24 06:58:44','Afghanistan: Progress Report - April 2011',0,'','','','',NULL,43384,20,NULL,NULL,NULL,NULL,220949,'Edition'),(332976,'2012-12-24 06:56:16','2012-12-24 06:58:44','Afghanistan: Progress Report - March 2011',0,'','','','',NULL,43385,21,NULL,NULL,NULL,NULL,220949,'Edition'),(332977,'2012-12-24 06:56:16','2012-12-24 06:58:44','Afghanistan: Progress Report - February 2011',0,'','','','',NULL,43386,22,NULL,NULL,NULL,NULL,220949,'Edition'),(332978,'2012-12-24 06:56:16','2012-12-24 06:58:44','Afghanistan: Progress Report - January 2011',0,'','','','',NULL,43387,23,NULL,NULL,NULL,NULL,220949,'Edition'),(332979,'2012-12-24 06:56:17','2012-12-24 06:58:44','Afghanistan: Progress Report - December 2010',0,'','','','',NULL,43388,24,NULL,NULL,NULL,NULL,220949,'Edition'),(332980,'2012-12-24 06:56:17','2012-12-24 06:58:44','Afghanistan: Progress Report - November 2010',0,'','','','',NULL,43389,25,NULL,NULL,NULL,NULL,220949,'Edition');
/*!40000 ALTER TABLE `old_attachments` ENABLE KEYS */;
UNLOCK TABLES;

--
-- Dumping data for table `attachment_data`
--

LOCK TABLES `attachment_data` WRITE;
/*!40000 ALTER TABLE `attachment_data` DISABLE KEYS */;
INSERT INTO `attachment_data` (`id`, `carrierwave_file`, `content_type`, `file_size`, `number_of_pages`, `created_at`, `updated_at`, `replaced_by_id`) VALUES (35409,'afghanistan-progress-sep12.pdf','application/pdf',259540,7,'2012-12-11 13:20:33','2012-12-11 13:20:33',NULL),(35410,'afghan-progressjul-aug12.pdf','application/pdf',238688,9,'2012-12-11 13:20:33','2012-12-11 13:20:33',NULL),(35411,'afghan-progress-jun12.pdf','application/pdf',117412,6,'2012-12-11 13:20:33','2012-12-11 13:20:33',NULL),(35412,'afghan-report-may-12.pdf','application/pdf',263027,8,'2012-12-11 13:20:33','2012-12-11 13:20:33',NULL),(35413,'afghan-progress-apr12.pdf','application/pdf',187121,7,'2012-12-11 13:20:34','2012-12-11 13:20:34',NULL),(35414,'afghan-progress-mar12.pdf','application/pdf',218740,7,'2012-12-11 13:20:34','2012-12-11 13:20:34',NULL),(35415,'afghan-progress-feb12.pdf','application/pdf',190347,7,'2012-12-11 13:20:34','2012-12-11 13:20:34',NULL),(35416,'afghan-progress-jan12.pdf','application/pdf',175041,7,'2012-12-11 13:20:34','2012-12-11 13:20:34',NULL),(35417,'afghan-reportdec11.pdf','application/pdf',150048,6,'2012-12-11 13:20:34','2012-12-11 13:20:34',NULL),(35418,'afghan-progressnov11.pdf','application/pdf',224109,8,'2012-12-11 13:20:35','2012-12-11 13:20:35',NULL),(35419,'afghan-progress-oct11.pdf','application/pdf',179986,8,'2012-12-11 13:20:35','2012-12-11 13:20:35',NULL),(35420,'afghan-progress-sept11.pdf','application/pdf',185413,8,'2012-12-11 13:20:35','2012-12-11 13:20:35',NULL),(35421,'afghan-report-julyaug.pdf','application/pdf',184583,8,'2012-12-11 13:20:35','2012-12-11 13:20:35',NULL),(35422,'afghan-report-june.pdf','application/pdf',218133,7,'2012-12-11 13:20:36','2012-12-11 13:20:36',NULL),(35423,'afghan-report-may.pdf','application/pdf',143370,7,'2012-12-11 13:20:36','2012-12-11 13:20:36',NULL),(35424,'afghan-report-april.pdf','application/pdf',132172,6,'2012-12-11 13:20:36','2012-12-11 13:20:36',NULL),(35425,'afghan-report-mar.pdf','application/pdf',178063,6,'2012-12-11 13:20:36','2012-12-11 13:20:36',NULL),(35426,'afghan-report-feb.pdf','application/pdf',238456,6,'2012-12-11 13:20:36','2012-12-11 13:20:36',NULL),(35427,'afghan-report-jan.pdf','application/pdf',145844,5,'2012-12-11 13:20:37','2012-12-11 13:20:37',NULL),(35428,'afghan-report-dec.pdf','application/pdf',219129,5,'2012-12-11 13:20:37','2012-12-11 13:20:37',NULL),(35429,'afghan-report-nov.pdf','application/pdf',216363,6,'2012-12-11 13:20:37','2012-12-11 13:20:37',NULL),(35973,'Afghanistan_Monthly_Progress_Report_for_October_2012_FINAL_VERSION.pdf','application/pdf',309732,7,'2012-12-12 11:45:59','2012-12-12 11:45:59',NULL),(43368,'Afghanistan_Monthly_Progress_Report_for_October_2012_FINAL_VERSION.pdf','application/pdf',309732,7,'2012-12-24 06:45:43','2012-12-24 06:45:43',NULL),(43369,'afghanistan-progress-sep12.pdf','application/pdf',259540,7,'2012-12-24 06:49:48','2012-12-24 06:49:48',NULL),(43370,'afghan-progressjul-aug12.pdf','application/pdf',238688,9,'2012-12-24 06:49:48','2012-12-24 06:49:48',NULL),(43371,'afghan-progress-jun12.pdf','application/pdf',117412,6,'2012-12-24 06:49:48','2012-12-24 06:49:48',NULL),(43372,'afghan-report-may-12.pdf','application/pdf',263027,8,'2012-12-24 06:49:49','2012-12-24 06:49:49',NULL),(43373,'afghan-progress-apr12.pdf','application/pdf',187121,7,'2012-12-24 06:49:49','2012-12-24 06:49:49',NULL),(43374,'afghan-progress-mar12.pdf','application/pdf',218740,7,'2012-12-24 06:49:49','2012-12-24 06:49:49',NULL),(43375,'afghan-progress-feb12.pdf','application/pdf',190347,7,'2012-12-24 06:49:49','2012-12-24 06:49:49',NULL),(43376,'afghan-progress-jan12.pdf','application/pdf',175041,7,'2012-12-24 06:49:49','2012-12-24 06:49:49',NULL),(43377,'afghan-reportdec11.pdf','application/pdf',150048,6,'2012-12-24 06:56:14','2012-12-24 06:56:14',NULL),(43378,'afghan-progressnov11.pdf','application/pdf',224109,8,'2012-12-24 06:56:14','2012-12-24 06:56:14',NULL),(43379,'afghan-progress-oct11.pdf','application/pdf',179986,8,'2012-12-24 06:56:15','2012-12-24 06:56:15',NULL),(43380,'afghan-progress-sept11.pdf','application/pdf',185413,8,'2012-12-24 06:56:15','2012-12-24 06:56:15',NULL),(43381,'afghan-report-julyaug.pdf','application/pdf',184583,8,'2012-12-24 06:56:15','2012-12-24 06:56:15',NULL),(43382,'afghan-report-june.pdf','application/pdf',218133,7,'2012-12-24 06:56:15','2012-12-24 06:56:15',NULL),(43383,'afghan-report-may.pdf','application/pdf',143370,7,'2012-12-24 06:56:15','2012-12-24 06:56:15',NULL),(43384,'afghan-report-april.pdf','application/pdf',132172,6,'2012-12-24 06:56:16','2012-12-24 06:56:16',NULL),(43385,'afghan-report-mar.pdf','application/pdf',178063,6,'2012-12-24 06:56:16','2012-12-24 06:56:16',NULL),(43386,'afghan-report-feb.pdf','application/pdf',238456,6,'2012-12-24 06:56:16','2012-12-24 06:56:16',NULL),(43387,'afghan-report-jan.pdf','application/pdf',145844,5,'2012-12-24 06:56:16','2012-12-24 06:56:16',NULL),(43388,'afghan-report-dec.pdf','application/pdf',219129,5,'2012-12-24 06:56:17','2012-12-24 06:56:17',NULL),(43389,'afghan-report-nov.pdf','application/pdf',216363,6,'2012-12-24 06:56:17','2012-12-24 06:56:17',NULL),(68864,'Afghanistan_Monthly_Progress_Report_for_November_and_December_2012.pdf','application/pdf',232839,9,'2013-01-23 17:49:40','2013-01-23 17:49:40',NULL),(136226,'Afghanistan_Monthly_Progress_Report_22_January_2013.pdf','application/pdf',167803,7,'2013-03-01 17:09:31','2013-03-01 17:09:31',NULL),(166447,'WMS_Afghanistan_Monthly_Report_February_2013__commons_.pdf','application/pdf',107554,2,'2013-03-25 11:12:21','2013-03-25 11:12:21',175691),(175691,'20130320-Afghanistan_Monthly_Progress_Report_February_2013.pdf','application/pdf',421510,7,'2013-03-28 13:39:45','2013-03-28 13:39:45',NULL),(191846,'20130419_-Afghanistan_Monthly_Progress_Report_March_2013_Final_to_PM.pdf','application/pdf',400696,8,'2013-04-23 12:03:47','2013-04-23 12:03:47',NULL),(192064,'Afghanistan_Monthly_Progress_Report_March_2013.pdf','application/pdf',400843,8,'2013-04-24 10:03:32','2013-04-24 10:03:32',NULL);
/*!40000 ALTER TABLE `attachment_data` ENABLE KEYS */;
UNLOCK TABLES;
/*!40103 SET TIME_ZONE=@OLD_TIME_ZONE */;

/*!40101 SET SQL_MODE=@OLD_SQL_MODE */;
/*!40014 SET FOREIGN_KEY_CHECKS=@OLD_FOREIGN_KEY_CHECKS */;
/*!40014 SET UNIQUE_CHECKS=@OLD_UNIQUE_CHECKS */;
/*!40101 SET CHARACTER_SET_CLIENT=@OLD_CHARACTER_SET_CLIENT */;
/*!40101 SET CHARACTER_SET_RESULTS=@OLD_CHARACTER_SET_RESULTS */;
/*!40101 SET COLLATION_CONNECTION=@OLD_COLLATION_CONNECTION */;
/*!40111 SET SQL_NOTES=@OLD_SQL_NOTES */;

-- Dump completed on 2013-10-21 10:41:49
