-- MySQL dump 10.13  Distrib 5.5.12, for osx10.6 (i386)
--
-- Host: localhost    Database: whitehall_test
-- ------------------------------------------------------
-- Server version	5.5.12

/*!40101 SET @OLD_CHARACTER_SET_CLIENT=@@CHARACTER_SET_CLIENT */;
/*!40101 SET @OLD_CHARACTER_SET_RESULTS=@@CHARACTER_SET_RESULTS */;
/*!40101 SET @OLD_COLLATION_CONNECTION=@@COLLATION_CONNECTION */;
/*!40101 SET NAMES utf8 */;
/*!40103 SET @OLD_TIME_ZONE=@@TIME_ZONE */;
/*!40103 SET TIME_ZONE='+00:00' */;
/*!40014 SET @OLD_UNIQUE_CHECKS=@@UNIQUE_CHECKS, UNIQUE_CHECKS=0 */;
/*!40014 SET @OLD_FOREIGN_KEY_CHECKS=@@FOREIGN_KEY_CHECKS, FOREIGN_KEY_CHECKS=0 */;
/*!40101 SET @OLD_SQL_MODE=@@SQL_MODE, SQL_MODE='NO_AUTO_VALUE_ON_ZERO' */;
/*!40111 SET @OLD_SQL_NOTES=@@SQL_NOTES, SQL_NOTES=0 */;

--
-- Dumping data for table `documents`
--

LOCK TABLES `documents` WRITE;
/*!40000 ALTER TABLE `documents` DISABLE KEYS */;
INSERT INTO `documents` (`id`, `created_at`, `updated_at`, `slug`, `document_type`) VALUES (80781,'2013-02-13 15:12:11','2013-10-17 10:50:42','eco-brokerage-results','StatisticalDataSet');
/*!40000 ALTER TABLE `documents` ENABLE KEYS */;
UNLOCK TABLES;

--
-- Dumping data for table `editions`
--

LOCK TABLES `editions` WRITE;
/*!40000 ALTER TABLE `editions` DISABLE KEYS */;
INSERT INTO `editions` (`id`, `created_at`, `updated_at`, `lock_version`, `document_id`, `state`, `type`, `role_appointment_id`, `location`, `delivered_on`, `opening_on`, `closing_on`, `major_change_published_at`, `first_published_at`, `speech_type_id`, `stub`, `change_note`, `force_published`, `minor_change`, `publication_type_id`, `related_mainstream_content_url`, `related_mainstream_content_title`, `additional_related_mainstream_content_url`, `additional_related_mainstream_content_title`, `alternative_format_provider_id`, `published_related_publication_count`, `public_timestamp`, `primary_mainstream_category_id`, `scheduled_publication`, `replaces_businesslink`, `access_limited`, `published_major_version`, `published_minor_version`, `operational_field_id`, `roll_call_introduction`, `news_article_type_id`, `relevant_to_local_government`, `person_override`, `locale`, `external`, `external_url`) VALUES (94848,'2013-02-13 15:12:11','2013-02-18 15:37:28',4,80781,'archived','StatisticalDataSet',NULL,NULL,NULL,NULL,NULL,'2013-02-13 15:20:20','2013-01-29 00:00:00',NULL,0,NULL,1,0,NULL,NULL,NULL,NULL,NULL,11,0,'2013-01-29 00:00:00',NULL,NULL,0,0,1,0,NULL,NULL,NULL,0,NULL,'en',0,NULL),(96843,'2013-02-18 15:33:42','2013-02-27 16:59:01',7,80781,'archived','StatisticalDataSet',NULL,NULL,NULL,NULL,NULL,'2013-02-13 15:20:20','2013-01-29 00:00:00',NULL,0,'',1,1,NULL,NULL,NULL,NULL,NULL,11,0,'2013-01-29 00:00:00',NULL,NULL,0,0,1,1,NULL,NULL,NULL,0,NULL,'en',0,NULL),(129160,'2013-02-27 16:57:30','2013-03-13 17:31:08',9,80781,'archived','StatisticalDataSet',NULL,NULL,NULL,NULL,NULL,'2013-02-27 16:59:00','2013-01-29 00:00:00',NULL,0,'26 February results published',1,0,NULL,NULL,NULL,NULL,NULL,11,0,'2013-02-27 16:59:00',NULL,NULL,0,0,2,0,NULL,NULL,NULL,0,NULL,'en',0,NULL),(147695,'2013-03-13 17:28:30','2013-03-28 12:56:57',11,80781,'archived','StatisticalDataSet',NULL,NULL,NULL,NULL,NULL,'2013-02-27 16:59:00','2013-01-29 00:00:00',NULL,0,'',1,1,NULL,NULL,NULL,NULL,NULL,11,0,'2013-02-27 16:59:00',NULL,NULL,0,0,2,1,NULL,NULL,NULL,0,NULL,'en',0,NULL),(170819,'2013-03-28 12:54:37','2013-03-28 12:58:00',13,80781,'archived','StatisticalDataSet',NULL,NULL,NULL,NULL,NULL,'2013-03-28 12:56:57','2013-01-29 00:00:00',NULL,0,'Latest results published.',1,0,NULL,NULL,NULL,NULL,NULL,11,0,'2013-03-28 12:56:57',NULL,NULL,0,0,3,0,NULL,NULL,NULL,0,NULL,'en',0,NULL),(170824,'2013-03-28 12:57:07','2013-04-10 13:19:27',15,80781,'archived','StatisticalDataSet',NULL,NULL,NULL,NULL,NULL,'2013-03-28 12:56:57','2013-01-29 00:00:00',NULL,0,'',1,1,NULL,NULL,NULL,NULL,NULL,11,0,'2013-03-28 12:56:57',NULL,NULL,0,0,3,1,NULL,NULL,NULL,0,NULL,'en',0,NULL),(179743,'2013-04-10 13:18:04','2013-04-24 15:49:57',17,80781,'archived','StatisticalDataSet',NULL,NULL,NULL,NULL,NULL,'2013-04-10 13:19:27','2013-01-29 00:00:00',NULL,0,'9 April results published',1,0,NULL,NULL,NULL,NULL,NULL,11,0,'2013-04-10 13:19:27',NULL,NULL,0,0,4,0,NULL,NULL,NULL,0,NULL,'en',0,NULL),(189452,'2013-04-24 15:47:28','2013-05-09 07:59:22',19,80781,'archived','StatisticalDataSet',NULL,NULL,NULL,NULL,NULL,'2013-04-10 13:19:27','2013-01-29 00:00:00',NULL,0,'',1,1,NULL,NULL,NULL,NULL,NULL,11,0,'2013-04-10 13:19:27',NULL,NULL,0,0,4,1,NULL,NULL,NULL,0,NULL,'en',0,NULL),(196168,'2013-05-09 07:56:46','2013-05-23 11:55:40',21,80781,'archived','StatisticalDataSet',NULL,NULL,NULL,NULL,NULL,'2013-05-09 07:59:22','2013-01-29 00:00:00',NULL,0,'Results for 7 May 2013 published',1,0,NULL,NULL,NULL,NULL,NULL,11,0,'2013-05-09 07:59:22',NULL,NULL,0,0,5,0,NULL,NULL,NULL,0,NULL,'en',0,NULL),(200555,'2013-05-23 11:52:23','2013-06-05 14:40:46',24,80781,'archived','StatisticalDataSet',NULL,NULL,NULL,NULL,NULL,'2013-05-23 11:55:40','2013-01-29 00:00:00',NULL,0,'Weekly results of ECO brokerage',0,0,NULL,NULL,NULL,NULL,NULL,11,0,'2013-05-23 11:55:40',NULL,NULL,0,0,6,0,NULL,NULL,NULL,0,NULL,'en',0,NULL),(200825,'2013-05-24 10:51:00','2013-05-24 10:52:16',23,80781,'deleted','StatisticalDataSet',NULL,NULL,NULL,NULL,NULL,'2013-05-23 11:55:40','2013-01-29 00:00:00',NULL,0,NULL,NULL,0,NULL,NULL,NULL,NULL,NULL,11,0,'2013-05-23 11:55:40',NULL,NULL,0,0,6,0,NULL,NULL,NULL,0,NULL,'en',0,NULL),(203493,'2013-06-05 14:32:10','2013-06-20 09:45:51',25,80781,'archived','StatisticalDataSet',NULL,NULL,NULL,NULL,NULL,'2013-05-23 11:55:40','2013-01-29 00:00:00',NULL,0,'',1,1,NULL,NULL,NULL,NULL,NULL,11,0,'2013-05-23 11:55:40',NULL,NULL,0,0,6,1,NULL,NULL,NULL,0,NULL,'en',0,NULL),(207671,'2013-06-20 09:43:39','2013-06-20 15:17:55',28,80781,'archived','StatisticalDataSet',NULL,NULL,NULL,NULL,NULL,'2013-06-20 09:45:51','2013-01-29 00:00:00',NULL,0,'18 June results published',1,0,NULL,NULL,NULL,NULL,NULL,11,0,'2013-06-20 09:45:51',NULL,NULL,0,0,7,0,NULL,NULL,NULL,0,NULL,'en',0,NULL),(207884,'2013-06-20 15:17:14','2013-07-03 14:02:38',30,80781,'archived','StatisticalDataSet',NULL,NULL,NULL,NULL,NULL,'2013-06-20 09:45:51','2013-01-29 00:00:00',NULL,0,'',1,1,NULL,NULL,NULL,NULL,NULL,11,0,'2013-06-20 09:45:51',NULL,NULL,0,0,7,1,NULL,NULL,NULL,0,NULL,'en',0,NULL),(211389,'2013-07-03 13:59:35','2013-07-17 15:15:22',33,80781,'archived','StatisticalDataSet',NULL,NULL,NULL,NULL,NULL,'2013-07-03 14:02:38','2013-01-29 00:00:00',NULL,0,'new data added',0,0,NULL,NULL,NULL,NULL,NULL,11,0,'2013-07-03 14:02:38',NULL,NULL,0,0,8,0,NULL,NULL,NULL,0,NULL,'en',0,NULL),(213227,'2013-07-11 08:07:04','2013-07-31 14:13:00',35,80781,'archived','StatisticalDataSet',NULL,NULL,NULL,NULL,NULL,'2013-07-17 15:15:21','2013-01-29 00:00:00',NULL,0,'16 July results published',0,0,NULL,NULL,NULL,NULL,NULL,11,0,'2013-07-17 15:15:21',NULL,NULL,0,0,9,0,NULL,NULL,NULL,0,NULL,'en',0,NULL),(222690,'2013-07-31 11:03:10','2013-08-14 15:19:33',40,80781,'archived','StatisticalDataSet',NULL,NULL,NULL,NULL,NULL,'2013-07-31 14:12:59','2013-01-29 00:00:00',NULL,0,'Latest data added',0,0,NULL,NULL,NULL,NULL,NULL,11,0,'2013-07-31 14:12:59',NULL,NULL,0,0,10,0,NULL,NULL,NULL,0,NULL,'en',0,NULL),(227569,'2013-08-14 15:09:14','2013-08-28 14:56:14',43,80781,'archived','StatisticalDataSet',NULL,NULL,NULL,NULL,NULL,'2013-08-14 15:19:33','2013-01-29 00:00:00',NULL,0,'Results for week ending 13 August published',0,0,NULL,NULL,NULL,NULL,NULL,11,0,'2013-08-14 15:19:33',NULL,NULL,0,0,11,0,NULL,NULL,NULL,0,NULL,'en',0,NULL),(231196,'2013-08-28 14:50:52','2013-09-11 15:34:13',46,80781,'archived','StatisticalDataSet',NULL,NULL,NULL,NULL,NULL,'2013-08-28 14:56:14','2013-01-29 00:00:00',NULL,0,'Results for 27 August published',0,0,NULL,NULL,NULL,NULL,NULL,11,0,'2013-08-28 14:56:14',NULL,NULL,0,0,12,0,NULL,NULL,NULL,0,NULL,'en',0,NULL),(237977,'2013-09-11 14:52:50','2013-09-26 08:12:29',49,80781,'archived','StatisticalDataSet',NULL,NULL,NULL,NULL,NULL,'2013-09-11 15:34:13','2013-01-29 00:00:00',NULL,0,'Results for 10 September published',0,0,NULL,NULL,NULL,NULL,NULL,11,0,'2013-09-11 15:34:13',NULL,NULL,0,0,13,0,NULL,NULL,NULL,0,NULL,'en',0,NULL),(244032,'2013-09-26 08:07:34','2013-10-08 12:20:17',52,80781,'archived','StatisticalDataSet',NULL,NULL,NULL,NULL,NULL,'2013-09-26 08:12:29','2013-01-29 00:00:00',NULL,0,'Results for week ending 24 September published',0,0,NULL,NULL,NULL,NULL,NULL,11,0,'2013-09-26 08:12:29',NULL,NULL,0,0,14,0,NULL,NULL,NULL,0,NULL,'en',0,NULL),(248348,'2013-10-08 12:14:35','2013-10-10 10:10:37',54,80781,'archived','StatisticalDataSet',NULL,NULL,NULL,NULL,NULL,'2013-09-26 08:12:29','2013-01-29 00:00:00',NULL,0,'',1,1,NULL,NULL,NULL,NULL,NULL,11,0,'2013-09-26 08:12:29',NULL,NULL,0,0,14,1,NULL,NULL,NULL,0,NULL,'en',0,NULL),(248349,'2013-10-08 12:22:21','2013-10-08 12:27:59',55,80781,'deleted','StatisticalDataSet',NULL,NULL,NULL,NULL,NULL,'2013-09-26 08:12:29','2013-01-29 00:00:00',NULL,0,'',NULL,1,NULL,NULL,NULL,NULL,NULL,11,0,'2013-09-26 08:12:29',NULL,NULL,0,0,14,1,NULL,NULL,NULL,0,NULL,'en',0,NULL),(248750,'2013-10-09 16:04:23','2013-10-10 10:10:37',58,80781,'published','StatisticalDataSet',NULL,NULL,NULL,NULL,NULL,'2013-10-10 10:10:37','2013-01-29 00:00:00',NULL,0,'Results for week ending 8 October published',0,0,NULL,NULL,NULL,NULL,NULL,11,0,'2013-10-10 10:10:37',NULL,NULL,0,0,15,0,NULL,NULL,NULL,0,NULL,'en',0,NULL),(248857,'2013-10-10 10:15:43','2013-10-10 10:15:43',58,80781,'draft','StatisticalDataSet',NULL,NULL,NULL,NULL,NULL,'2013-10-10 10:10:37','2013-01-29 00:00:00',NULL,0,NULL,NULL,0,NULL,NULL,NULL,NULL,NULL,11,0,'2013-10-10 10:10:37',NULL,NULL,0,0,15,0,NULL,NULL,NULL,0,NULL,'en',0,NULL);
/*!40000 ALTER TABLE `editions` ENABLE KEYS */;
UNLOCK TABLES;

--
-- Dumping data for table `edition_translations`
--

LOCK TABLES `edition_translations` WRITE;
/*!40000 ALTER TABLE `edition_translations` DISABLE KEYS */;
INSERT INTO `edition_translations` (`id`, `edition_id`, `locale`, `title`, `summary`, `body`, `created_at`, `updated_at`) VALUES (46741,94848,'en','ECO brokerage results','Weekly results of ECO brokerage','Brokerage operates as a fortnightly anonymous auction where providers of the Energy Companies Obligation (ECO) can sell ‘lots’ of ECO Carbon Saving Obligation, ECO Carbon Saving Communities and ECO Affordable Warmth, to energy companies in return for ECO subsidy.\r\n\r\nBelow you can find weekly breakdowns of the results.\r\n\r\n!@2\r\n!@1','2013-02-14 15:29:50','2013-02-13 15:20:20'),(67178,96843,'en','ECO brokerage results','Weekly results of ECO brokerage','Brokerage operates as a fortnightly anonymous auction where providers of the Energy Companies Obligation (ECO) can sell ‘lots’ of ECO Carbon Saving Obligation, ECO Carbon Saving Communities and ECO Affordable Warmth, to energy companies in return for ECO subsidy.\r\n\r\nBelow you can find weekly breakdowns of the results.\r\n\r\n!@2\r\n!@1\r\n!@3','2013-02-18 15:33:42','2013-02-18 15:37:20'),(99493,129160,'en','ECO brokerage results','Weekly results of ECO brokerage','Brokerage operates as a fortnightly anonymous auction where providers of the Energy Companies Obligation (ECO) can sell ‘lots’ of ECO Carbon Saving Obligation, ECO Carbon Saving Communities and ECO Affordable Warmth, to energy companies in return for ECO subsidy.\r\n\r\nBelow you can find weekly breakdowns of the results.\r\n\r\n!@4\r\n!@2\r\n!@1\r\n!@3','2013-02-27 16:57:30','2013-02-27 16:58:46'),(118972,147695,'en','ECO brokerage results','Weekly results of ECO brokerage','Brokerage operates as a fortnightly anonymous auction where providers of the Energy Companies Obligation (ECO) can sell ‘lots’ of ECO Carbon Saving Obligation, ECO Carbon Saving Communities and ECO Affordable Warmth, to energy companies in return for ECO subsidy.\r\n\r\nBelow you can find weekly breakdowns of the results.\r\n\r\n!@5\r\n!@4\r\n!@2\r\n!@1\r\n!@3','2013-03-13 17:28:30','2013-03-13 17:30:32'),(142610,170819,'en','ECO brokerage results','Weekly results of ECO brokerage','Brokerage operates as a fortnightly anonymous auction where providers of the Energy Companies Obligation (ECO) can sell ‘lots’ of ECO Carbon Saving Obligation, ECO Carbon Saving Communities and ECO Affordable Warmth, to energy companies in return for ECO subsidy.\r\n\r\nBelow you can find weekly breakdowns of the results:\r\n\r\n!@6\r\n!@5\r\n!@4\r\n!@2\r\n!@1\r\n!@3','2013-03-28 12:54:37','2013-03-28 12:56:44'),(142615,170824,'en','ECO brokerage results','Weekly results of ECO brokerage','Brokerage operates as a fortnightly anonymous auction where providers of the Energy Companies Obligation (ECO) can sell ‘lots’ of ECO Carbon Saving Obligation, ECO Carbon Saving Communities and ECO Affordable Warmth, to energy companies in return for ECO subsidy.\r\n\r\nBelow you can find weekly breakdowns of the results:\r\n\r\n!@6\r\n!@5\r\n!@4\r\n!@2\r\n!@1\r\n!@3','2013-03-28 12:57:07','2013-03-28 12:57:07'),(152065,179743,'en','ECO brokerage results','Weekly results of ECO brokerage','Brokerage operates as a fortnightly anonymous auction where providers of the Energy Companies Obligation (ECO) can sell ‘lots’ of ECO Carbon Saving Obligation, ECO Carbon Saving Communities and ECO Affordable Warmth, to energy companies in return for ECO subsidy.\r\n\r\nBelow you can find weekly breakdowns of the results:\r\n\r\n!@7\r\n!@6\r\n!@5\r\n!@4\r\n!@2\r\n!@1\r\n!@3','2013-04-10 13:18:04','2013-04-10 13:19:15'),(162222,189452,'en','ECO brokerage results','Weekly results of ECO brokerage','Brokerage operates as a fortnightly anonymous auction where providers of the Energy Companies Obligation (ECO) can sell ‘lots’ of ECO Carbon Saving Obligation, ECO Carbon Saving Communities and ECO Affordable Warmth, to energy companies in return for ECO subsidy.\r\n\r\nBelow you can find weekly breakdowns of the results:\r\n\r\n!@8\r\n!@7\r\n!@6\r\n!@5\r\n!@4\r\n!@2\r\n!@1\r\n!@3','2013-04-24 15:47:28','2013-04-24 15:49:49'),(169201,196168,'en','ECO brokerage results','Weekly results of ECO brokerage','Brokerage operates as a fortnightly anonymous auction where providers of the Energy Companies Obligation (ECO) can sell ‘lots’ of ECO Carbon Saving Obligation, ECO Carbon Saving Communities and ECO Affordable Warmth, to energy companies in return for ECO subsidy.\r\n\r\nBelow you can find weekly breakdowns of the results:\r\n\r\n!@9\r\n!@8\r\n!@7\r\n!@6\r\n!@5\r\n!@4\r\n!@2\r\n!@1\r\n!@3','2013-05-09 07:56:46','2013-05-09 07:59:16'),(173786,200555,'en','ECO brokerage results','Weekly results of ECO brokerage','Brokerage operates as a fortnightly anonymous auction where providers of the Energy Companies Obligation (ECO) can sell ‘lots’ of ECO Carbon Saving Obligation, ECO Carbon Saving Communities and ECO Affordable Warmth, to energy companies in return for ECO subsidy.\r\n\r\nBelow you can find weekly breakdowns of the results:\r\n\r\n\r\n!@10\r\n!@9\r\n!@8\r\n!@7\r\n!@6\r\n!@5\r\n!@4\r\n!@2\r\n!@1\r\n!@3','2013-05-23 11:52:23','2013-05-23 11:55:33'),(174078,200825,'en','ECO brokerage results','Weekly results of ECO brokerage','Brokerage operates as a fortnightly anonymous auction where providers of the Energy Companies Obligation (ECO) can sell ‘lots’ of ECO Carbon Saving Obligation, ECO Carbon Saving Communities and ECO Affordable Warmth, to energy companies in return for ECO subsidy.\r\n\r\nBelow you can find weekly breakdowns of the results:\r\n\r\n\r\n!@10\r\n!@9\r\n!@8\r\n!@7\r\n!@6\r\n!@5\r\n!@4\r\n!@2\r\n!@1\r\n!@3','2013-05-24 10:51:00','2013-05-24 10:51:00'),(176879,203493,'en','ECO brokerage results','Weekly results of ECO brokerage','Brokerage operates as a fortnightly anonymous auction where providers of the Energy Companies Obligation (ECO) can sell ‘lots’ of ECO Carbon Saving Obligation, ECO Carbon Saving Communities and ECO Affordable Warmth, to energy companies in return for ECO subsidy.\r\n\r\nBelow you can find weekly breakdowns of the results:\r\n\r\n\r\n!@11\r\n!@10\r\n!@9\r\n!@8\r\n!@7\r\n!@6\r\n!@5\r\n!@4\r\n!@2\r\n!@1\r\n!@3','2013-06-05 14:32:10','2013-06-05 14:40:31'),(181386,207671,'en','ECO brokerage results','Weekly results of ECO brokerage','Brokerage operates as a fortnightly anonymous auction where providers of the Energy Companies Obligation (ECO) can sell ‘lots’ of ECO Carbon Saving Obligation, ECO Carbon Saving Communities and ECO Affordable Warmth, to energy companies in return for ECO subsidy.\r\n\r\nBelow you can find weekly breakdowns of the results:\r\n\r\n!@12\r\n!@13\r\n!@11\r\n!@10\r\n!@9\r\n!@8\r\n!@7\r\n!@6\r\n!@5\r\n!@4\r\n!@2\r\n!@1\r\n!@3','2013-06-20 09:43:39','2013-06-20 09:45:17'),(181615,207884,'en','ECO brokerage results','Weekly results of ECO brokerage','Brokerage operates as a fortnightly anonymous auction where providers of the Energy Companies Obligation (ECO) can sell ‘lots’ of ECO Carbon Saving Obligation, ECO Carbon Saving Communities and ECO Affordable Warmth, to energy companies in return for ECO subsidy.\r\n\r\nBelow you can find weekly breakdowns of the results:\r\n\r\n!@12\r\n!@13\r\n!@11\r\n!@10\r\n!@9\r\n!@8\r\n!@7\r\n!@6\r\n!@5\r\n!@4\r\n!@2\r\n!@1\r\n!@3','2013-06-20 15:17:14','2013-06-20 15:17:14'),(185342,211389,'en','ECO brokerage results','Weekly results of ECO brokerage','Brokerage operates as a fortnightly anonymous auction where providers of the Energy Companies Obligation (ECO) can sell ‘lots’ of ECO Carbon Saving Obligation, ECO Carbon Saving Communities and ECO Affordable Warmth, to energy companies in return for ECO subsidy.\r\n\r\nBelow you can find weekly breakdowns of the results:\r\n\r\n!@14\r\n!@15\r\n!@12\r\n!@13\r\n!@11\r\n!@10\r\n!@9\r\n!@8\r\n!@7\r\n!@6\r\n!@5\r\n!@4\r\n!@2\r\n!@1\r\n!@3','2013-07-03 13:59:35','2013-07-03 14:02:02'),(187354,213227,'en','ECO brokerage results','Weekly results of ECO brokerage','Brokerage operates as a fortnightly anonymous auction where providers of the Energy Companies Obligation (ECO) can sell ‘lots’ of ECO Carbon Saving Obligation, ECO Carbon Saving Communities and ECO Affordable Warmth, to energy companies in return for ECO subsidy.\r\n\r\nBelow you can find weekly breakdowns of the results:\r\n\r\n!@16\r\n!@17\r\n!@14\r\n!@15\r\n!@12\r\n!@13\r\n!@11\r\n!@10\r\n!@9\r\n!@8\r\n!@7\r\n!@6\r\n!@5\r\n!@4\r\n!@2\r\n!@1\r\n!@3','2013-07-11 08:07:04','2013-07-17 15:12:56'),(197106,222690,'en','Energy Companies Obligation (ECO) brokerage results','Results of Energy Companies Obligation (ECO) brokerage which started on 15 January 2013.','Brokerage operates as a fortnightly anonymous auction where providers of the Energy Companies Obligation (ECO) can sell ‘lots’ of ECO Carbon Saving Obligation, ECO Carbon Saving Communities and ECO Affordable Warmth, to energy companies in return for ECO subsidy.\r\n\r\nBelow you can find the breakdown of the results:\r\n\r\n!@18\r\n!@19\r\n!@16\r\n!@17\r\n!@14\r\n!@15\r\n!@12\r\n!@13\r\n!@11\r\n!@10\r\n!@9\r\n!@8\r\n!@7\r\n!@6\r\n!@5\r\n!@4\r\n!@2\r\n!@1\r\n!@3\r\n\r\n*[ECO]: Energy Companies Obligation','2013-07-31 11:03:10','2013-07-31 14:11:46'),(202141,227569,'en','Energy Companies Obligation (ECO) brokerage results','Results of Energy Companies Obligation (ECO) brokerage which started on 15 January 2013.','Brokerage operates as a fortnightly anonymous auction where providers of the Energy Companies Obligation (ECO) can sell ‘lots’ of ECO Carbon Saving Obligation, ECO Carbon Saving Communities and ECO Affordable Warmth, to energy companies in return for ECO subsidy.\r\n\r\nBelow you can find the breakdown of the results:\r\n\r\n!@20\r\n!@21\r\n!@18\r\n!@19\r\n!@16\r\n!@17\r\n!@14\r\n!@15\r\n!@12\r\n!@13\r\n!@11\r\n!@10\r\n!@9\r\n!@8\r\n!@7\r\n!@6\r\n!@5\r\n!@4\r\n!@2\r\n!@1\r\n!@3\r\n\r\n*[ECO]: Energy Companies Obligation','2013-08-14 15:09:14','2013-08-14 15:18:07'),(205951,231196,'en','Energy Companies Obligation (ECO) brokerage results','Results of Energy Companies Obligation (ECO) brokerage which started on 15 January 2013.','Brokerage operates as a fortnightly anonymous auction where providers of the Energy Companies Obligation (ECO) can sell ‘lots’ of ECO Carbon Saving Obligation, ECO Carbon Saving Communities and ECO Affordable Warmth, to energy companies in return for ECO subsidy.\r\n\r\nBelow you can find the breakdown of the results:\r\n\r\n!@22\r\n!@23\r\n!@20\r\n!@21\r\n!@18\r\n!@19\r\n!@16\r\n!@17\r\n!@14\r\n!@15\r\n!@12\r\n!@13\r\n!@11\r\n!@10\r\n!@9\r\n!@8\r\n!@7\r\n!@6\r\n!@5\r\n!@4\r\n!@2\r\n!@1\r\n!@3\r\n\r\n*[ECO]: Energy Companies Obligation','2013-08-28 14:50:52','2013-08-28 14:53:30'),(212942,237977,'en','Energy Companies Obligation (ECO) brokerage results','Results of Energy Companies Obligation (ECO) brokerage which started on 15 January 2013.','Brokerage operates as a fortnightly anonymous auction where providers of the Energy Companies Obligation (ECO) can sell ‘lots’ of ECO Carbon Saving Obligation, ECO Carbon Saving Communities and ECO Affordable Warmth, to energy companies in return for ECO subsidy.\r\n\r\nBelow you can find the breakdown of the results:\r\n\r\n!@24\r\n!@25\r\n!@22\r\n!@23\r\n!@20\r\n!@21\r\n!@18\r\n!@19\r\n!@16\r\n!@17\r\n!@14\r\n!@15\r\n!@12\r\n!@13\r\n!@11\r\n!@10\r\n!@9\r\n!@8\r\n!@7\r\n!@6\r\n!@5\r\n!@4\r\n!@2\r\n!@1\r\n!@3\r\n\r\n*[ECO]: Energy Companies Obligation','2013-09-11 14:52:50','2013-09-11 14:57:33'),(219245,244032,'en','Energy Companies Obligation (ECO) brokerage results','Results of Energy Companies Obligation (ECO) brokerage which started on 15 January 2013.','Brokerage operates as a fortnightly anonymous auction where providers of the Energy Companies Obligation (ECO) can sell ‘lots’ of ECO Carbon Saving Obligation, ECO Carbon Saving Communities and ECO Affordable Warmth, to energy companies in return for ECO subsidy.\r\n\r\nBelow you can find the breakdown of the results:\r\n\r\n!@25\r\n!@26\r\n!@24\r\n!@25\r\n!@22\r\n!@23\r\n!@20\r\n!@21\r\n!@18\r\n!@19\r\n!@16\r\n!@17\r\n!@14\r\n!@15\r\n!@12\r\n!@13\r\n!@11\r\n!@10\r\n!@9\r\n!@8\r\n!@7\r\n!@6\r\n!@5\r\n!@4\r\n!@2\r\n!@1\r\n!@3\r\n\r\n*[ECO]: Energy Companies Obligation','2013-09-26 08:07:34','2013-09-26 08:11:14'),(223756,248348,'en','Energy Companies Obligation (ECO) brokerage results','Results of Energy Companies Obligation (ECO) brokerage which started on 15 January 2013.','Brokerage operates as a fortnightly anonymous auction where providers of the Energy Companies Obligation (ECO) can sell ‘lots’ of ECO Carbon Saving Obligation, ECO Carbon Saving Communities and ECO Affordable Warmth, to energy companies in return for ECO subsidy.\r\n\r\nBelow you can find the breakdown of the results:\r\n\r\n!@25\r\n!@26\r\n!@24\r\n!@25\r\n!@22\r\n!@23\r\n!@20\r\n!@21\r\n!@18\r\n!@19\r\n!@16\r\n!@17\r\n!@14\r\n!@15\r\n!@12\r\n!@13\r\n!@11\r\n!@10\r\n!@9\r\n!@8\r\n!@7\r\n!@6\r\n!@5\r\n!@4\r\n!@2\r\n!@1\r\n!@3\r\n\r\n*[ECO]: Energy Companies Obligation','2013-10-08 12:14:35','2013-10-08 12:14:35'),(223757,248349,'en','Energy Companies Obligation (ECO) brokerage results','Results of Energy Companies Obligation (ECO) brokerage which started on 15 January 2013.','Brokerage operates as a fortnightly anonymous auction where providers of the Energy Companies Obligation (ECO) can sell ‘lots’ of ECO Carbon Saving Obligation, ECO Carbon Saving Communities and ECO Affordable Warmth, to energy companies in return for ECO subsidy.\r\n\r\nBelow you can find the breakdown of the results:\r\n\r\n!@25\r\n!@26\r\n!@24\r\n!@25\r\n!@22\r\n!@23\r\n!@20\r\n!@21\r\n!@18\r\n!@19\r\n!@16\r\n!@17\r\n!@14\r\n!@15\r\n!@12\r\n!@13\r\n!@11\r\n!@10\r\n!@9\r\n!@8\r\n!@7\r\n!@6\r\n!@5\r\n!@4\r\n!@2\r\n!@1\r\n!@3\r\n\r\n*[ECO]: Energy Companies Obligation','2013-10-08 12:22:21','2013-10-08 12:22:21'),(224187,248750,'en','Energy Companies Obligation (ECO) brokerage results','Results of Energy Companies Obligation (ECO) brokerage which started on 15 January 2013.','Brokerage operates as a fortnightly anonymous auction where providers of the Energy Companies Obligation (ECO) can sell ‘lots’ of ECO Carbon Saving Obligation, ECO Carbon Saving Communities and ECO Affordable Warmth, to energy companies in return for ECO subsidy.\r\n\r\nBelow you can find the breakdown of the results:\r\n\r\n!@28\r\n!@29\r\n!@27\r\n!@26\r\n!@25\r\n!@24\r\n!@22\r\n!@23\r\n!@20\r\n!@21\r\n!@18\r\n!@19\r\n!@16\r\n!@17\r\n!@14\r\n!@15\r\n!@12\r\n!@13\r\n!@11\r\n!@10\r\n!@9\r\n!@8\r\n!@7\r\n!@6\r\n!@5\r\n!@4\r\n!@2\r\n!@1\r\n!@3\r\n\r\n*[ECO]: Energy Companies Obligation','2013-10-09 16:04:23','2013-10-10 10:07:31'),(224307,248857,'en','Energy Companies Obligation (ECO) brokerage results','Results of Energy Companies Obligation (ECO) brokerage which started on 15 January 2013.','Brokerage operates as a fortnightly anonymous auction where providers of the Energy Companies Obligation (ECO) can sell ‘lots’ of ECO Carbon Saving Obligation, ECO Carbon Saving Communities and ECO Affordable Warmth, to energy companies in return for ECO subsidy.\r\n\r\nBelow you can find the breakdown of the results:\r\n\r\n!@28\r\n!@29\r\n!@27\r\n!@26\r\n!@25\r\n!@24\r\n!@22\r\n!@23\r\n!@20\r\n!@21\r\n!@18\r\n!@19\r\n!@16\r\n!@17\r\n!@14\r\n!@15\r\n!@12\r\n!@13\r\n!@11\r\n!@10\r\n!@9\r\n!@8\r\n!@7\r\n!@6\r\n!@5\r\n!@4\r\n!@2\r\n!@1\r\n!@3\r\n\r\n*[ECO]: Energy Companies Obligation','2013-10-10 10:15:43','2013-10-10 10:15:43');
/*!40000 ALTER TABLE `edition_translations` ENABLE KEYS */;
UNLOCK TABLES;

--
-- Dumping data for table `attachments`
--

LOCK TABLES `attachments` WRITE;
/*!40000 ALTER TABLE `attachments` DISABLE KEYS */;
INSERT INTO `attachments` (`id`, `created_at`, `updated_at`, `title`, `accessible`, `isbn`, `unique_reference`, `command_paper_number`, `order_url`, `price_in_pence`, `attachment_data_id`, `ordering`, `hoc_paper_number`, `parliamentary_session`, `unnumbered_command_paper`, `unnumbered_hoc_paper`, `attachable_id`, `attachable_type`) VALUES (113708,'2013-02-13 15:12:11','2013-02-13 15:19:36','ECO brokerage results: 29 January',0,'','','','',NULL,81676,0,NULL,NULL,NULL,NULL,94848,'Edition'),(113709,'2013-02-13 15:12:11','2013-02-13 15:19:36','ECO brokerage results: 12 February',0,'','','','',NULL,81677,1,NULL,NULL,NULL,NULL,94848,'Edition'),(118948,'2013-02-13 15:12:11','2013-02-13 15:19:36','ECO brokerage results: 29 January',0,'','','','',NULL,81676,0,NULL,NULL,NULL,NULL,96843,'Edition'),(118949,'2013-02-13 15:12:11','2013-02-13 15:19:36','ECO brokerage results: 12 February',0,'','','','',NULL,81677,1,NULL,NULL,NULL,NULL,96843,'Edition'),(118950,'2013-02-18 15:34:21','2013-02-18 15:34:21','ECO brokerage results: 15 January',0,'','','','',NULL,85745,2,NULL,NULL,NULL,NULL,96843,'Edition'),(159115,'2013-02-13 15:12:11','2013-02-13 15:19:36','ECO brokerage results: 29 January',0,'','','','',NULL,81676,0,NULL,NULL,NULL,NULL,129160,'Edition'),(159116,'2013-02-13 15:12:11','2013-02-13 15:19:36','ECO brokerage results: 12 February',0,'','','','',NULL,81677,1,NULL,NULL,NULL,NULL,129160,'Edition'),(159117,'2013-02-18 15:34:21','2013-02-18 15:34:21','ECO brokerage results: 15 January',0,'','','','',NULL,85745,2,NULL,NULL,NULL,NULL,129160,'Edition'),(159120,'2013-02-27 16:58:46','2013-02-27 16:58:46','ECO brokerage results: 26 February',0,'','','','',NULL,120751,3,NULL,NULL,NULL,NULL,129160,'Edition'),(186429,'2013-02-13 15:12:11','2013-02-13 15:19:36','ECO brokerage results: 29 January',0,'','','','',NULL,81676,0,NULL,NULL,NULL,NULL,147695,'Edition'),(186430,'2013-02-13 15:12:11','2013-02-13 15:19:36','ECO brokerage results: 12 February',0,'','','','',NULL,81677,1,NULL,NULL,NULL,NULL,147695,'Edition'),(186431,'2013-02-18 15:34:21','2013-02-18 15:34:21','ECO brokerage results: 15 January',0,'','','','',NULL,85745,2,NULL,NULL,NULL,NULL,147695,'Edition'),(186432,'2013-02-27 16:58:46','2013-02-27 16:58:46','ECO brokerage results: 26 February',0,'','','','',NULL,120751,3,NULL,NULL,NULL,NULL,147695,'Edition'),(186433,'2013-03-13 17:30:32','2013-03-13 17:30:32','ECO brokerage results: 12 March',0,'','','','',NULL,141868,4,NULL,NULL,NULL,NULL,147695,'Edition'),(226857,'2013-02-13 15:12:11','2013-03-28 12:56:44','ECO brokerage results: 29 January 2013',0,'','','','',NULL,81676,0,NULL,NULL,NULL,NULL,170819,'Edition'),(226858,'2013-02-13 15:12:11','2013-03-28 12:56:44','ECO brokerage results: 12 February 2013',0,'','','','',NULL,81677,1,NULL,NULL,NULL,NULL,170819,'Edition'),(226859,'2013-02-18 15:34:21','2013-03-28 12:56:44','ECO brokerage results: 15 January 2013',0,'','','','',NULL,85745,2,NULL,NULL,NULL,NULL,170819,'Edition'),(226860,'2013-02-27 16:58:46','2013-03-28 12:56:44','ECO brokerage results: 26 February 2013',0,'','','','',NULL,120751,3,NULL,NULL,NULL,NULL,170819,'Edition'),(226861,'2013-03-13 17:30:32','2013-03-28 12:56:44','ECO brokerage results: 12 March 2013',0,'','','','',NULL,141868,4,NULL,NULL,NULL,NULL,170819,'Edition'),(226868,'2013-03-28 12:56:44','2013-03-28 12:56:44','ECO brokerage results: 26 March 2013',0,'','','','',NULL,175684,5,NULL,NULL,NULL,NULL,170819,'Edition'),(226871,'2013-02-13 15:12:11','2013-03-28 12:56:44','ECO brokerage results: 29 January 2013',0,'','','','',NULL,81676,0,NULL,NULL,NULL,NULL,170824,'Edition'),(226872,'2013-02-13 15:12:11','2013-03-28 12:56:44','ECO brokerage results: 12 February 2013',0,'','','','',NULL,81677,1,NULL,NULL,NULL,NULL,170824,'Edition'),(226873,'2013-02-18 15:34:21','2013-03-28 12:56:44','ECO brokerage results: 15 January 2013',0,'','','','',NULL,85745,2,NULL,NULL,NULL,NULL,170824,'Edition'),(226874,'2013-02-27 16:58:46','2013-03-28 12:56:44','ECO brokerage results: 26 February 2013',0,'','','','',NULL,120751,3,NULL,NULL,NULL,NULL,170824,'Edition'),(226875,'2013-03-13 17:30:32','2013-03-28 12:56:44','ECO brokerage results: 12 March 2013',0,'','','','',NULL,141868,4,NULL,NULL,NULL,NULL,170824,'Edition'),(226876,'2013-03-28 12:56:44','2013-03-28 12:56:44','ECO brokerage results: 26 March 2013',0,'','','','',NULL,175684,5,NULL,NULL,NULL,NULL,170824,'Edition'),(240419,'2013-02-13 15:12:11','2013-03-28 12:56:44','ECO brokerage results: 29 January 2013',0,'','','','',NULL,81676,0,NULL,NULL,NULL,NULL,179743,'Edition'),(240420,'2013-02-13 15:12:11','2013-03-28 12:56:44','ECO brokerage results: 12 February 2013',0,'','','','',NULL,81677,1,NULL,NULL,NULL,NULL,179743,'Edition'),(240421,'2013-02-18 15:34:21','2013-03-28 12:56:44','ECO brokerage results: 15 January 2013',0,'','','','',NULL,85745,2,NULL,NULL,NULL,NULL,179743,'Edition'),(240422,'2013-02-27 16:58:46','2013-03-28 12:56:44','ECO brokerage results: 26 February 2013',0,'','','','',NULL,120751,3,NULL,NULL,NULL,NULL,179743,'Edition'),(240423,'2013-03-13 17:30:32','2013-03-28 12:56:44','ECO brokerage results: 12 March 2013',0,'','','','',NULL,141868,4,NULL,NULL,NULL,NULL,179743,'Edition'),(240424,'2013-03-28 12:56:44','2013-03-28 12:56:44','ECO brokerage results: 26 March 2013',0,'','','','',NULL,175684,5,NULL,NULL,NULL,NULL,179743,'Edition'),(240425,'2013-04-10 13:19:15','2013-04-10 13:19:15','ECO brokerage results: 9 April 2013',0,'','','','',NULL,184223,6,NULL,NULL,NULL,NULL,179743,'Edition'),(255680,'2013-02-13 15:12:11','2013-03-28 12:56:44','ECO brokerage results: 29 January 2013',0,'','','','',NULL,81676,0,NULL,NULL,NULL,NULL,189452,'Edition'),(255681,'2013-02-13 15:12:11','2013-03-28 12:56:44','ECO brokerage results: 12 February 2013',0,'','','','',NULL,81677,1,NULL,NULL,NULL,NULL,189452,'Edition'),(255682,'2013-02-18 15:34:21','2013-03-28 12:56:44','ECO brokerage results: 15 January 2013',0,'','','','',NULL,85745,2,NULL,NULL,NULL,NULL,189452,'Edition'),(255683,'2013-02-27 16:58:46','2013-03-28 12:56:44','ECO brokerage results: 26 February 2013',0,'','','','',NULL,120751,3,NULL,NULL,NULL,NULL,189452,'Edition'),(255684,'2013-03-13 17:30:32','2013-03-28 12:56:44','ECO brokerage results: 12 March 2013',0,'','','','',NULL,141868,4,NULL,NULL,NULL,NULL,189452,'Edition'),(255685,'2013-03-28 12:56:44','2013-03-28 12:56:44','ECO brokerage results: 26 March 2013',0,'','','','',NULL,175684,5,NULL,NULL,NULL,NULL,189452,'Edition'),(255686,'2013-04-10 13:19:15','2013-04-10 13:19:15','ECO brokerage results: 9 April 2013',0,'','','','',NULL,184223,6,NULL,NULL,NULL,NULL,189452,'Edition'),(255687,'2013-04-24 15:49:49','2013-04-24 15:49:49','ECO brokerage results: 23 April 2013',0,'','','','',NULL,192346,7,NULL,NULL,NULL,NULL,189452,'Edition'),(268061,'2013-02-13 15:12:11','2013-03-28 12:56:44','ECO brokerage results: 29 January 2013',0,'','','','',NULL,81676,0,NULL,NULL,NULL,NULL,196168,'Edition'),(268062,'2013-02-13 15:12:11','2013-03-28 12:56:44','ECO brokerage results: 12 February 2013',0,'','','','',NULL,81677,1,NULL,NULL,NULL,NULL,196168,'Edition'),(268063,'2013-02-18 15:34:21','2013-03-28 12:56:44','ECO brokerage results: 15 January 2013',0,'','','','',NULL,85745,2,NULL,NULL,NULL,NULL,196168,'Edition'),(268064,'2013-02-27 16:58:46','2013-03-28 12:56:44','ECO brokerage results: 26 February 2013',0,'','','','',NULL,120751,3,NULL,NULL,NULL,NULL,196168,'Edition'),(268065,'2013-03-13 17:30:32','2013-03-28 12:56:44','ECO brokerage results: 12 March 2013',0,'','','','',NULL,141868,4,NULL,NULL,NULL,NULL,196168,'Edition'),(268066,'2013-03-28 12:56:44','2013-03-28 12:56:44','ECO brokerage results: 26 March 2013',0,'','','','',NULL,175684,5,NULL,NULL,NULL,NULL,196168,'Edition'),(268067,'2013-04-10 13:19:15','2013-04-10 13:19:15','ECO brokerage results: 9 April 2013',0,'','','','',NULL,184223,6,NULL,NULL,NULL,NULL,196168,'Edition'),(268068,'2013-04-24 15:49:49','2013-04-24 15:49:49','ECO brokerage results: 23 April 2013',0,'','','','',NULL,192346,7,NULL,NULL,NULL,NULL,196168,'Edition'),(268069,'2013-05-09 07:59:16','2013-05-09 07:59:16','ECO brokerage results: 7 May 2013',0,'','','','',NULL,197500,8,NULL,NULL,NULL,NULL,196168,'Edition'),(282461,'2013-02-13 15:12:11','2013-03-28 12:56:44','ECO brokerage results: 29 January 2013',0,'','','','',NULL,81676,0,NULL,NULL,NULL,NULL,200555,'Edition'),(282462,'2013-02-13 15:12:11','2013-03-28 12:56:44','ECO brokerage results: 12 February 2013',0,'','','','',NULL,81677,1,NULL,NULL,NULL,NULL,200555,'Edition'),(282463,'2013-02-18 15:34:21','2013-03-28 12:56:44','ECO brokerage results: 15 January 2013',0,'','','','',NULL,85745,2,NULL,NULL,NULL,NULL,200555,'Edition'),(282464,'2013-02-27 16:58:46','2013-03-28 12:56:44','ECO brokerage results: 26 February 2013',0,'','','','',NULL,120751,3,NULL,NULL,NULL,NULL,200555,'Edition'),(282465,'2013-03-13 17:30:32','2013-03-28 12:56:44','ECO brokerage results: 12 March 2013',0,'','','','',NULL,141868,4,NULL,NULL,NULL,NULL,200555,'Edition'),(282466,'2013-03-28 12:56:44','2013-03-28 12:56:44','ECO brokerage results: 26 March 2013',0,'','','','',NULL,175684,5,NULL,NULL,NULL,NULL,200555,'Edition'),(282467,'2013-04-10 13:19:15','2013-04-10 13:19:15','ECO brokerage results: 9 April 2013',0,'','','','',NULL,184223,6,NULL,NULL,NULL,NULL,200555,'Edition'),(282468,'2013-04-24 15:49:49','2013-04-24 15:49:49','ECO brokerage results: 23 April 2013',0,'','','','',NULL,192346,7,NULL,NULL,NULL,NULL,200555,'Edition'),(282469,'2013-05-09 07:59:16','2013-05-09 07:59:16','ECO brokerage results: 7 May 2013',0,'','','','',NULL,197500,8,NULL,NULL,NULL,NULL,200555,'Edition'),(282499,'2013-05-23 11:55:33','2013-05-23 11:55:33','ECO brokerage results: 21 May 2013',0,'','','','',NULL,202878,9,NULL,NULL,NULL,NULL,200555,'Edition'),(283108,'2013-02-13 15:12:11','2013-03-28 12:56:44','ECO brokerage results: 29 January 2013',0,'','','','',NULL,81676,NULL,NULL,NULL,NULL,NULL,200825,'Edition'),(283109,'2013-02-13 15:12:11','2013-03-28 12:56:44','ECO brokerage results: 12 February 2013',0,'','','','',NULL,81677,NULL,NULL,NULL,NULL,NULL,200825,'Edition'),(283110,'2013-02-18 15:34:21','2013-03-28 12:56:44','ECO brokerage results: 15 January 2013',0,'','','','',NULL,85745,NULL,NULL,NULL,NULL,NULL,200825,'Edition'),(283111,'2013-02-27 16:58:46','2013-03-28 12:56:44','ECO brokerage results: 26 February 2013',0,'','','','',NULL,120751,NULL,NULL,NULL,NULL,NULL,200825,'Edition'),(283112,'2013-03-13 17:30:32','2013-03-28 12:56:44','ECO brokerage results: 12 March 2013',0,'','','','',NULL,141868,NULL,NULL,NULL,NULL,NULL,200825,'Edition'),(283113,'2013-03-28 12:56:44','2013-03-28 12:56:44','ECO brokerage results: 26 March 2013',0,'','','','',NULL,175684,NULL,NULL,NULL,NULL,NULL,200825,'Edition'),(283114,'2013-04-10 13:19:15','2013-04-10 13:19:15','ECO brokerage results: 9 April 2013',0,'','','','',NULL,184223,NULL,NULL,NULL,NULL,NULL,200825,'Edition'),(283115,'2013-04-24 15:49:49','2013-04-24 15:49:49','ECO brokerage results: 23 April 2013',0,'','','','',NULL,192346,NULL,NULL,NULL,NULL,NULL,200825,'Edition'),(283116,'2013-05-09 07:59:16','2013-05-09 07:59:16','ECO brokerage results: 7 May 2013',0,'','','','',NULL,197500,NULL,NULL,NULL,NULL,NULL,200825,'Edition'),(283117,'2013-05-23 11:55:33','2013-05-23 11:55:33','ECO brokerage results: 21 May 2013',0,'','','','',NULL,202878,NULL,NULL,NULL,NULL,NULL,200825,'Edition'),(289481,'2013-02-13 15:12:11','2013-03-28 12:56:44','ECO brokerage results: 29 January 2013',0,'','','','',NULL,81676,0,NULL,NULL,NULL,NULL,203493,'Edition'),(289482,'2013-02-13 15:12:11','2013-03-28 12:56:44','ECO brokerage results: 12 February 2013',0,'','','','',NULL,81677,1,NULL,NULL,NULL,NULL,203493,'Edition'),(289483,'2013-02-18 15:34:21','2013-03-28 12:56:44','ECO brokerage results: 15 January 2013',0,'','','','',NULL,85745,2,NULL,NULL,NULL,NULL,203493,'Edition'),(289484,'2013-02-27 16:58:46','2013-03-28 12:56:44','ECO brokerage results: 26 February 2013',0,'','','','',NULL,120751,3,NULL,NULL,NULL,NULL,203493,'Edition'),(289485,'2013-03-13 17:30:32','2013-03-28 12:56:44','ECO brokerage results: 12 March 2013',0,'','','','',NULL,141868,4,NULL,NULL,NULL,NULL,203493,'Edition'),(289486,'2013-03-28 12:56:44','2013-03-28 12:56:44','ECO brokerage results: 26 March 2013',0,'','','','',NULL,175684,5,NULL,NULL,NULL,NULL,203493,'Edition'),(289487,'2013-04-10 13:19:15','2013-04-10 13:19:15','ECO brokerage results: 9 April 2013',0,'','','','',NULL,184223,6,NULL,NULL,NULL,NULL,203493,'Edition'),(289488,'2013-04-24 15:49:49','2013-04-24 15:49:49','ECO brokerage results: 23 April 2013',0,'','','','',NULL,192346,7,NULL,NULL,NULL,NULL,203493,'Edition'),(289489,'2013-05-09 07:59:16','2013-05-09 07:59:16','ECO brokerage results: 7 May 2013',0,'','','','',NULL,197500,8,NULL,NULL,NULL,NULL,203493,'Edition'),(289490,'2013-05-23 11:55:33','2013-05-23 11:55:33','ECO brokerage results: 21 May 2013',0,'','','','',NULL,202878,9,NULL,NULL,NULL,NULL,203493,'Edition'),(289508,'2013-06-05 14:40:31','2013-06-05 14:40:31','ECO brokerage results: 4 June 2013',0,'','','','',NULL,205280,10,NULL,NULL,NULL,NULL,203493,'Edition'),(299499,'2013-02-13 15:12:11','2013-03-28 12:56:44','ECO brokerage results: 29 January 2013',0,'','','','',NULL,81676,0,NULL,NULL,NULL,NULL,207671,'Edition'),(299500,'2013-02-13 15:12:11','2013-03-28 12:56:44','ECO brokerage results: 12 February 2013',0,'','','','',NULL,81677,1,NULL,NULL,NULL,NULL,207671,'Edition'),(299501,'2013-02-18 15:34:21','2013-03-28 12:56:44','ECO brokerage results: 15 January 2013',0,'','','','',NULL,85745,2,NULL,NULL,NULL,NULL,207671,'Edition'),(299502,'2013-02-27 16:58:46','2013-03-28 12:56:44','ECO brokerage results: 26 February 2013',0,'','','','',NULL,120751,3,NULL,NULL,NULL,NULL,207671,'Edition'),(299503,'2013-03-13 17:30:32','2013-03-28 12:56:44','ECO brokerage results: 12 March 2013',0,'','','','',NULL,141868,4,NULL,NULL,NULL,NULL,207671,'Edition'),(299504,'2013-03-28 12:56:44','2013-03-28 12:56:44','ECO brokerage results: 26 March 2013',0,'','','','',NULL,175684,5,NULL,NULL,NULL,NULL,207671,'Edition'),(299505,'2013-04-10 13:19:15','2013-04-10 13:19:15','ECO brokerage results: 9 April 2013',0,'','','','',NULL,184223,6,NULL,NULL,NULL,NULL,207671,'Edition'),(299506,'2013-04-24 15:49:49','2013-04-24 15:49:49','ECO brokerage results: 23 April 2013',0,'','','','',NULL,192346,7,NULL,NULL,NULL,NULL,207671,'Edition'),(299507,'2013-05-09 07:59:16','2013-05-09 07:59:16','ECO brokerage results: 7 May 2013',0,'','','','',NULL,197500,8,NULL,NULL,NULL,NULL,207671,'Edition'),(299508,'2013-05-23 11:55:33','2013-05-23 11:55:33','ECO brokerage results: 21 May 2013',0,'','','','',NULL,202878,9,NULL,NULL,NULL,NULL,207671,'Edition'),(299509,'2013-06-05 14:40:31','2013-06-05 14:40:31','ECO brokerage results: 4 June 2013',0,'','','','',NULL,205280,10,NULL,NULL,NULL,NULL,207671,'Edition'),(299512,'2013-06-20 09:45:17','2013-06-20 09:45:17','ECO brokerage results: 18 June 2013 (PDF)',0,'','','','',NULL,207924,11,NULL,NULL,NULL,NULL,207671,'Edition'),(299513,'2013-06-20 09:45:17','2013-06-20 09:45:42','ECO brokerage results: 18 June 2013 (CSV)',0,'','','','',NULL,207925,12,NULL,NULL,NULL,NULL,207671,'Edition'),(299899,'2013-02-13 15:12:11','2013-03-28 12:56:44','ECO brokerage results: 29 January 2013',0,'','','','',NULL,81676,0,NULL,NULL,NULL,NULL,207884,'Edition'),(299900,'2013-02-13 15:12:11','2013-03-28 12:56:44','ECO brokerage results: 12 February 2013',0,'','','','',NULL,81677,1,NULL,NULL,NULL,NULL,207884,'Edition'),(299901,'2013-02-18 15:34:21','2013-03-28 12:56:44','ECO brokerage results: 15 January 2013',0,'','','','',NULL,85745,2,NULL,NULL,NULL,NULL,207884,'Edition'),(299902,'2013-02-27 16:58:46','2013-03-28 12:56:44','ECO brokerage results: 26 February 2013',0,'','','','',NULL,120751,3,NULL,NULL,NULL,NULL,207884,'Edition'),(299903,'2013-03-13 17:30:32','2013-03-28 12:56:44','ECO brokerage results: 12 March 2013',0,'','','','',NULL,141868,4,NULL,NULL,NULL,NULL,207884,'Edition'),(299904,'2013-03-28 12:56:44','2013-03-28 12:56:44','ECO brokerage results: 26 March 2013',0,'','','','',NULL,175684,5,NULL,NULL,NULL,NULL,207884,'Edition'),(299905,'2013-04-10 13:19:15','2013-04-10 13:19:15','ECO brokerage results: 9 April 2013',0,'','','','',NULL,184223,6,NULL,NULL,NULL,NULL,207884,'Edition'),(299906,'2013-04-24 15:49:49','2013-04-24 15:49:49','ECO brokerage results: 23 April 2013',0,'','','','',NULL,192346,7,NULL,NULL,NULL,NULL,207884,'Edition'),(299907,'2013-05-09 07:59:16','2013-05-09 07:59:16','ECO brokerage results: 7 May 2013',0,'','','','',NULL,197500,8,NULL,NULL,NULL,NULL,207884,'Edition'),(299908,'2013-05-23 11:55:33','2013-05-23 11:55:33','ECO brokerage results: 21 May 2013',0,'','','','',NULL,202878,9,NULL,NULL,NULL,NULL,207884,'Edition'),(299909,'2013-06-05 14:40:31','2013-06-05 14:40:31','ECO brokerage results: 4 June 2013',0,'','','','',NULL,205280,10,NULL,NULL,NULL,NULL,207884,'Edition'),(299910,'2013-06-20 09:45:17','2013-06-20 15:17:49','ECO brokerage results: 18 June 2013 (PDF)',0,'','','','',NULL,208057,11,NULL,NULL,NULL,NULL,207884,'Edition'),(299911,'2013-06-20 09:45:17','2013-06-20 09:45:42','ECO brokerage results: 18 June 2013 (CSV)',0,'','','','',NULL,207925,12,NULL,NULL,NULL,NULL,207884,'Edition'),(308531,'2013-02-13 15:12:11','2013-03-28 12:56:44','ECO brokerage results: 29 January 2013',0,'','','','',NULL,81676,0,NULL,NULL,NULL,NULL,211389,'Edition'),(308532,'2013-02-13 15:12:11','2013-03-28 12:56:44','ECO brokerage results: 12 February 2013',0,'','','','',NULL,81677,1,NULL,NULL,NULL,NULL,211389,'Edition'),(308533,'2013-02-18 15:34:21','2013-03-28 12:56:44','ECO brokerage results: 15 January 2013',0,'','','','',NULL,85745,2,NULL,NULL,NULL,NULL,211389,'Edition'),(308535,'2013-02-27 16:58:46','2013-03-28 12:56:44','ECO brokerage results: 26 February 2013',0,'','','','',NULL,120751,3,NULL,NULL,NULL,NULL,211389,'Edition'),(308536,'2013-03-13 17:30:32','2013-03-28 12:56:44','ECO brokerage results: 12 March 2013',0,'','','','',NULL,141868,4,NULL,NULL,NULL,NULL,211389,'Edition'),(308537,'2013-03-28 12:56:44','2013-03-28 12:56:44','ECO brokerage results: 26 March 2013',0,'','','','',NULL,175684,5,NULL,NULL,NULL,NULL,211389,'Edition'),(308538,'2013-04-10 13:19:15','2013-04-10 13:19:15','ECO brokerage results: 9 April 2013',0,'','','','',NULL,184223,6,NULL,NULL,NULL,NULL,211389,'Edition'),(308539,'2013-04-24 15:49:49','2013-04-24 15:49:49','ECO brokerage results: 23 April 2013',0,'','','','',NULL,192346,7,NULL,NULL,NULL,NULL,211389,'Edition'),(308540,'2013-05-09 07:59:16','2013-05-09 07:59:16','ECO brokerage results: 7 May 2013',0,'','','','',NULL,197500,8,NULL,NULL,NULL,NULL,211389,'Edition'),(308541,'2013-05-23 11:55:33','2013-05-23 11:55:33','ECO brokerage results: 21 May 2013',0,'','','','',NULL,202878,9,NULL,NULL,NULL,NULL,211389,'Edition'),(308542,'2013-06-05 14:40:31','2013-06-05 14:40:31','ECO brokerage results: 4 June 2013',0,'','','','',NULL,205280,10,NULL,NULL,NULL,NULL,211389,'Edition'),(308543,'2013-06-20 09:45:17','2013-06-20 15:17:49','ECO brokerage results: 18 June 2013 (PDF)',0,'','','','',NULL,208057,11,NULL,NULL,NULL,NULL,211389,'Edition'),(308544,'2013-06-20 09:45:17','2013-06-20 09:45:42','ECO brokerage results: 18 June 2013 (CSV)',0,'','','','',NULL,207925,12,NULL,NULL,NULL,NULL,211389,'Edition'),(308545,'2013-07-03 14:02:02','2013-07-03 14:02:02','ECO brokerage results: 02 July 2013 (PDF)',0,'','','','',NULL,210605,13,NULL,NULL,NULL,NULL,211389,'Edition'),(308546,'2013-07-03 14:02:02','2013-07-03 14:02:02','ECO brokerage results: 02 July 2013 (CSV)',NULL,'','','','',NULL,210606,14,NULL,NULL,NULL,NULL,211389,'Edition'),(313006,'2013-02-13 15:12:11','2013-03-28 12:56:44','ECO brokerage results: 29 January 2013',0,'','','','',NULL,81676,0,NULL,NULL,NULL,NULL,213227,'Edition'),(313007,'2013-02-13 15:12:11','2013-03-28 12:56:44','ECO brokerage results: 12 February 2013',0,'','','','',NULL,81677,1,NULL,NULL,NULL,NULL,213227,'Edition'),(313008,'2013-02-18 15:34:21','2013-03-28 12:56:44','ECO brokerage results: 15 January 2013',0,'','','','',NULL,85745,2,NULL,NULL,NULL,NULL,213227,'Edition'),(313009,'2013-02-27 16:58:46','2013-03-28 12:56:44','ECO brokerage results: 26 February 2013',0,'','','','',NULL,120751,3,NULL,NULL,NULL,NULL,213227,'Edition'),(313010,'2013-03-13 17:30:32','2013-03-28 12:56:44','ECO brokerage results: 12 March 2013',0,'','','','',NULL,141868,4,NULL,NULL,NULL,NULL,213227,'Edition'),(313011,'2013-03-28 12:56:44','2013-03-28 12:56:44','ECO brokerage results: 26 March 2013',0,'','','','',NULL,175684,5,NULL,NULL,NULL,NULL,213227,'Edition'),(313012,'2013-04-10 13:19:15','2013-04-10 13:19:15','ECO brokerage results: 9 April 2013',0,'','','','',NULL,184223,6,NULL,NULL,NULL,NULL,213227,'Edition'),(313013,'2013-04-24 15:49:49','2013-04-24 15:49:49','ECO brokerage results: 23 April 2013',0,'','','','',NULL,192346,7,NULL,NULL,NULL,NULL,213227,'Edition'),(313014,'2013-05-09 07:59:16','2013-05-09 07:59:16','ECO brokerage results: 7 May 2013',0,'','','','',NULL,197500,8,NULL,NULL,NULL,NULL,213227,'Edition'),(313015,'2013-05-23 11:55:33','2013-05-23 11:55:33','ECO brokerage results: 21 May 2013',0,'','','','',NULL,202878,9,NULL,NULL,NULL,NULL,213227,'Edition'),(313016,'2013-06-05 14:40:31','2013-06-05 14:40:31','ECO brokerage results: 4 June 2013',0,'','','','',NULL,205280,10,NULL,NULL,NULL,NULL,213227,'Edition'),(313017,'2013-06-20 09:45:17','2013-06-20 15:17:49','ECO brokerage results: 18 June 2013 (PDF)',0,'','','','',NULL,208057,11,NULL,NULL,NULL,NULL,213227,'Edition'),(313018,'2013-06-20 09:45:17','2013-06-20 09:45:42','ECO brokerage results: 18 June 2013 (CSV)',0,'','','','',NULL,207925,12,NULL,NULL,NULL,NULL,213227,'Edition'),(313019,'2013-07-03 14:02:02','2013-07-03 14:02:02','ECO brokerage results: 02 July 2013 (PDF)',0,'','','','',NULL,210605,13,NULL,NULL,NULL,NULL,213227,'Edition'),(313020,'2013-07-03 14:02:02','2013-07-17 15:12:56','ECO brokerage results: 02 July 2013 (CSV)',0,'','','','',NULL,210606,14,NULL,NULL,NULL,NULL,213227,'Edition'),(329601,'2013-07-17 15:12:57','2013-07-17 15:12:57','ECO brokerage results: 16 July 2013 (PDF)',0,'','','','',NULL,223938,15,NULL,NULL,NULL,NULL,213227,'Edition'),(329602,'2013-07-17 15:12:57','2013-07-17 15:12:57','ECO brokerage results: 16 July 2013 (CSV)',0,'','','','',NULL,223939,16,NULL,NULL,NULL,NULL,213227,'Edition'),(339163,'2013-02-13 15:12:11','2013-03-28 12:56:44','ECO brokerage results: 29 January 2013',0,'','','','',NULL,81676,0,NULL,NULL,NULL,NULL,222690,'Edition'),(339164,'2013-02-13 15:12:11','2013-03-28 12:56:44','ECO brokerage results: 12 February 2013',0,'','','','',NULL,81677,1,NULL,NULL,NULL,NULL,222690,'Edition'),(339165,'2013-02-18 15:34:21','2013-03-28 12:56:44','ECO brokerage results: 15 January 2013',0,'','','','',NULL,85745,2,NULL,NULL,NULL,NULL,222690,'Edition'),(339166,'2013-02-27 16:58:46','2013-03-28 12:56:44','ECO brokerage results: 26 February 2013',0,'','','','',NULL,120751,3,NULL,NULL,NULL,NULL,222690,'Edition'),(339167,'2013-03-13 17:30:32','2013-03-28 12:56:44','ECO brokerage results: 12 March 2013',0,'','','','',NULL,141868,4,NULL,NULL,NULL,NULL,222690,'Edition'),(339168,'2013-03-28 12:56:44','2013-03-28 12:56:44','ECO brokerage results: 26 March 2013',0,'','','','',NULL,175684,5,NULL,NULL,NULL,NULL,222690,'Edition'),(339169,'2013-04-10 13:19:15','2013-04-10 13:19:15','ECO brokerage results: 9 April 2013',0,'','','','',NULL,184223,6,NULL,NULL,NULL,NULL,222690,'Edition'),(339170,'2013-04-24 15:49:49','2013-04-24 15:49:49','ECO brokerage results: 23 April 2013',0,'','','','',NULL,192346,7,NULL,NULL,NULL,NULL,222690,'Edition'),(339171,'2013-05-09 07:59:16','2013-05-09 07:59:16','ECO brokerage results: 7 May 2013',0,'','','','',NULL,197500,8,NULL,NULL,NULL,NULL,222690,'Edition'),(339172,'2013-05-23 11:55:33','2013-05-23 11:55:33','ECO brokerage results: 21 May 2013',0,'','','','',NULL,202878,9,NULL,NULL,NULL,NULL,222690,'Edition'),(339173,'2013-06-05 14:40:31','2013-06-05 14:40:31','ECO brokerage results: 4 June 2013',0,'','','','',NULL,205280,10,NULL,NULL,NULL,NULL,222690,'Edition'),(339174,'2013-06-20 09:45:17','2013-06-20 15:17:49','ECO brokerage results: 18 June 2013 (PDF)',0,'','','','',NULL,208057,11,NULL,NULL,NULL,NULL,222690,'Edition'),(339175,'2013-06-20 09:45:17','2013-06-20 09:45:42','ECO brokerage results: 18 June 2013 (CSV)',0,'','','','',NULL,207925,12,NULL,NULL,NULL,NULL,222690,'Edition'),(339176,'2013-07-03 14:02:02','2013-07-03 14:02:02','ECO brokerage results: 02 July 2013 (PDF)',0,'','','','',NULL,210605,13,NULL,NULL,NULL,NULL,222690,'Edition'),(339177,'2013-07-03 14:02:02','2013-07-17 15:12:56','ECO brokerage results: 02 July 2013 (CSV)',0,'','','','',NULL,210606,14,NULL,NULL,NULL,NULL,222690,'Edition'),(339178,'2013-07-17 15:12:57','2013-07-17 15:12:57','ECO brokerage results: 16 July 2013 (PDF)',0,'','','','',NULL,223938,15,NULL,NULL,NULL,NULL,222690,'Edition'),(339179,'2013-07-17 15:12:57','2013-07-17 15:12:57','ECO brokerage results: 16 July 2013 (CSV)',0,'','','','',NULL,223939,16,NULL,NULL,NULL,NULL,222690,'Edition'),(339517,'2013-07-31 14:08:38','2013-07-31 14:11:30','ECO brokerage results: 30 July 2013 (PDF)',0,'','','','',NULL,226058,17,NULL,NULL,NULL,NULL,222690,'Edition'),(339518,'2013-07-31 14:09:13','2013-07-31 14:11:16','ECO brokerage results: 30 July 2013 (CSV)',0,'','','','',NULL,226059,18,NULL,NULL,NULL,NULL,222690,'Edition'),(350227,'2013-02-13 15:12:11','2013-03-28 12:56:44','ECO brokerage results: 29 January 2013',0,'','','','',NULL,81676,0,NULL,NULL,NULL,NULL,227569,'Edition'),(350228,'2013-02-13 15:12:11','2013-03-28 12:56:44','ECO brokerage results: 12 February 2013',0,'','','','',NULL,81677,1,NULL,NULL,NULL,NULL,227569,'Edition'),(350229,'2013-02-18 15:34:21','2013-03-28 12:56:44','ECO brokerage results: 15 January 2013',0,'','','','',NULL,85745,2,NULL,NULL,NULL,NULL,227569,'Edition'),(350230,'2013-02-27 16:58:46','2013-03-28 12:56:44','ECO brokerage results: 26 February 2013',0,'','','','',NULL,120751,3,NULL,NULL,NULL,NULL,227569,'Edition'),(350231,'2013-03-13 17:30:32','2013-03-28 12:56:44','ECO brokerage results: 12 March 2013',0,'','','','',NULL,141868,4,NULL,NULL,NULL,NULL,227569,'Edition'),(350232,'2013-03-28 12:56:44','2013-03-28 12:56:44','ECO brokerage results: 26 March 2013',0,'','','','',NULL,175684,5,NULL,NULL,NULL,NULL,227569,'Edition'),(350233,'2013-04-10 13:19:15','2013-04-10 13:19:15','ECO brokerage results: 9 April 2013',0,'','','','',NULL,184223,6,NULL,NULL,NULL,NULL,227569,'Edition'),(350234,'2013-04-24 15:49:49','2013-04-24 15:49:49','ECO brokerage results: 23 April 2013',0,'','','','',NULL,192346,7,NULL,NULL,NULL,NULL,227569,'Edition'),(350235,'2013-05-09 07:59:16','2013-05-09 07:59:16','ECO brokerage results: 7 May 2013',0,'','','','',NULL,197500,8,NULL,NULL,NULL,NULL,227569,'Edition'),(350236,'2013-05-23 11:55:33','2013-05-23 11:55:33','ECO brokerage results: 21 May 2013',0,'','','','',NULL,202878,9,NULL,NULL,NULL,NULL,227569,'Edition'),(350237,'2013-06-05 14:40:31','2013-06-05 14:40:31','ECO brokerage results: 4 June 2013',0,'','','','',NULL,205280,10,NULL,NULL,NULL,NULL,227569,'Edition'),(350238,'2013-06-20 09:45:17','2013-06-20 15:17:49','ECO brokerage results: 18 June 2013 (PDF)',0,'','','','',NULL,208057,11,NULL,NULL,NULL,NULL,227569,'Edition'),(350239,'2013-06-20 09:45:17','2013-06-20 09:45:42','ECO brokerage results: 18 June 2013 (CSV)',0,'','','','',NULL,207925,12,NULL,NULL,NULL,NULL,227569,'Edition'),(350240,'2013-07-03 14:02:02','2013-07-03 14:02:02','ECO brokerage results: 02 July 2013 (PDF)',0,'','','','',NULL,210605,13,NULL,NULL,NULL,NULL,227569,'Edition'),(350241,'2013-07-03 14:02:02','2013-07-17 15:12:56','ECO brokerage results: 02 July 2013 (CSV)',0,'','','','',NULL,210606,14,NULL,NULL,NULL,NULL,227569,'Edition'),(350242,'2013-07-17 15:12:57','2013-07-17 15:12:57','ECO brokerage results: 16 July 2013 (PDF)',0,'','','','',NULL,223938,15,NULL,NULL,NULL,NULL,227569,'Edition'),(350243,'2013-07-17 15:12:57','2013-07-17 15:12:57','ECO brokerage results: 16 July 2013 (CSV)',0,'','','','',NULL,223939,16,NULL,NULL,NULL,NULL,227569,'Edition'),(350244,'2013-07-31 14:08:38','2013-07-31 14:11:30','ECO brokerage results: 30 July 2013 (PDF)',0,'','','','',NULL,226058,17,NULL,NULL,NULL,NULL,227569,'Edition'),(350245,'2013-07-31 14:09:13','2013-07-31 14:11:16','ECO brokerage results: 30 July 2013 (CSV)',0,'','','','',NULL,226059,18,NULL,NULL,NULL,NULL,227569,'Edition'),(350248,'2013-08-14 15:15:29','2013-08-14 15:17:24','ECO brokerage results: 13 August 2013 (PDF)',0,'','','','',NULL,229782,19,NULL,NULL,0,NULL,227569,'Edition'),(350249,'2013-08-14 15:17:03','2013-08-14 15:17:04','ECO brokerage results: 13 August 2013 (CSV)',0,'','','','',NULL,229783,20,NULL,NULL,0,NULL,227569,'Edition'),(358696,'2013-02-13 15:12:11','2013-03-28 12:56:44','ECO brokerage results: 29 January 2013',0,'','','','',NULL,81676,0,NULL,NULL,NULL,NULL,231196,'Edition'),(358697,'2013-02-13 15:12:11','2013-03-28 12:56:44','ECO brokerage results: 12 February 2013',0,'','','','',NULL,81677,1,NULL,NULL,NULL,NULL,231196,'Edition'),(358698,'2013-02-18 15:34:21','2013-03-28 12:56:44','ECO brokerage results: 15 January 2013',0,'','','','',NULL,85745,2,NULL,NULL,NULL,NULL,231196,'Edition'),(358699,'2013-02-27 16:58:46','2013-03-28 12:56:44','ECO brokerage results: 26 February 2013',0,'','','','',NULL,120751,3,NULL,NULL,NULL,NULL,231196,'Edition'),(358700,'2013-03-13 17:30:32','2013-03-28 12:56:44','ECO brokerage results: 12 March 2013',0,'','','','',NULL,141868,4,NULL,NULL,NULL,NULL,231196,'Edition'),(358701,'2013-03-28 12:56:44','2013-03-28 12:56:44','ECO brokerage results: 26 March 2013',0,'','','','',NULL,175684,5,NULL,NULL,NULL,NULL,231196,'Edition'),(358702,'2013-04-10 13:19:15','2013-04-10 13:19:15','ECO brokerage results: 9 April 2013',0,'','','','',NULL,184223,6,NULL,NULL,NULL,NULL,231196,'Edition'),(358703,'2013-04-24 15:49:49','2013-04-24 15:49:49','ECO brokerage results: 23 April 2013',0,'','','','',NULL,192346,7,NULL,NULL,NULL,NULL,231196,'Edition'),(358704,'2013-05-09 07:59:16','2013-05-09 07:59:16','ECO brokerage results: 7 May 2013',0,'','','','',NULL,197500,8,NULL,NULL,NULL,NULL,231196,'Edition'),(358705,'2013-05-23 11:55:33','2013-05-23 11:55:33','ECO brokerage results: 21 May 2013',0,'','','','',NULL,202878,9,NULL,NULL,NULL,NULL,231196,'Edition'),(358706,'2013-06-05 14:40:31','2013-06-05 14:40:31','ECO brokerage results: 4 June 2013',0,'','','','',NULL,205280,10,NULL,NULL,NULL,NULL,231196,'Edition'),(358707,'2013-06-20 09:45:17','2013-06-20 15:17:49','ECO brokerage results: 18 June 2013 (PDF)',0,'','','','',NULL,208057,11,NULL,NULL,NULL,NULL,231196,'Edition'),(358708,'2013-06-20 09:45:17','2013-06-20 09:45:42','ECO brokerage results: 18 June 2013 (CSV)',0,'','','','',NULL,207925,12,NULL,NULL,NULL,NULL,231196,'Edition'),(358709,'2013-07-03 14:02:02','2013-07-03 14:02:02','ECO brokerage results: 02 July 2013 (PDF)',0,'','','','',NULL,210605,13,NULL,NULL,NULL,NULL,231196,'Edition'),(358710,'2013-07-03 14:02:02','2013-07-17 15:12:56','ECO brokerage results: 02 July 2013 (CSV)',0,'','','','',NULL,210606,14,NULL,NULL,NULL,NULL,231196,'Edition'),(358711,'2013-07-17 15:12:57','2013-07-17 15:12:57','ECO brokerage results: 16 July 2013 (PDF)',0,'','','','',NULL,223938,15,NULL,NULL,NULL,NULL,231196,'Edition'),(358712,'2013-07-17 15:12:57','2013-07-17 15:12:57','ECO brokerage results: 16 July 2013 (CSV)',0,'','','','',NULL,223939,16,NULL,NULL,NULL,NULL,231196,'Edition'),(358713,'2013-07-31 14:08:38','2013-07-31 14:11:30','ECO brokerage results: 30 July 2013 (PDF)',0,'','','','',NULL,226058,17,NULL,NULL,NULL,NULL,231196,'Edition'),(358714,'2013-07-31 14:09:13','2013-07-31 14:11:16','ECO brokerage results: 30 July 2013 (CSV)',0,'','','','',NULL,226059,18,NULL,NULL,NULL,NULL,231196,'Edition'),(358715,'2013-08-14 15:15:29','2013-08-14 15:17:24','ECO brokerage results: 13 August 2013 (PDF)',0,'','','','',NULL,229782,19,NULL,NULL,0,NULL,231196,'Edition'),(358716,'2013-08-14 15:17:03','2013-08-14 15:17:04','ECO brokerage results: 13 August 2013 (CSV)',0,'','','','',NULL,229783,20,NULL,NULL,0,NULL,231196,'Edition'),(358719,'2013-08-28 14:52:10','2013-08-28 14:52:10','ECO brokerage results: 27 August 2013 (PDF)',0,'','','','',NULL,233290,21,NULL,NULL,0,NULL,231196,'Edition'),(358721,'2013-08-28 14:52:32','2013-08-28 14:52:32','ECO brokerage results: 27 August 2013 (CSV)',0,'','','','',NULL,233292,22,NULL,NULL,0,NULL,231196,'Edition'),(371410,'2013-02-13 15:12:11','2013-03-28 12:56:44','ECO brokerage results: 29 January 2013',0,'','','','',NULL,81676,0,NULL,NULL,NULL,NULL,237977,'Edition'),(371411,'2013-02-13 15:12:11','2013-03-28 12:56:44','ECO brokerage results: 12 February 2013',0,'','','','',NULL,81677,1,NULL,NULL,NULL,NULL,237977,'Edition'),(371412,'2013-02-18 15:34:21','2013-03-28 12:56:44','ECO brokerage results: 15 January 2013',0,'','','','',NULL,85745,2,NULL,NULL,NULL,NULL,237977,'Edition'),(371413,'2013-02-27 16:58:46','2013-03-28 12:56:44','ECO brokerage results: 26 February 2013',0,'','','','',NULL,120751,3,NULL,NULL,NULL,NULL,237977,'Edition'),(371414,'2013-03-13 17:30:32','2013-03-28 12:56:44','ECO brokerage results: 12 March 2013',0,'','','','',NULL,141868,4,NULL,NULL,NULL,NULL,237977,'Edition'),(371415,'2013-03-28 12:56:44','2013-03-28 12:56:44','ECO brokerage results: 26 March 2013',0,'','','','',NULL,175684,5,NULL,NULL,NULL,NULL,237977,'Edition'),(371416,'2013-04-10 13:19:15','2013-04-10 13:19:15','ECO brokerage results: 9 April 2013',0,'','','','',NULL,184223,6,NULL,NULL,NULL,NULL,237977,'Edition'),(371417,'2013-04-24 15:49:49','2013-04-24 15:49:49','ECO brokerage results: 23 April 2013',0,'','','','',NULL,192346,7,NULL,NULL,NULL,NULL,237977,'Edition'),(371418,'2013-05-09 07:59:16','2013-05-09 07:59:16','ECO brokerage results: 7 May 2013',0,'','','','',NULL,197500,8,NULL,NULL,NULL,NULL,237977,'Edition'),(371419,'2013-05-23 11:55:33','2013-05-23 11:55:33','ECO brokerage results: 21 May 2013',0,'','','','',NULL,202878,9,NULL,NULL,NULL,NULL,237977,'Edition'),(371420,'2013-06-05 14:40:31','2013-06-05 14:40:31','ECO brokerage results: 4 June 2013',0,'','','','',NULL,205280,10,NULL,NULL,NULL,NULL,237977,'Edition'),(371421,'2013-06-20 09:45:17','2013-06-20 15:17:49','ECO brokerage results: 18 June 2013 (PDF)',0,'','','','',NULL,208057,11,NULL,NULL,NULL,NULL,237977,'Edition'),(371422,'2013-06-20 09:45:17','2013-06-20 09:45:42','ECO brokerage results: 18 June 2013 (CSV)',0,'','','','',NULL,207925,12,NULL,NULL,NULL,NULL,237977,'Edition'),(371423,'2013-07-03 14:02:02','2013-07-03 14:02:02','ECO brokerage results: 02 July 2013 (PDF)',0,'','','','',NULL,210605,13,NULL,NULL,NULL,NULL,237977,'Edition'),(371424,'2013-07-03 14:02:02','2013-07-17 15:12:56','ECO brokerage results: 02 July 2013 (CSV)',0,'','','','',NULL,210606,14,NULL,NULL,NULL,NULL,237977,'Edition'),(371425,'2013-07-17 15:12:57','2013-07-17 15:12:57','ECO brokerage results: 16 July 2013 (PDF)',0,'','','','',NULL,223938,15,NULL,NULL,NULL,NULL,237977,'Edition'),(371426,'2013-07-17 15:12:57','2013-07-17 15:12:57','ECO brokerage results: 16 July 2013 (CSV)',0,'','','','',NULL,223939,16,NULL,NULL,NULL,NULL,237977,'Edition'),(371427,'2013-07-31 14:08:38','2013-07-31 14:11:30','ECO brokerage results: 30 July 2013 (PDF)',0,'','','','',NULL,226058,17,NULL,NULL,NULL,NULL,237977,'Edition'),(371428,'2013-07-31 14:09:13','2013-07-31 14:11:16','ECO brokerage results: 30 July 2013 (CSV)',0,'','','','',NULL,226059,18,NULL,NULL,NULL,NULL,237977,'Edition'),(371429,'2013-08-14 15:15:29','2013-08-14 15:17:24','ECO brokerage results: 13 August 2013 (PDF)',0,'','','','',NULL,229782,19,NULL,NULL,0,NULL,237977,'Edition'),(371430,'2013-08-14 15:17:03','2013-08-14 15:17:04','ECO brokerage results: 13 August 2013 (CSV)',0,'','','','',NULL,229783,20,NULL,NULL,0,NULL,237977,'Edition'),(371431,'2013-08-28 14:52:10','2013-08-28 14:52:10','ECO brokerage results: 27 August 2013 (PDF)',0,'','','','',NULL,233290,21,NULL,NULL,0,NULL,237977,'Edition'),(371432,'2013-08-28 14:52:32','2013-08-28 14:52:32','ECO brokerage results: 27 August 2013 (CSV)',0,'','','','',NULL,233292,22,NULL,NULL,0,NULL,237977,'Edition'),(371438,'2013-09-11 14:56:17','2013-09-11 14:56:17','ECO brokerage results: 10 September (PDF)',0,'','','','',NULL,239216,23,NULL,NULL,0,NULL,237977,'Edition'),(371439,'2013-09-11 14:56:43','2013-09-11 14:56:44','ECO brokerage results: 10 September (CSV)',0,'','','','',NULL,239217,24,NULL,NULL,0,NULL,237977,'Edition'),(382465,'2013-02-13 15:12:11','2013-03-28 12:56:44','ECO brokerage results: 29 January 2013',0,'','','','',NULL,81676,0,NULL,NULL,NULL,NULL,244032,'Edition'),(382466,'2013-02-13 15:12:11','2013-03-28 12:56:44','ECO brokerage results: 12 February 2013',0,'','','','',NULL,81677,1,NULL,NULL,NULL,NULL,244032,'Edition'),(382467,'2013-02-18 15:34:21','2013-03-28 12:56:44','ECO brokerage results: 15 January 2013',0,'','','','',NULL,85745,2,NULL,NULL,NULL,NULL,244032,'Edition'),(382468,'2013-02-27 16:58:46','2013-03-28 12:56:44','ECO brokerage results: 26 February 2013',0,'','','','',NULL,120751,3,NULL,NULL,NULL,NULL,244032,'Edition'),(382469,'2013-03-13 17:30:32','2013-03-28 12:56:44','ECO brokerage results: 12 March 2013',0,'','','','',NULL,141868,4,NULL,NULL,NULL,NULL,244032,'Edition'),(382470,'2013-03-28 12:56:44','2013-03-28 12:56:44','ECO brokerage results: 26 March 2013',0,'','','','',NULL,175684,5,NULL,NULL,NULL,NULL,244032,'Edition'),(382471,'2013-04-10 13:19:15','2013-04-10 13:19:15','ECO brokerage results: 9 April 2013',0,'','','','',NULL,184223,6,NULL,NULL,NULL,NULL,244032,'Edition'),(382472,'2013-04-24 15:49:49','2013-04-24 15:49:49','ECO brokerage results: 23 April 2013',0,'','','','',NULL,192346,7,NULL,NULL,NULL,NULL,244032,'Edition'),(382473,'2013-05-09 07:59:16','2013-05-09 07:59:16','ECO brokerage results: 7 May 2013',0,'','','','',NULL,197500,8,NULL,NULL,NULL,NULL,244032,'Edition'),(382474,'2013-05-23 11:55:33','2013-05-23 11:55:33','ECO brokerage results: 21 May 2013',0,'','','','',NULL,202878,9,NULL,NULL,NULL,NULL,244032,'Edition'),(382475,'2013-06-05 14:40:31','2013-06-05 14:40:31','ECO brokerage results: 4 June 2013',0,'','','','',NULL,205280,10,NULL,NULL,NULL,NULL,244032,'Edition'),(382476,'2013-06-20 09:45:17','2013-06-20 15:17:49','ECO brokerage results: 18 June 2013 (PDF)',0,'','','','',NULL,208057,11,NULL,NULL,NULL,NULL,244032,'Edition'),(382477,'2013-06-20 09:45:17','2013-06-20 09:45:42','ECO brokerage results: 18 June 2013 (CSV)',0,'','','','',NULL,207925,12,NULL,NULL,NULL,NULL,244032,'Edition'),(382478,'2013-07-03 14:02:02','2013-07-03 14:02:02','ECO brokerage results: 02 July 2013 (PDF)',0,'','','','',NULL,210605,13,NULL,NULL,NULL,NULL,244032,'Edition'),(382479,'2013-07-03 14:02:02','2013-07-17 15:12:56','ECO brokerage results: 02 July 2013 (CSV)',0,'','','','',NULL,210606,14,NULL,NULL,NULL,NULL,244032,'Edition'),(382480,'2013-07-17 15:12:57','2013-07-17 15:12:57','ECO brokerage results: 16 July 2013 (PDF)',0,'','','','',NULL,223938,15,NULL,NULL,NULL,NULL,244032,'Edition'),(382481,'2013-07-17 15:12:57','2013-07-17 15:12:57','ECO brokerage results: 16 July 2013 (CSV)',0,'','','','',NULL,223939,16,NULL,NULL,NULL,NULL,244032,'Edition'),(382482,'2013-07-31 14:08:38','2013-07-31 14:11:30','ECO brokerage results: 30 July 2013 (PDF)',0,'','','','',NULL,226058,17,NULL,NULL,NULL,NULL,244032,'Edition'),(382483,'2013-07-31 14:09:13','2013-07-31 14:11:16','ECO brokerage results: 30 July 2013 (CSV)',0,'','','','',NULL,226059,18,NULL,NULL,NULL,NULL,244032,'Edition'),(382484,'2013-08-14 15:15:29','2013-08-14 15:17:24','ECO brokerage results: 13 August 2013 (PDF)',0,'','','','',NULL,229782,19,NULL,NULL,0,NULL,244032,'Edition'),(382485,'2013-08-14 15:17:03','2013-08-14 15:17:04','ECO brokerage results: 13 August 2013 (CSV)',0,'','','','',NULL,229783,20,NULL,NULL,0,NULL,244032,'Edition'),(382486,'2013-08-28 14:52:10','2013-08-28 14:52:10','ECO brokerage results: 27 August 2013 (PDF)',0,'','','','',NULL,233290,21,NULL,NULL,0,NULL,244032,'Edition'),(382487,'2013-08-28 14:52:32','2013-08-28 14:52:32','ECO brokerage results: 27 August 2013 (CSV)',0,'','','','',NULL,233292,22,NULL,NULL,0,NULL,244032,'Edition'),(382488,'2013-09-11 14:56:17','2013-09-11 14:56:17','ECO brokerage results: 10 September (PDF)',0,'','','','',NULL,239216,23,NULL,NULL,0,NULL,244032,'Edition'),(382489,'2013-09-11 14:56:43','2013-09-11 14:56:44','ECO brokerage results: 10 September (CSV)',0,'','','','',NULL,239217,24,NULL,NULL,0,NULL,244032,'Edition'),(382490,'2013-09-26 08:10:06','2013-09-26 08:10:07','ECO brokerage results: 24 September (PDF)',0,'','','','',NULL,245101,25,NULL,NULL,0,NULL,244032,'Edition'),(382491,'2013-09-26 08:10:39','2013-09-26 08:10:39','ECO brokerage results: 24 September (CSV)',0,'','','','',NULL,245102,26,NULL,NULL,0,NULL,244032,'Edition'),(392118,'2013-02-13 15:12:11','2013-03-28 12:56:44','ECO brokerage results: 29 January 2013',0,'','','','',NULL,81676,0,NULL,NULL,NULL,NULL,248348,'Edition'),(392119,'2013-02-13 15:12:11','2013-03-28 12:56:44','ECO brokerage results: 12 February 2013',0,'','','','',NULL,81677,1,NULL,NULL,NULL,NULL,248348,'Edition'),(392120,'2013-02-18 15:34:21','2013-03-28 12:56:44','ECO brokerage results: 15 January 2013',0,'','','','',NULL,85745,2,NULL,NULL,NULL,NULL,248348,'Edition'),(392121,'2013-02-27 16:58:46','2013-03-28 12:56:44','ECO brokerage results: 26 February 2013',0,'','','','',NULL,120751,3,NULL,NULL,NULL,NULL,248348,'Edition'),(392122,'2013-03-13 17:30:32','2013-03-28 12:56:44','ECO brokerage results: 12 March 2013',0,'','','','',NULL,141868,4,NULL,NULL,NULL,NULL,248348,'Edition'),(392123,'2013-03-28 12:56:44','2013-03-28 12:56:44','ECO brokerage results: 26 March 2013',0,'','','','',NULL,175684,5,NULL,NULL,NULL,NULL,248348,'Edition'),(392124,'2013-04-10 13:19:15','2013-04-10 13:19:15','ECO brokerage results: 9 April 2013',0,'','','','',NULL,184223,6,NULL,NULL,NULL,NULL,248348,'Edition'),(392125,'2013-04-24 15:49:49','2013-04-24 15:49:49','ECO brokerage results: 23 April 2013',0,'','','','',NULL,192346,7,NULL,NULL,NULL,NULL,248348,'Edition'),(392126,'2013-05-09 07:59:16','2013-05-09 07:59:16','ECO brokerage results: 7 May 2013',0,'','','','',NULL,197500,8,NULL,NULL,NULL,NULL,248348,'Edition'),(392127,'2013-05-23 11:55:33','2013-05-23 11:55:33','ECO brokerage results: 21 May 2013',0,'','','','',NULL,202878,9,NULL,NULL,NULL,NULL,248348,'Edition'),(392128,'2013-06-05 14:40:31','2013-06-05 14:40:31','ECO brokerage results: 4 June 2013',0,'','','','',NULL,205280,10,NULL,NULL,NULL,NULL,248348,'Edition'),(392129,'2013-06-20 09:45:17','2013-06-20 15:17:49','ECO brokerage results: 18 June 2013 (PDF)',0,'','','','',NULL,208057,11,NULL,NULL,NULL,NULL,248348,'Edition'),(392130,'2013-06-20 09:45:17','2013-06-20 09:45:42','ECO brokerage results: 18 June 2013 (CSV)',0,'','','','',NULL,207925,12,NULL,NULL,NULL,NULL,248348,'Edition'),(392131,'2013-07-03 14:02:02','2013-07-03 14:02:02','ECO brokerage results: 02 July 2013 (PDF)',0,'','','','',NULL,210605,13,NULL,NULL,NULL,NULL,248348,'Edition'),(392132,'2013-07-03 14:02:02','2013-07-17 15:12:56','ECO brokerage results: 02 July 2013 (CSV)',0,'','','','',NULL,210606,14,NULL,NULL,NULL,NULL,248348,'Edition'),(392133,'2013-07-17 15:12:57','2013-07-17 15:12:57','ECO brokerage results: 16 July 2013 (PDF)',0,'','','','',NULL,223938,15,NULL,NULL,NULL,NULL,248348,'Edition'),(392134,'2013-07-17 15:12:57','2013-07-17 15:12:57','ECO brokerage results: 16 July 2013 (CSV)',0,'','','','',NULL,223939,16,NULL,NULL,NULL,NULL,248348,'Edition'),(392135,'2013-07-31 14:08:38','2013-07-31 14:11:30','ECO brokerage results: 30 July 2013 (PDF)',0,'','','','',NULL,226058,17,NULL,NULL,NULL,NULL,248348,'Edition'),(392136,'2013-07-31 14:09:13','2013-07-31 14:11:16','ECO brokerage results: 30 July 2013 (CSV)',0,'','','','',NULL,226059,18,NULL,NULL,NULL,NULL,248348,'Edition'),(392137,'2013-08-14 15:15:29','2013-08-14 15:17:24','ECO brokerage results: 13 August 2013 (PDF)',0,'','','','',NULL,229782,19,NULL,NULL,0,NULL,248348,'Edition'),(392138,'2013-08-14 15:17:03','2013-08-14 15:17:04','ECO brokerage results: 13 August 2013 (CSV)',0,'','','','',NULL,229783,20,NULL,NULL,0,NULL,248348,'Edition'),(392139,'2013-08-28 14:52:10','2013-08-28 14:52:10','ECO brokerage results: 27 August 2013 (PDF)',0,'','','','',NULL,233290,21,NULL,NULL,0,NULL,248348,'Edition'),(392140,'2013-08-28 14:52:32','2013-08-28 14:52:32','ECO brokerage results: 27 August 2013 (CSV)',0,'','','','',NULL,233292,22,NULL,NULL,0,NULL,248348,'Edition'),(392141,'2013-09-11 14:56:17','2013-09-11 14:56:17','ECO brokerage results: 10 September (PDF)',0,'','','','',NULL,239216,23,NULL,NULL,0,NULL,248348,'Edition'),(392142,'2013-09-11 14:56:43','2013-09-11 14:56:44','ECO brokerage results: 10 September (CSV)',0,'','','','',NULL,239217,24,NULL,NULL,0,NULL,248348,'Edition'),(392143,'2013-09-26 08:10:06','2013-09-26 08:10:07','ECO brokerage results: 24 September (PDF)',0,'','','','',NULL,245101,25,NULL,NULL,0,NULL,248348,'Edition'),(392144,'2013-09-26 08:10:39','2013-09-26 08:10:39','ECO brokerage results: 24 September (CSV)',0,'','','','',NULL,245102,26,NULL,NULL,0,NULL,248348,'Edition'),(392149,'2013-02-13 15:12:11','2013-03-28 12:56:44','ECO brokerage results: 29 January 2013',0,'','','','',NULL,81676,0,NULL,NULL,NULL,NULL,248349,'Edition'),(392150,'2013-07-31 14:08:38','2013-07-31 14:11:30','ECO brokerage results: 30 July 2013 (PDF)',0,'','','','',NULL,226058,0,NULL,NULL,NULL,NULL,248349,'Edition'),(392151,'2013-02-13 15:12:11','2013-03-28 12:56:44','ECO brokerage results: 12 February 2013',0,'','','','',NULL,81677,1,NULL,NULL,NULL,NULL,248349,'Edition'),(392152,'2013-07-31 14:09:13','2013-07-31 14:11:16','ECO brokerage results: 30 July 2013 (CSV)',0,'','','','',NULL,226059,1,NULL,NULL,NULL,NULL,248349,'Edition'),(392153,'2013-02-18 15:34:21','2013-03-28 12:56:44','ECO brokerage results: 15 January 2013',0,'','','','',NULL,85745,2,NULL,NULL,NULL,NULL,248349,'Edition'),(392154,'2013-08-14 15:15:29','2013-08-14 15:17:24','ECO brokerage results: 13 August 2013 (PDF)',0,'','','','',NULL,229782,2,NULL,NULL,0,NULL,248349,'Edition'),(392155,'2013-02-27 16:58:46','2013-03-28 12:56:44','ECO brokerage results: 26 February 2013',0,'','','','',NULL,120751,3,NULL,NULL,NULL,NULL,248349,'Edition'),(392156,'2013-08-14 15:17:03','2013-08-14 15:17:04','ECO brokerage results: 13 August 2013 (CSV)',0,'','','','',NULL,229783,3,NULL,NULL,0,NULL,248349,'Edition'),(392157,'2013-03-13 17:30:32','2013-03-28 12:56:44','ECO brokerage results: 12 March 2013',0,'','','','',NULL,141868,4,NULL,NULL,NULL,NULL,248349,'Edition'),(392158,'2013-08-28 14:52:10','2013-08-28 14:52:10','ECO brokerage results: 27 August 2013 (PDF)',0,'','','','',NULL,233290,4,NULL,NULL,0,NULL,248349,'Edition'),(392159,'2013-03-28 12:56:44','2013-03-28 12:56:44','ECO brokerage results: 26 March 2013',0,'','','','',NULL,175684,5,NULL,NULL,NULL,NULL,248349,'Edition'),(392160,'2013-08-28 14:52:32','2013-08-28 14:52:32','ECO brokerage results: 27 August 2013 (CSV)',0,'','','','',NULL,233292,5,NULL,NULL,0,NULL,248349,'Edition'),(392161,'2013-04-10 13:19:15','2013-04-10 13:19:15','ECO brokerage results: 9 April 2013',0,'','','','',NULL,184223,6,NULL,NULL,NULL,NULL,248349,'Edition'),(392162,'2013-09-11 14:56:17','2013-09-11 14:56:17','ECO brokerage results: 10 September (PDF)',0,'','','','',NULL,239216,6,NULL,NULL,0,NULL,248349,'Edition'),(392163,'2013-04-24 15:49:49','2013-04-24 15:49:49','ECO brokerage results: 23 April 2013',0,'','','','',NULL,192346,7,NULL,NULL,NULL,NULL,248349,'Edition'),(392164,'2013-09-11 14:56:43','2013-09-11 14:56:44','ECO brokerage results: 10 September (CSV)',0,'','','','',NULL,239217,7,NULL,NULL,0,NULL,248349,'Edition'),(392165,'2013-05-09 07:59:16','2013-05-09 07:59:16','ECO brokerage results: 7 May 2013',0,'','','','',NULL,197500,8,NULL,NULL,NULL,NULL,248349,'Edition'),(392166,'2013-09-26 08:10:06','2013-09-26 08:10:07','ECO brokerage results: 24 September (PDF)',0,'','','','',NULL,245101,8,NULL,NULL,0,NULL,248349,'Edition'),(392167,'2013-05-23 11:55:33','2013-05-23 11:55:33','ECO brokerage results: 21 May 2013',0,'','','','',NULL,202878,9,NULL,NULL,NULL,NULL,248349,'Edition'),(392168,'2013-09-26 08:10:39','2013-09-26 08:10:39','ECO brokerage results: 24 September (CSV)',0,'','','','',NULL,245102,9,NULL,NULL,0,NULL,248349,'Edition'),(392169,'2013-06-05 14:40:31','2013-06-05 14:40:31','ECO brokerage results: 4 June 2013',0,'','','','',NULL,205280,10,NULL,NULL,NULL,NULL,248349,'Edition'),(392170,'2013-06-20 09:45:17','2013-06-20 15:17:49','ECO brokerage results: 18 June 2013 (PDF)',0,'','','','',NULL,208057,11,NULL,NULL,NULL,NULL,248349,'Edition'),(392171,'2013-06-20 09:45:17','2013-06-20 09:45:42','ECO brokerage results: 18 June 2013 (CSV)',0,'','','','',NULL,207925,12,NULL,NULL,NULL,NULL,248349,'Edition'),(392172,'2013-07-03 14:02:02','2013-07-03 14:02:02','ECO brokerage results: 02 July 2013 (PDF)',0,'','','','',NULL,210605,13,NULL,NULL,NULL,NULL,248349,'Edition'),(392173,'2013-07-03 14:02:02','2013-07-17 15:12:56','ECO brokerage results: 02 July 2013 (CSV)',0,'','','','',NULL,210606,14,NULL,NULL,NULL,NULL,248349,'Edition'),(392174,'2013-07-17 15:12:57','2013-07-17 15:12:57','ECO brokerage results: 16 July 2013 (PDF)',0,'','','','',NULL,223938,15,NULL,NULL,NULL,NULL,248349,'Edition'),(392175,'2013-07-17 15:12:57','2013-07-17 15:12:57','ECO brokerage results: 16 July 2013 (CSV)',0,'','','','',NULL,223939,16,NULL,NULL,NULL,NULL,248349,'Edition'),(393826,'2013-02-13 15:12:11','2013-03-28 12:56:44','ECO brokerage results: 29 January 2013',0,'','','','',NULL,81676,0,NULL,NULL,NULL,NULL,248750,'Edition'),(393827,'2013-07-31 14:08:38','2013-07-31 14:11:30','ECO brokerage results: 30 July 2013 (PDF)',0,'','','','',NULL,226058,17,NULL,NULL,NULL,NULL,248750,'Edition'),(393828,'2013-02-13 15:12:11','2013-03-28 12:56:44','ECO brokerage results: 12 February 2013',0,'','','','',NULL,81677,1,NULL,NULL,NULL,NULL,248750,'Edition'),(393829,'2013-07-31 14:09:13','2013-07-31 14:11:16','ECO brokerage results: 30 July 2013 (CSV)',0,'','','','',NULL,226059,18,NULL,NULL,NULL,NULL,248750,'Edition'),(393830,'2013-02-18 15:34:21','2013-03-28 12:56:44','ECO brokerage results: 15 January 2013',0,'','','','',NULL,85745,2,NULL,NULL,NULL,NULL,248750,'Edition'),(393831,'2013-08-14 15:15:29','2013-08-14 15:17:24','ECO brokerage results: 13 August 2013 (PDF)',0,'','','','',NULL,229782,19,NULL,NULL,0,NULL,248750,'Edition'),(393832,'2013-02-27 16:58:46','2013-03-28 12:56:44','ECO brokerage results: 26 February 2013',0,'','','','',NULL,120751,3,NULL,NULL,NULL,NULL,248750,'Edition'),(393833,'2013-08-14 15:17:03','2013-08-14 15:17:04','ECO brokerage results: 13 August 2013 (CSV)',0,'','','','',NULL,229783,20,NULL,NULL,0,NULL,248750,'Edition'),(393834,'2013-03-13 17:30:32','2013-03-28 12:56:44','ECO brokerage results: 12 March 2013',0,'','','','',NULL,141868,4,NULL,NULL,NULL,NULL,248750,'Edition'),(393835,'2013-08-28 14:52:10','2013-08-28 14:52:10','ECO brokerage results: 27 August 2013 (PDF)',0,'','','','',NULL,233290,21,NULL,NULL,0,NULL,248750,'Edition'),(393836,'2013-03-28 12:56:44','2013-03-28 12:56:44','ECO brokerage results: 26 March 2013',0,'','','','',NULL,175684,5,NULL,NULL,NULL,NULL,248750,'Edition'),(393837,'2013-08-28 14:52:32','2013-08-28 14:52:32','ECO brokerage results: 27 August 2013 (CSV)',0,'','','','',NULL,233292,22,NULL,NULL,0,NULL,248750,'Edition'),(393838,'2013-04-10 13:19:15','2013-04-10 13:19:15','ECO brokerage results: 9 April 2013',0,'','','','',NULL,184223,6,NULL,NULL,NULL,NULL,248750,'Edition'),(393839,'2013-09-11 14:56:17','2013-09-11 14:56:17','ECO brokerage results: 10 September (PDF)',0,'','','','',NULL,239216,23,NULL,NULL,0,NULL,248750,'Edition'),(393840,'2013-04-24 15:49:49','2013-04-24 15:49:49','ECO brokerage results: 23 April 2013',0,'','','','',NULL,192346,7,NULL,NULL,NULL,NULL,248750,'Edition'),(393841,'2013-09-11 14:56:43','2013-09-11 14:56:44','ECO brokerage results: 10 September (CSV)',0,'','','','',NULL,239217,24,NULL,NULL,0,NULL,248750,'Edition'),(393842,'2013-05-09 07:59:16','2013-05-09 07:59:16','ECO brokerage results: 7 May 2013',0,'','','','',NULL,197500,8,NULL,NULL,NULL,NULL,248750,'Edition'),(393843,'2013-09-26 08:10:06','2013-09-26 08:10:07','ECO brokerage results: 24 September (PDF)',0,'','','','',NULL,245101,25,NULL,NULL,0,NULL,248750,'Edition'),(393844,'2013-05-23 11:55:33','2013-05-23 11:55:33','ECO brokerage results: 21 May 2013',0,'','','','',NULL,202878,9,NULL,NULL,NULL,NULL,248750,'Edition'),(393845,'2013-09-26 08:10:39','2013-09-26 08:10:39','ECO brokerage results: 24 September (CSV)',0,'','','','',NULL,245102,26,NULL,NULL,0,NULL,248750,'Edition'),(393846,'2013-06-05 14:40:31','2013-06-05 14:40:31','ECO brokerage results: 4 June 2013',0,'','','','',NULL,205280,10,NULL,NULL,NULL,NULL,248750,'Edition'),(393847,'2013-06-20 09:45:17','2013-06-20 15:17:49','ECO brokerage results: 18 June 2013 (PDF)',0,'','','','',NULL,208057,11,NULL,NULL,NULL,NULL,248750,'Edition'),(393848,'2013-06-20 09:45:17','2013-06-20 09:45:42','ECO brokerage results: 18 June 2013 (CSV)',0,'','','','',NULL,207925,12,NULL,NULL,NULL,NULL,248750,'Edition'),(393849,'2013-07-03 14:02:02','2013-07-03 14:02:02','ECO brokerage results: 02 July 2013 (PDF)',0,'','','','',NULL,210605,13,NULL,NULL,NULL,NULL,248750,'Edition'),(393850,'2013-07-03 14:02:02','2013-07-17 15:12:56','ECO brokerage results: 02 July 2013 (CSV)',0,'','','','',NULL,210606,14,NULL,NULL,NULL,NULL,248750,'Edition'),(393851,'2013-07-17 15:12:57','2013-07-17 15:12:57','ECO brokerage results: 16 July 2013 (PDF)',0,'','','','',NULL,223938,15,NULL,NULL,NULL,NULL,248750,'Edition'),(393852,'2013-07-17 15:12:57','2013-07-17 15:12:57','ECO brokerage results: 16 July 2013 (CSV)',0,'','','','',NULL,223939,16,NULL,NULL,NULL,NULL,248750,'Edition'),(394388,'2013-10-10 10:06:06','2013-10-10 10:06:06','ECO brokerage results: 8 October 2013 (PDF)',0,'','','','',NULL,249349,27,NULL,NULL,0,NULL,248750,'Edition'),(394389,'2013-10-10 10:06:52','2013-10-10 10:06:52','ECO brokerage results: 8 October 2013 (CSV)',0,'','','','',NULL,249350,28,NULL,NULL,0,NULL,248750,'Edition'),(394392,'2013-02-13 15:12:11','2013-03-28 12:56:44','ECO brokerage results: 29 January 2013',0,'','','','',NULL,81676,0,NULL,NULL,NULL,NULL,248857,'Edition'),(394393,'2013-07-31 14:08:38','2013-07-31 14:11:30','ECO brokerage results: 30 July 2013 (PDF)',0,'','','','',NULL,226058,17,NULL,NULL,NULL,NULL,248857,'Edition'),(394394,'2013-02-13 15:12:11','2013-03-28 12:56:44','ECO brokerage results: 12 February 2013',0,'','','','',NULL,81677,1,NULL,NULL,NULL,NULL,248857,'Edition'),(394395,'2013-07-31 14:09:13','2013-07-31 14:11:16','ECO brokerage results: 30 July 2013 (CSV)',0,'','','','',NULL,226059,18,NULL,NULL,NULL,NULL,248857,'Edition'),(394396,'2013-02-18 15:34:21','2013-03-28 12:56:44','ECO brokerage results: 15 January 2013',0,'','','','',NULL,85745,2,NULL,NULL,NULL,NULL,248857,'Edition'),(394397,'2013-08-14 15:15:29','2013-08-14 15:17:24','ECO brokerage results: 13 August 2013 (PDF)',0,'','','','',NULL,229782,19,NULL,NULL,0,NULL,248857,'Edition'),(394398,'2013-02-27 16:58:46','2013-03-28 12:56:44','ECO brokerage results: 26 February 2013',0,'','','','',NULL,120751,3,NULL,NULL,NULL,NULL,248857,'Edition'),(394399,'2013-08-14 15:17:03','2013-08-14 15:17:04','ECO brokerage results: 13 August 2013 (CSV)',0,'','','','',NULL,229783,20,NULL,NULL,0,NULL,248857,'Edition'),(394400,'2013-03-13 17:30:32','2013-03-28 12:56:44','ECO brokerage results: 12 March 2013',0,'','','','',NULL,141868,4,NULL,NULL,NULL,NULL,248857,'Edition'),(394401,'2013-08-28 14:52:10','2013-08-28 14:52:10','ECO brokerage results: 27 August 2013 (PDF)',0,'','','','',NULL,233290,21,NULL,NULL,0,NULL,248857,'Edition'),(394402,'2013-03-28 12:56:44','2013-03-28 12:56:44','ECO brokerage results: 26 March 2013',0,'','','','',NULL,175684,5,NULL,NULL,NULL,NULL,248857,'Edition'),(394403,'2013-08-28 14:52:32','2013-08-28 14:52:32','ECO brokerage results: 27 August 2013 (CSV)',0,'','','','',NULL,233292,22,NULL,NULL,0,NULL,248857,'Edition'),(394404,'2013-04-10 13:19:15','2013-04-10 13:19:15','ECO brokerage results: 9 April 2013',0,'','','','',NULL,184223,6,NULL,NULL,NULL,NULL,248857,'Edition'),(394405,'2013-09-11 14:56:17','2013-09-11 14:56:17','ECO brokerage results: 10 September (PDF)',0,'','','','',NULL,239216,23,NULL,NULL,0,NULL,248857,'Edition'),(394406,'2013-04-24 15:49:49','2013-04-24 15:49:49','ECO brokerage results: 23 April 2013',0,'','','','',NULL,192346,7,NULL,NULL,NULL,NULL,248857,'Edition'),(394407,'2013-09-11 14:56:43','2013-09-11 14:56:44','ECO brokerage results: 10 September (CSV)',0,'','','','',NULL,239217,24,NULL,NULL,0,NULL,248857,'Edition'),(394408,'2013-05-09 07:59:16','2013-05-09 07:59:16','ECO brokerage results: 7 May 2013',0,'','','','',NULL,197500,8,NULL,NULL,NULL,NULL,248857,'Edition'),(394409,'2013-09-26 08:10:06','2013-09-26 08:10:07','ECO brokerage results: 24 September (PDF)',0,'','','','',NULL,245101,25,NULL,NULL,0,NULL,248857,'Edition'),(394410,'2013-05-23 11:55:33','2013-05-23 11:55:33','ECO brokerage results: 21 May 2013',0,'','','','',NULL,202878,9,NULL,NULL,NULL,NULL,248857,'Edition'),(394411,'2013-09-26 08:10:39','2013-09-26 08:10:39','ECO brokerage results: 24 September (CSV)',0,'','','','',NULL,245102,26,NULL,NULL,0,NULL,248857,'Edition'),(394412,'2013-06-05 14:40:31','2013-06-05 14:40:31','ECO brokerage results: 4 June 2013',0,'','','','',NULL,205280,10,NULL,NULL,NULL,NULL,248857,'Edition'),(394413,'2013-06-20 09:45:17','2013-06-20 15:17:49','ECO brokerage results: 18 June 2013 (PDF)',0,'','','','',NULL,208057,12,NULL,NULL,NULL,NULL,248857,'Edition'),(394414,'2013-06-20 09:45:17','2013-06-20 09:45:42','ECO brokerage results: 18 June 2013 (CSV)',0,'','','','',NULL,207925,11,NULL,NULL,NULL,NULL,248857,'Edition'),(394415,'2013-07-03 14:02:02','2013-07-03 14:02:02','ECO brokerage results: 02 July 2013 (PDF)',0,'','','','',NULL,210605,14,NULL,NULL,NULL,NULL,248857,'Edition'),(394416,'2013-07-03 14:02:02','2013-07-17 15:12:56','ECO brokerage results: 02 July 2013 (CSV)',0,'','','','',NULL,210606,13,NULL,NULL,NULL,NULL,248857,'Edition'),(394417,'2013-07-17 15:12:57','2013-07-17 15:12:57','ECO brokerage results: 16 July 2013 (PDF)',0,'','','','',NULL,223938,15,NULL,NULL,NULL,NULL,248857,'Edition'),(394418,'2013-07-17 15:12:57','2013-07-17 15:12:57','ECO brokerage results: 16 July 2013 (CSV)',0,'','','','',NULL,223939,16,NULL,NULL,NULL,NULL,248857,'Edition'),(394419,'2013-10-10 10:06:06','2013-10-10 10:06:06','ECO brokerage results: 8 October 2013 (PDF)',0,'','','','',NULL,249349,27,NULL,NULL,0,NULL,248857,'Edition'),(394420,'2013-10-10 10:06:52','2013-10-10 10:06:52','ECO brokerage results: 8 October 2013 (CSV)',0,'','','','',NULL,249350,28,NULL,NULL,0,NULL,248857,'Edition');
/*!40000 ALTER TABLE `attachments` ENABLE KEYS */;
UNLOCK TABLES;

--
-- Dumping data for table `old_attachments`
--

DROP TABLE IF EXISTS `old_attachments`;
CREATE TABLE `old_attachments` (
  `id` int(11) NOT NULL AUTO_INCREMENT,
  `created_at` datetime DEFAULT NULL,
  `updated_at` datetime DEFAULT NULL,
  `title` varchar(255) COLLATE utf8_unicode_ci DEFAULT NULL,
  `accessible` tinyint(1) DEFAULT NULL,
  `isbn` varchar(255) COLLATE utf8_unicode_ci DEFAULT NULL,
  `unique_reference` varchar(255) COLLATE utf8_unicode_ci DEFAULT NULL,
  `command_paper_number` varchar(255) COLLATE utf8_unicode_ci DEFAULT NULL,
  `order_url` varchar(255) COLLATE utf8_unicode_ci DEFAULT NULL,
  `price_in_pence` int(11) DEFAULT NULL,
  `attachment_data_id` int(11) DEFAULT NULL,
  `ordering` int(11) DEFAULT NULL,
  `hoc_paper_number` varchar(255) COLLATE utf8_unicode_ci DEFAULT NULL,
  `parliamentary_session` varchar(255) COLLATE utf8_unicode_ci DEFAULT NULL,
  `unnumbered_command_paper` tinyint(1) DEFAULT NULL,
  `unnumbered_hoc_paper` tinyint(1) DEFAULT NULL,
  `attachable_id` int(11) DEFAULT NULL,
  `attachable_type` varchar(255) COLLATE utf8_unicode_ci DEFAULT NULL,
  PRIMARY KEY (`id`),
  KEY `index_attachments_on_attachment_data_id` (`attachment_data_id`),
  KEY `index_attachments_on_ordering` (`ordering`),
  KEY `index_attachments_on_attachable_id_and_attachable_type` (`attachable_id`,`attachable_type`)
) ENGINE=InnoDB AUTO_INCREMENT=395726 DEFAULT CHARSET=utf8 COLLATE=utf8_unicode_ci;

LOCK TABLES `old_attachments` WRITE;
/*!40000 ALTER TABLE `old_attachments` DISABLE KEYS */;
INSERT INTO `old_attachments` (`id`, `created_at`, `updated_at`, `title`, `accessible`, `isbn`, `unique_reference`, `command_paper_number`, `order_url`, `price_in_pence`, `attachment_data_id`, `ordering`, `hoc_paper_number`, `parliamentary_session`, `unnumbered_command_paper`, `unnumbered_hoc_paper`, `attachable_id`, `attachable_type`) VALUES (113708,'2013-02-13 15:12:11','2013-02-13 15:19:36','ECO brokerage results: 29 January',0,'','','','',NULL,81676,NULL,NULL,NULL,NULL,NULL,94848,'Edition'),(113709,'2013-02-13 15:12:11','2013-02-13 15:19:36','ECO brokerage results: 12 February',0,'','','','',NULL,81677,NULL,NULL,NULL,NULL,NULL,94848,'Edition'),(118948,'2013-02-13 15:12:11','2013-02-13 15:19:36','ECO brokerage results: 29 January',0,'','','','',NULL,81676,NULL,NULL,NULL,NULL,NULL,96843,'Edition'),(118949,'2013-02-13 15:12:11','2013-02-13 15:19:36','ECO brokerage results: 12 February',0,'','','','',NULL,81677,NULL,NULL,NULL,NULL,NULL,96843,'Edition'),(118950,'2013-02-18 15:34:21','2013-02-18 15:34:21','ECO brokerage results: 15 January',0,'','','','',NULL,85745,NULL,NULL,NULL,NULL,NULL,96843,'Edition'),(159115,'2013-02-13 15:12:11','2013-02-13 15:19:36','ECO brokerage results: 29 January',0,'','','','',NULL,81676,NULL,NULL,NULL,NULL,NULL,129160,'Edition'),(159116,'2013-02-13 15:12:11','2013-02-13 15:19:36','ECO brokerage results: 12 February',0,'','','','',NULL,81677,NULL,NULL,NULL,NULL,NULL,129160,'Edition'),(159117,'2013-02-18 15:34:21','2013-02-18 15:34:21','ECO brokerage results: 15 January',0,'','','','',NULL,85745,NULL,NULL,NULL,NULL,NULL,129160,'Edition'),(159120,'2013-02-27 16:58:46','2013-02-27 16:58:46','ECO brokerage results: 26 February',0,'','','','',NULL,120751,NULL,NULL,NULL,NULL,NULL,129160,'Edition'),(186429,'2013-02-13 15:12:11','2013-02-13 15:19:36','ECO brokerage results: 29 January',0,'','','','',NULL,81676,NULL,NULL,NULL,NULL,NULL,147695,'Edition'),(186430,'2013-02-13 15:12:11','2013-02-13 15:19:36','ECO brokerage results: 12 February',0,'','','','',NULL,81677,NULL,NULL,NULL,NULL,NULL,147695,'Edition'),(186431,'2013-02-18 15:34:21','2013-02-18 15:34:21','ECO brokerage results: 15 January',0,'','','','',NULL,85745,NULL,NULL,NULL,NULL,NULL,147695,'Edition'),(186432,'2013-02-27 16:58:46','2013-02-27 16:58:46','ECO brokerage results: 26 February',0,'','','','',NULL,120751,NULL,NULL,NULL,NULL,NULL,147695,'Edition'),(186433,'2013-03-13 17:30:32','2013-03-13 17:30:32','ECO brokerage results: 12 March',0,'','','','',NULL,141868,NULL,NULL,NULL,NULL,NULL,147695,'Edition'),(226857,'2013-02-13 15:12:11','2013-03-28 12:56:44','ECO brokerage results: 29 January 2013',0,'','','','',NULL,81676,NULL,NULL,NULL,NULL,NULL,170819,'Edition'),(226858,'2013-02-13 15:12:11','2013-03-28 12:56:44','ECO brokerage results: 12 February 2013',0,'','','','',NULL,81677,NULL,NULL,NULL,NULL,NULL,170819,'Edition'),(226859,'2013-02-18 15:34:21','2013-03-28 12:56:44','ECO brokerage results: 15 January 2013',0,'','','','',NULL,85745,NULL,NULL,NULL,NULL,NULL,170819,'Edition'),(226860,'2013-02-27 16:58:46','2013-03-28 12:56:44','ECO brokerage results: 26 February 2013',0,'','','','',NULL,120751,NULL,NULL,NULL,NULL,NULL,170819,'Edition'),(226861,'2013-03-13 17:30:32','2013-03-28 12:56:44','ECO brokerage results: 12 March 2013',0,'','','','',NULL,141868,NULL,NULL,NULL,NULL,NULL,170819,'Edition'),(226868,'2013-03-28 12:56:44','2013-03-28 12:56:44','ECO brokerage results: 26 March 2013',0,'','','','',NULL,175684,NULL,NULL,NULL,NULL,NULL,170819,'Edition'),(226871,'2013-02-13 15:12:11','2013-03-28 12:56:44','ECO brokerage results: 29 January 2013',0,'','','','',NULL,81676,NULL,NULL,NULL,NULL,NULL,170824,'Edition'),(226872,'2013-02-13 15:12:11','2013-03-28 12:56:44','ECO brokerage results: 12 February 2013',0,'','','','',NULL,81677,NULL,NULL,NULL,NULL,NULL,170824,'Edition'),(226873,'2013-02-18 15:34:21','2013-03-28 12:56:44','ECO brokerage results: 15 January 2013',0,'','','','',NULL,85745,NULL,NULL,NULL,NULL,NULL,170824,'Edition'),(226874,'2013-02-27 16:58:46','2013-03-28 12:56:44','ECO brokerage results: 26 February 2013',0,'','','','',NULL,120751,NULL,NULL,NULL,NULL,NULL,170824,'Edition'),(226875,'2013-03-13 17:30:32','2013-03-28 12:56:44','ECO brokerage results: 12 March 2013',0,'','','','',NULL,141868,NULL,NULL,NULL,NULL,NULL,170824,'Edition'),(226876,'2013-03-28 12:56:44','2013-03-28 12:56:44','ECO brokerage results: 26 March 2013',0,'','','','',NULL,175684,NULL,NULL,NULL,NULL,NULL,170824,'Edition'),(240419,'2013-02-13 15:12:11','2013-03-28 12:56:44','ECO brokerage results: 29 January 2013',0,'','','','',NULL,81676,NULL,NULL,NULL,NULL,NULL,179743,'Edition'),(240420,'2013-02-13 15:12:11','2013-03-28 12:56:44','ECO brokerage results: 12 February 2013',0,'','','','',NULL,81677,NULL,NULL,NULL,NULL,NULL,179743,'Edition'),(240421,'2013-02-18 15:34:21','2013-03-28 12:56:44','ECO brokerage results: 15 January 2013',0,'','','','',NULL,85745,NULL,NULL,NULL,NULL,NULL,179743,'Edition'),(240422,'2013-02-27 16:58:46','2013-03-28 12:56:44','ECO brokerage results: 26 February 2013',0,'','','','',NULL,120751,NULL,NULL,NULL,NULL,NULL,179743,'Edition'),(240423,'2013-03-13 17:30:32','2013-03-28 12:56:44','ECO brokerage results: 12 March 2013',0,'','','','',NULL,141868,NULL,NULL,NULL,NULL,NULL,179743,'Edition'),(240424,'2013-03-28 12:56:44','2013-03-28 12:56:44','ECO brokerage results: 26 March 2013',0,'','','','',NULL,175684,NULL,NULL,NULL,NULL,NULL,179743,'Edition'),(240425,'2013-04-10 13:19:15','2013-04-10 13:19:15','ECO brokerage results: 9 April 2013',0,'','','','',NULL,184223,NULL,NULL,NULL,NULL,NULL,179743,'Edition'),(255680,'2013-02-13 15:12:11','2013-03-28 12:56:44','ECO brokerage results: 29 January 2013',0,'','','','',NULL,81676,NULL,NULL,NULL,NULL,NULL,189452,'Edition'),(255681,'2013-02-13 15:12:11','2013-03-28 12:56:44','ECO brokerage results: 12 February 2013',0,'','','','',NULL,81677,NULL,NULL,NULL,NULL,NULL,189452,'Edition'),(255682,'2013-02-18 15:34:21','2013-03-28 12:56:44','ECO brokerage results: 15 January 2013',0,'','','','',NULL,85745,NULL,NULL,NULL,NULL,NULL,189452,'Edition'),(255683,'2013-02-27 16:58:46','2013-03-28 12:56:44','ECO brokerage results: 26 February 2013',0,'','','','',NULL,120751,NULL,NULL,NULL,NULL,NULL,189452,'Edition'),(255684,'2013-03-13 17:30:32','2013-03-28 12:56:44','ECO brokerage results: 12 March 2013',0,'','','','',NULL,141868,NULL,NULL,NULL,NULL,NULL,189452,'Edition'),(255685,'2013-03-28 12:56:44','2013-03-28 12:56:44','ECO brokerage results: 26 March 2013',0,'','','','',NULL,175684,NULL,NULL,NULL,NULL,NULL,189452,'Edition'),(255686,'2013-04-10 13:19:15','2013-04-10 13:19:15','ECO brokerage results: 9 April 2013',0,'','','','',NULL,184223,NULL,NULL,NULL,NULL,NULL,189452,'Edition'),(255687,'2013-04-24 15:49:49','2013-04-24 15:49:49','ECO brokerage results: 23 April 2013',0,'','','','',NULL,192346,NULL,NULL,NULL,NULL,NULL,189452,'Edition'),(268061,'2013-02-13 15:12:11','2013-03-28 12:56:44','ECO brokerage results: 29 January 2013',0,'','','','',NULL,81676,NULL,NULL,NULL,NULL,NULL,196168,'Edition'),(268062,'2013-02-13 15:12:11','2013-03-28 12:56:44','ECO brokerage results: 12 February 2013',0,'','','','',NULL,81677,NULL,NULL,NULL,NULL,NULL,196168,'Edition'),(268063,'2013-02-18 15:34:21','2013-03-28 12:56:44','ECO brokerage results: 15 January 2013',0,'','','','',NULL,85745,NULL,NULL,NULL,NULL,NULL,196168,'Edition'),(268064,'2013-02-27 16:58:46','2013-03-28 12:56:44','ECO brokerage results: 26 February 2013',0,'','','','',NULL,120751,NULL,NULL,NULL,NULL,NULL,196168,'Edition'),(268065,'2013-03-13 17:30:32','2013-03-28 12:56:44','ECO brokerage results: 12 March 2013',0,'','','','',NULL,141868,NULL,NULL,NULL,NULL,NULL,196168,'Edition'),(268066,'2013-03-28 12:56:44','2013-03-28 12:56:44','ECO brokerage results: 26 March 2013',0,'','','','',NULL,175684,NULL,NULL,NULL,NULL,NULL,196168,'Edition'),(268067,'2013-04-10 13:19:15','2013-04-10 13:19:15','ECO brokerage results: 9 April 2013',0,'','','','',NULL,184223,NULL,NULL,NULL,NULL,NULL,196168,'Edition'),(268068,'2013-04-24 15:49:49','2013-04-24 15:49:49','ECO brokerage results: 23 April 2013',0,'','','','',NULL,192346,NULL,NULL,NULL,NULL,NULL,196168,'Edition'),(268069,'2013-05-09 07:59:16','2013-05-09 07:59:16','ECO brokerage results: 7 May 2013',0,'','','','',NULL,197500,NULL,NULL,NULL,NULL,NULL,196168,'Edition'),(282461,'2013-02-13 15:12:11','2013-03-28 12:56:44','ECO brokerage results: 29 January 2013',0,'','','','',NULL,81676,NULL,NULL,NULL,NULL,NULL,200555,'Edition'),(282462,'2013-02-13 15:12:11','2013-03-28 12:56:44','ECO brokerage results: 12 February 2013',0,'','','','',NULL,81677,NULL,NULL,NULL,NULL,NULL,200555,'Edition'),(282463,'2013-02-18 15:34:21','2013-03-28 12:56:44','ECO brokerage results: 15 January 2013',0,'','','','',NULL,85745,NULL,NULL,NULL,NULL,NULL,200555,'Edition'),(282464,'2013-02-27 16:58:46','2013-03-28 12:56:44','ECO brokerage results: 26 February 2013',0,'','','','',NULL,120751,NULL,NULL,NULL,NULL,NULL,200555,'Edition'),(282465,'2013-03-13 17:30:32','2013-03-28 12:56:44','ECO brokerage results: 12 March 2013',0,'','','','',NULL,141868,NULL,NULL,NULL,NULL,NULL,200555,'Edition'),(282466,'2013-03-28 12:56:44','2013-03-28 12:56:44','ECO brokerage results: 26 March 2013',0,'','','','',NULL,175684,NULL,NULL,NULL,NULL,NULL,200555,'Edition'),(282467,'2013-04-10 13:19:15','2013-04-10 13:19:15','ECO brokerage results: 9 April 2013',0,'','','','',NULL,184223,NULL,NULL,NULL,NULL,NULL,200555,'Edition'),(282468,'2013-04-24 15:49:49','2013-04-24 15:49:49','ECO brokerage results: 23 April 2013',0,'','','','',NULL,192346,NULL,NULL,NULL,NULL,NULL,200555,'Edition'),(282469,'2013-05-09 07:59:16','2013-05-09 07:59:16','ECO brokerage results: 7 May 2013',0,'','','','',NULL,197500,NULL,NULL,NULL,NULL,NULL,200555,'Edition'),(282499,'2013-05-23 11:55:33','2013-05-23 11:55:33','ECO brokerage results: 21 May 2013',0,'','','','',NULL,202878,NULL,NULL,NULL,NULL,NULL,200555,'Edition'),(283108,'2013-02-13 15:12:11','2013-03-28 12:56:44','ECO brokerage results: 29 January 2013',0,'','','','',NULL,81676,NULL,NULL,NULL,NULL,NULL,200825,'Edition'),(283109,'2013-02-13 15:12:11','2013-03-28 12:56:44','ECO brokerage results: 12 February 2013',0,'','','','',NULL,81677,NULL,NULL,NULL,NULL,NULL,200825,'Edition'),(283110,'2013-02-18 15:34:21','2013-03-28 12:56:44','ECO brokerage results: 15 January 2013',0,'','','','',NULL,85745,NULL,NULL,NULL,NULL,NULL,200825,'Edition'),(283111,'2013-02-27 16:58:46','2013-03-28 12:56:44','ECO brokerage results: 26 February 2013',0,'','','','',NULL,120751,NULL,NULL,NULL,NULL,NULL,200825,'Edition'),(283112,'2013-03-13 17:30:32','2013-03-28 12:56:44','ECO brokerage results: 12 March 2013',0,'','','','',NULL,141868,NULL,NULL,NULL,NULL,NULL,200825,'Edition'),(283113,'2013-03-28 12:56:44','2013-03-28 12:56:44','ECO brokerage results: 26 March 2013',0,'','','','',NULL,175684,NULL,NULL,NULL,NULL,NULL,200825,'Edition'),(283114,'2013-04-10 13:19:15','2013-04-10 13:19:15','ECO brokerage results: 9 April 2013',0,'','','','',NULL,184223,NULL,NULL,NULL,NULL,NULL,200825,'Edition'),(283115,'2013-04-24 15:49:49','2013-04-24 15:49:49','ECO brokerage results: 23 April 2013',0,'','','','',NULL,192346,NULL,NULL,NULL,NULL,NULL,200825,'Edition'),(283116,'2013-05-09 07:59:16','2013-05-09 07:59:16','ECO brokerage results: 7 May 2013',0,'','','','',NULL,197500,NULL,NULL,NULL,NULL,NULL,200825,'Edition'),(283117,'2013-05-23 11:55:33','2013-05-23 11:55:33','ECO brokerage results: 21 May 2013',0,'','','','',NULL,202878,NULL,NULL,NULL,NULL,NULL,200825,'Edition'),(289481,'2013-02-13 15:12:11','2013-03-28 12:56:44','ECO brokerage results: 29 January 2013',0,'','','','',NULL,81676,NULL,NULL,NULL,NULL,NULL,203493,'Edition'),(289482,'2013-02-13 15:12:11','2013-03-28 12:56:44','ECO brokerage results: 12 February 2013',0,'','','','',NULL,81677,NULL,NULL,NULL,NULL,NULL,203493,'Edition'),(289483,'2013-02-18 15:34:21','2013-03-28 12:56:44','ECO brokerage results: 15 January 2013',0,'','','','',NULL,85745,NULL,NULL,NULL,NULL,NULL,203493,'Edition'),(289484,'2013-02-27 16:58:46','2013-03-28 12:56:44','ECO brokerage results: 26 February 2013',0,'','','','',NULL,120751,NULL,NULL,NULL,NULL,NULL,203493,'Edition'),(289485,'2013-03-13 17:30:32','2013-03-28 12:56:44','ECO brokerage results: 12 March 2013',0,'','','','',NULL,141868,NULL,NULL,NULL,NULL,NULL,203493,'Edition'),(289486,'2013-03-28 12:56:44','2013-03-28 12:56:44','ECO brokerage results: 26 March 2013',0,'','','','',NULL,175684,NULL,NULL,NULL,NULL,NULL,203493,'Edition'),(289487,'2013-04-10 13:19:15','2013-04-10 13:19:15','ECO brokerage results: 9 April 2013',0,'','','','',NULL,184223,NULL,NULL,NULL,NULL,NULL,203493,'Edition'),(289488,'2013-04-24 15:49:49','2013-04-24 15:49:49','ECO brokerage results: 23 April 2013',0,'','','','',NULL,192346,NULL,NULL,NULL,NULL,NULL,203493,'Edition'),(289489,'2013-05-09 07:59:16','2013-05-09 07:59:16','ECO brokerage results: 7 May 2013',0,'','','','',NULL,197500,NULL,NULL,NULL,NULL,NULL,203493,'Edition'),(289490,'2013-05-23 11:55:33','2013-05-23 11:55:33','ECO brokerage results: 21 May 2013',0,'','','','',NULL,202878,NULL,NULL,NULL,NULL,NULL,203493,'Edition'),(289508,'2013-06-05 14:40:31','2013-06-05 14:40:31','ECO brokerage results: 4 June 2013',0,'','','','',NULL,205280,NULL,NULL,NULL,NULL,NULL,203493,'Edition'),(299499,'2013-02-13 15:12:11','2013-03-28 12:56:44','ECO brokerage results: 29 January 2013',0,'','','','',NULL,81676,NULL,NULL,NULL,NULL,NULL,207671,'Edition'),(299500,'2013-02-13 15:12:11','2013-03-28 12:56:44','ECO brokerage results: 12 February 2013',0,'','','','',NULL,81677,NULL,NULL,NULL,NULL,NULL,207671,'Edition'),(299501,'2013-02-18 15:34:21','2013-03-28 12:56:44','ECO brokerage results: 15 January 2013',0,'','','','',NULL,85745,NULL,NULL,NULL,NULL,NULL,207671,'Edition'),(299502,'2013-02-27 16:58:46','2013-03-28 12:56:44','ECO brokerage results: 26 February 2013',0,'','','','',NULL,120751,NULL,NULL,NULL,NULL,NULL,207671,'Edition'),(299503,'2013-03-13 17:30:32','2013-03-28 12:56:44','ECO brokerage results: 12 March 2013',0,'','','','',NULL,141868,NULL,NULL,NULL,NULL,NULL,207671,'Edition'),(299504,'2013-03-28 12:56:44','2013-03-28 12:56:44','ECO brokerage results: 26 March 2013',0,'','','','',NULL,175684,NULL,NULL,NULL,NULL,NULL,207671,'Edition'),(299505,'2013-04-10 13:19:15','2013-04-10 13:19:15','ECO brokerage results: 9 April 2013',0,'','','','',NULL,184223,NULL,NULL,NULL,NULL,NULL,207671,'Edition'),(299506,'2013-04-24 15:49:49','2013-04-24 15:49:49','ECO brokerage results: 23 April 2013',0,'','','','',NULL,192346,NULL,NULL,NULL,NULL,NULL,207671,'Edition'),(299507,'2013-05-09 07:59:16','2013-05-09 07:59:16','ECO brokerage results: 7 May 2013',0,'','','','',NULL,197500,NULL,NULL,NULL,NULL,NULL,207671,'Edition'),(299508,'2013-05-23 11:55:33','2013-05-23 11:55:33','ECO brokerage results: 21 May 2013',0,'','','','',NULL,202878,NULL,NULL,NULL,NULL,NULL,207671,'Edition'),(299509,'2013-06-05 14:40:31','2013-06-05 14:40:31','ECO brokerage results: 4 June 2013',0,'','','','',NULL,205280,NULL,NULL,NULL,NULL,NULL,207671,'Edition'),(299512,'2013-06-20 09:45:17','2013-06-20 09:45:17','ECO brokerage results: 18 June 2013 (PDF)',0,'','','','',NULL,207924,NULL,NULL,NULL,NULL,NULL,207671,'Edition'),(299513,'2013-06-20 09:45:17','2013-06-20 09:45:42','ECO brokerage results: 18 June 2013 (CSV)',0,'','','','',NULL,207925,NULL,NULL,NULL,NULL,NULL,207671,'Edition'),(299899,'2013-02-13 15:12:11','2013-03-28 12:56:44','ECO brokerage results: 29 January 2013',0,'','','','',NULL,81676,NULL,NULL,NULL,NULL,NULL,207884,'Edition'),(299900,'2013-02-13 15:12:11','2013-03-28 12:56:44','ECO brokerage results: 12 February 2013',0,'','','','',NULL,81677,NULL,NULL,NULL,NULL,NULL,207884,'Edition'),(299901,'2013-02-18 15:34:21','2013-03-28 12:56:44','ECO brokerage results: 15 January 2013',0,'','','','',NULL,85745,NULL,NULL,NULL,NULL,NULL,207884,'Edition'),(299902,'2013-02-27 16:58:46','2013-03-28 12:56:44','ECO brokerage results: 26 February 2013',0,'','','','',NULL,120751,NULL,NULL,NULL,NULL,NULL,207884,'Edition'),(299903,'2013-03-13 17:30:32','2013-03-28 12:56:44','ECO brokerage results: 12 March 2013',0,'','','','',NULL,141868,NULL,NULL,NULL,NULL,NULL,207884,'Edition'),(299904,'2013-03-28 12:56:44','2013-03-28 12:56:44','ECO brokerage results: 26 March 2013',0,'','','','',NULL,175684,NULL,NULL,NULL,NULL,NULL,207884,'Edition'),(299905,'2013-04-10 13:19:15','2013-04-10 13:19:15','ECO brokerage results: 9 April 2013',0,'','','','',NULL,184223,NULL,NULL,NULL,NULL,NULL,207884,'Edition'),(299906,'2013-04-24 15:49:49','2013-04-24 15:49:49','ECO brokerage results: 23 April 2013',0,'','','','',NULL,192346,NULL,NULL,NULL,NULL,NULL,207884,'Edition'),(299907,'2013-05-09 07:59:16','2013-05-09 07:59:16','ECO brokerage results: 7 May 2013',0,'','','','',NULL,197500,NULL,NULL,NULL,NULL,NULL,207884,'Edition'),(299908,'2013-05-23 11:55:33','2013-05-23 11:55:33','ECO brokerage results: 21 May 2013',0,'','','','',NULL,202878,NULL,NULL,NULL,NULL,NULL,207884,'Edition'),(299909,'2013-06-05 14:40:31','2013-06-05 14:40:31','ECO brokerage results: 4 June 2013',0,'','','','',NULL,205280,NULL,NULL,NULL,NULL,NULL,207884,'Edition'),(299910,'2013-06-20 09:45:17','2013-06-20 15:17:49','ECO brokerage results: 18 June 2013 (PDF)',0,'','','','',NULL,208057,NULL,NULL,NULL,NULL,NULL,207884,'Edition'),(299911,'2013-06-20 09:45:17','2013-06-20 09:45:42','ECO brokerage results: 18 June 2013 (CSV)',0,'','','','',NULL,207925,NULL,NULL,NULL,NULL,NULL,207884,'Edition'),(308531,'2013-02-13 15:12:11','2013-03-28 12:56:44','ECO brokerage results: 29 January 2013',0,'','','','',NULL,81676,NULL,NULL,NULL,NULL,NULL,211389,'Edition'),(308532,'2013-02-13 15:12:11','2013-03-28 12:56:44','ECO brokerage results: 12 February 2013',0,'','','','',NULL,81677,NULL,NULL,NULL,NULL,NULL,211389,'Edition'),(308533,'2013-02-18 15:34:21','2013-03-28 12:56:44','ECO brokerage results: 15 January 2013',0,'','','','',NULL,85745,NULL,NULL,NULL,NULL,NULL,211389,'Edition'),(308535,'2013-02-27 16:58:46','2013-03-28 12:56:44','ECO brokerage results: 26 February 2013',0,'','','','',NULL,120751,NULL,NULL,NULL,NULL,NULL,211389,'Edition'),(308536,'2013-03-13 17:30:32','2013-03-28 12:56:44','ECO brokerage results: 12 March 2013',0,'','','','',NULL,141868,NULL,NULL,NULL,NULL,NULL,211389,'Edition'),(308537,'2013-03-28 12:56:44','2013-03-28 12:56:44','ECO brokerage results: 26 March 2013',0,'','','','',NULL,175684,NULL,NULL,NULL,NULL,NULL,211389,'Edition'),(308538,'2013-04-10 13:19:15','2013-04-10 13:19:15','ECO brokerage results: 9 April 2013',0,'','','','',NULL,184223,NULL,NULL,NULL,NULL,NULL,211389,'Edition'),(308539,'2013-04-24 15:49:49','2013-04-24 15:49:49','ECO brokerage results: 23 April 2013',0,'','','','',NULL,192346,NULL,NULL,NULL,NULL,NULL,211389,'Edition'),(308540,'2013-05-09 07:59:16','2013-05-09 07:59:16','ECO brokerage results: 7 May 2013',0,'','','','',NULL,197500,NULL,NULL,NULL,NULL,NULL,211389,'Edition'),(308541,'2013-05-23 11:55:33','2013-05-23 11:55:33','ECO brokerage results: 21 May 2013',0,'','','','',NULL,202878,NULL,NULL,NULL,NULL,NULL,211389,'Edition'),(308542,'2013-06-05 14:40:31','2013-06-05 14:40:31','ECO brokerage results: 4 June 2013',0,'','','','',NULL,205280,NULL,NULL,NULL,NULL,NULL,211389,'Edition'),(308543,'2013-06-20 09:45:17','2013-06-20 15:17:49','ECO brokerage results: 18 June 2013 (PDF)',0,'','','','',NULL,208057,NULL,NULL,NULL,NULL,NULL,211389,'Edition'),(308544,'2013-06-20 09:45:17','2013-06-20 09:45:42','ECO brokerage results: 18 June 2013 (CSV)',0,'','','','',NULL,207925,NULL,NULL,NULL,NULL,NULL,211389,'Edition'),(308545,'2013-07-03 14:02:02','2013-07-03 14:02:02','ECO brokerage results: 02 July 2013 (PDF)',0,'','','','',NULL,210605,NULL,NULL,NULL,NULL,NULL,211389,'Edition'),(308546,'2013-07-03 14:02:02','2013-07-03 14:02:02','ECO brokerage results: 02 July 2013 (CSV)',NULL,'','','','',NULL,210606,NULL,NULL,NULL,NULL,NULL,211389,'Edition'),(313006,'2013-02-13 15:12:11','2013-03-28 12:56:44','ECO brokerage results: 29 January 2013',0,'','','','',NULL,81676,NULL,NULL,NULL,NULL,NULL,213227,'Edition'),(313007,'2013-02-13 15:12:11','2013-03-28 12:56:44','ECO brokerage results: 12 February 2013',0,'','','','',NULL,81677,NULL,NULL,NULL,NULL,NULL,213227,'Edition'),(313008,'2013-02-18 15:34:21','2013-03-28 12:56:44','ECO brokerage results: 15 January 2013',0,'','','','',NULL,85745,NULL,NULL,NULL,NULL,NULL,213227,'Edition'),(313009,'2013-02-27 16:58:46','2013-03-28 12:56:44','ECO brokerage results: 26 February 2013',0,'','','','',NULL,120751,NULL,NULL,NULL,NULL,NULL,213227,'Edition'),(313010,'2013-03-13 17:30:32','2013-03-28 12:56:44','ECO brokerage results: 12 March 2013',0,'','','','',NULL,141868,NULL,NULL,NULL,NULL,NULL,213227,'Edition'),(313011,'2013-03-28 12:56:44','2013-03-28 12:56:44','ECO brokerage results: 26 March 2013',0,'','','','',NULL,175684,NULL,NULL,NULL,NULL,NULL,213227,'Edition'),(313012,'2013-04-10 13:19:15','2013-04-10 13:19:15','ECO brokerage results: 9 April 2013',0,'','','','',NULL,184223,NULL,NULL,NULL,NULL,NULL,213227,'Edition'),(313013,'2013-04-24 15:49:49','2013-04-24 15:49:49','ECO brokerage results: 23 April 2013',0,'','','','',NULL,192346,NULL,NULL,NULL,NULL,NULL,213227,'Edition'),(313014,'2013-05-09 07:59:16','2013-05-09 07:59:16','ECO brokerage results: 7 May 2013',0,'','','','',NULL,197500,NULL,NULL,NULL,NULL,NULL,213227,'Edition'),(313015,'2013-05-23 11:55:33','2013-05-23 11:55:33','ECO brokerage results: 21 May 2013',0,'','','','',NULL,202878,NULL,NULL,NULL,NULL,NULL,213227,'Edition'),(313016,'2013-06-05 14:40:31','2013-06-05 14:40:31','ECO brokerage results: 4 June 2013',0,'','','','',NULL,205280,NULL,NULL,NULL,NULL,NULL,213227,'Edition'),(313017,'2013-06-20 09:45:17','2013-06-20 15:17:49','ECO brokerage results: 18 June 2013 (PDF)',0,'','','','',NULL,208057,NULL,NULL,NULL,NULL,NULL,213227,'Edition'),(313018,'2013-06-20 09:45:17','2013-06-20 09:45:42','ECO brokerage results: 18 June 2013 (CSV)',0,'','','','',NULL,207925,NULL,NULL,NULL,NULL,NULL,213227,'Edition'),(313019,'2013-07-03 14:02:02','2013-07-03 14:02:02','ECO brokerage results: 02 July 2013 (PDF)',0,'','','','',NULL,210605,NULL,NULL,NULL,NULL,NULL,213227,'Edition'),(313020,'2013-07-03 14:02:02','2013-07-17 15:12:56','ECO brokerage results: 02 July 2013 (CSV)',0,'','','','',NULL,210606,NULL,NULL,NULL,NULL,NULL,213227,'Edition'),(329601,'2013-07-17 15:12:57','2013-07-17 15:12:57','ECO brokerage results: 16 July 2013 (PDF)',0,'','','','',NULL,223938,NULL,NULL,NULL,NULL,NULL,213227,'Edition'),(329602,'2013-07-17 15:12:57','2013-07-17 15:12:57','ECO brokerage results: 16 July 2013 (CSV)',0,'','','','',NULL,223939,NULL,NULL,NULL,NULL,NULL,213227,'Edition'),(339163,'2013-02-13 15:12:11','2013-03-28 12:56:44','ECO brokerage results: 29 January 2013',0,'','','','',NULL,81676,NULL,NULL,NULL,NULL,NULL,222690,'Edition'),(339164,'2013-02-13 15:12:11','2013-03-28 12:56:44','ECO brokerage results: 12 February 2013',0,'','','','',NULL,81677,NULL,NULL,NULL,NULL,NULL,222690,'Edition'),(339165,'2013-02-18 15:34:21','2013-03-28 12:56:44','ECO brokerage results: 15 January 2013',0,'','','','',NULL,85745,NULL,NULL,NULL,NULL,NULL,222690,'Edition'),(339166,'2013-02-27 16:58:46','2013-03-28 12:56:44','ECO brokerage results: 26 February 2013',0,'','','','',NULL,120751,NULL,NULL,NULL,NULL,NULL,222690,'Edition'),(339167,'2013-03-13 17:30:32','2013-03-28 12:56:44','ECO brokerage results: 12 March 2013',0,'','','','',NULL,141868,NULL,NULL,NULL,NULL,NULL,222690,'Edition'),(339168,'2013-03-28 12:56:44','2013-03-28 12:56:44','ECO brokerage results: 26 March 2013',0,'','','','',NULL,175684,NULL,NULL,NULL,NULL,NULL,222690,'Edition'),(339169,'2013-04-10 13:19:15','2013-04-10 13:19:15','ECO brokerage results: 9 April 2013',0,'','','','',NULL,184223,NULL,NULL,NULL,NULL,NULL,222690,'Edition'),(339170,'2013-04-24 15:49:49','2013-04-24 15:49:49','ECO brokerage results: 23 April 2013',0,'','','','',NULL,192346,NULL,NULL,NULL,NULL,NULL,222690,'Edition'),(339171,'2013-05-09 07:59:16','2013-05-09 07:59:16','ECO brokerage results: 7 May 2013',0,'','','','',NULL,197500,NULL,NULL,NULL,NULL,NULL,222690,'Edition'),(339172,'2013-05-23 11:55:33','2013-05-23 11:55:33','ECO brokerage results: 21 May 2013',0,'','','','',NULL,202878,NULL,NULL,NULL,NULL,NULL,222690,'Edition'),(339173,'2013-06-05 14:40:31','2013-06-05 14:40:31','ECO brokerage results: 4 June 2013',0,'','','','',NULL,205280,NULL,NULL,NULL,NULL,NULL,222690,'Edition'),(339174,'2013-06-20 09:45:17','2013-06-20 15:17:49','ECO brokerage results: 18 June 2013 (PDF)',0,'','','','',NULL,208057,NULL,NULL,NULL,NULL,NULL,222690,'Edition'),(339175,'2013-06-20 09:45:17','2013-06-20 09:45:42','ECO brokerage results: 18 June 2013 (CSV)',0,'','','','',NULL,207925,NULL,NULL,NULL,NULL,NULL,222690,'Edition'),(339176,'2013-07-03 14:02:02','2013-07-03 14:02:02','ECO brokerage results: 02 July 2013 (PDF)',0,'','','','',NULL,210605,NULL,NULL,NULL,NULL,NULL,222690,'Edition'),(339177,'2013-07-03 14:02:02','2013-07-17 15:12:56','ECO brokerage results: 02 July 2013 (CSV)',0,'','','','',NULL,210606,NULL,NULL,NULL,NULL,NULL,222690,'Edition'),(339178,'2013-07-17 15:12:57','2013-07-17 15:12:57','ECO brokerage results: 16 July 2013 (PDF)',0,'','','','',NULL,223938,NULL,NULL,NULL,NULL,NULL,222690,'Edition'),(339179,'2013-07-17 15:12:57','2013-07-17 15:12:57','ECO brokerage results: 16 July 2013 (CSV)',0,'','','','',NULL,223939,NULL,NULL,NULL,NULL,NULL,222690,'Edition'),(339517,'2013-07-31 14:08:38','2013-07-31 14:11:30','ECO brokerage results: 30 July 2013 (PDF)',0,'','','','',NULL,226058,0,NULL,NULL,NULL,NULL,222690,'Edition'),(339518,'2013-07-31 14:09:13','2013-07-31 14:11:16','ECO brokerage results: 30 July 2013 (CSV)',0,'','','','',NULL,226059,1,NULL,NULL,NULL,NULL,222690,'Edition'),(350227,'2013-02-13 15:12:11','2013-03-28 12:56:44','ECO brokerage results: 29 January 2013',0,'','','','',NULL,81676,NULL,NULL,NULL,NULL,NULL,227569,'Edition'),(350228,'2013-02-13 15:12:11','2013-03-28 12:56:44','ECO brokerage results: 12 February 2013',0,'','','','',NULL,81677,NULL,NULL,NULL,NULL,NULL,227569,'Edition'),(350229,'2013-02-18 15:34:21','2013-03-28 12:56:44','ECO brokerage results: 15 January 2013',0,'','','','',NULL,85745,NULL,NULL,NULL,NULL,NULL,227569,'Edition'),(350230,'2013-02-27 16:58:46','2013-03-28 12:56:44','ECO brokerage results: 26 February 2013',0,'','','','',NULL,120751,NULL,NULL,NULL,NULL,NULL,227569,'Edition'),(350231,'2013-03-13 17:30:32','2013-03-28 12:56:44','ECO brokerage results: 12 March 2013',0,'','','','',NULL,141868,NULL,NULL,NULL,NULL,NULL,227569,'Edition'),(350232,'2013-03-28 12:56:44','2013-03-28 12:56:44','ECO brokerage results: 26 March 2013',0,'','','','',NULL,175684,NULL,NULL,NULL,NULL,NULL,227569,'Edition'),(350233,'2013-04-10 13:19:15','2013-04-10 13:19:15','ECO brokerage results: 9 April 2013',0,'','','','',NULL,184223,NULL,NULL,NULL,NULL,NULL,227569,'Edition'),(350234,'2013-04-24 15:49:49','2013-04-24 15:49:49','ECO brokerage results: 23 April 2013',0,'','','','',NULL,192346,NULL,NULL,NULL,NULL,NULL,227569,'Edition'),(350235,'2013-05-09 07:59:16','2013-05-09 07:59:16','ECO brokerage results: 7 May 2013',0,'','','','',NULL,197500,NULL,NULL,NULL,NULL,NULL,227569,'Edition'),(350236,'2013-05-23 11:55:33','2013-05-23 11:55:33','ECO brokerage results: 21 May 2013',0,'','','','',NULL,202878,NULL,NULL,NULL,NULL,NULL,227569,'Edition'),(350237,'2013-06-05 14:40:31','2013-06-05 14:40:31','ECO brokerage results: 4 June 2013',0,'','','','',NULL,205280,NULL,NULL,NULL,NULL,NULL,227569,'Edition'),(350238,'2013-06-20 09:45:17','2013-06-20 15:17:49','ECO brokerage results: 18 June 2013 (PDF)',0,'','','','',NULL,208057,NULL,NULL,NULL,NULL,NULL,227569,'Edition'),(350239,'2013-06-20 09:45:17','2013-06-20 09:45:42','ECO brokerage results: 18 June 2013 (CSV)',0,'','','','',NULL,207925,NULL,NULL,NULL,NULL,NULL,227569,'Edition'),(350240,'2013-07-03 14:02:02','2013-07-03 14:02:02','ECO brokerage results: 02 July 2013 (PDF)',0,'','','','',NULL,210605,NULL,NULL,NULL,NULL,NULL,227569,'Edition'),(350241,'2013-07-03 14:02:02','2013-07-17 15:12:56','ECO brokerage results: 02 July 2013 (CSV)',0,'','','','',NULL,210606,NULL,NULL,NULL,NULL,NULL,227569,'Edition'),(350242,'2013-07-17 15:12:57','2013-07-17 15:12:57','ECO brokerage results: 16 July 2013 (PDF)',0,'','','','',NULL,223938,NULL,NULL,NULL,NULL,NULL,227569,'Edition'),(350243,'2013-07-17 15:12:57','2013-07-17 15:12:57','ECO brokerage results: 16 July 2013 (CSV)',0,'','','','',NULL,223939,NULL,NULL,NULL,NULL,NULL,227569,'Edition'),(350244,'2013-07-31 14:08:38','2013-07-31 14:11:30','ECO brokerage results: 30 July 2013 (PDF)',0,'','','','',NULL,226058,0,NULL,NULL,NULL,NULL,227569,'Edition'),(350245,'2013-07-31 14:09:13','2013-07-31 14:11:16','ECO brokerage results: 30 July 2013 (CSV)',0,'','','','',NULL,226059,1,NULL,NULL,NULL,NULL,227569,'Edition'),(350248,'2013-08-14 15:15:29','2013-08-14 15:17:24','ECO brokerage results: 13 August 2013 (PDF)',0,'','','','',NULL,229782,2,NULL,NULL,0,NULL,227569,'Edition'),(350249,'2013-08-14 15:17:03','2013-08-14 15:17:04','ECO brokerage results: 13 August 2013 (CSV)',0,'','','','',NULL,229783,3,NULL,NULL,0,NULL,227569,'Edition'),(358696,'2013-02-13 15:12:11','2013-03-28 12:56:44','ECO brokerage results: 29 January 2013',0,'','','','',NULL,81676,NULL,NULL,NULL,NULL,NULL,231196,'Edition'),(358697,'2013-02-13 15:12:11','2013-03-28 12:56:44','ECO brokerage results: 12 February 2013',0,'','','','',NULL,81677,NULL,NULL,NULL,NULL,NULL,231196,'Edition'),(358698,'2013-02-18 15:34:21','2013-03-28 12:56:44','ECO brokerage results: 15 January 2013',0,'','','','',NULL,85745,NULL,NULL,NULL,NULL,NULL,231196,'Edition'),(358699,'2013-02-27 16:58:46','2013-03-28 12:56:44','ECO brokerage results: 26 February 2013',0,'','','','',NULL,120751,NULL,NULL,NULL,NULL,NULL,231196,'Edition'),(358700,'2013-03-13 17:30:32','2013-03-28 12:56:44','ECO brokerage results: 12 March 2013',0,'','','','',NULL,141868,NULL,NULL,NULL,NULL,NULL,231196,'Edition'),(358701,'2013-03-28 12:56:44','2013-03-28 12:56:44','ECO brokerage results: 26 March 2013',0,'','','','',NULL,175684,NULL,NULL,NULL,NULL,NULL,231196,'Edition'),(358702,'2013-04-10 13:19:15','2013-04-10 13:19:15','ECO brokerage results: 9 April 2013',0,'','','','',NULL,184223,NULL,NULL,NULL,NULL,NULL,231196,'Edition'),(358703,'2013-04-24 15:49:49','2013-04-24 15:49:49','ECO brokerage results: 23 April 2013',0,'','','','',NULL,192346,NULL,NULL,NULL,NULL,NULL,231196,'Edition'),(358704,'2013-05-09 07:59:16','2013-05-09 07:59:16','ECO brokerage results: 7 May 2013',0,'','','','',NULL,197500,NULL,NULL,NULL,NULL,NULL,231196,'Edition'),(358705,'2013-05-23 11:55:33','2013-05-23 11:55:33','ECO brokerage results: 21 May 2013',0,'','','','',NULL,202878,NULL,NULL,NULL,NULL,NULL,231196,'Edition'),(358706,'2013-06-05 14:40:31','2013-06-05 14:40:31','ECO brokerage results: 4 June 2013',0,'','','','',NULL,205280,NULL,NULL,NULL,NULL,NULL,231196,'Edition'),(358707,'2013-06-20 09:45:17','2013-06-20 15:17:49','ECO brokerage results: 18 June 2013 (PDF)',0,'','','','',NULL,208057,NULL,NULL,NULL,NULL,NULL,231196,'Edition'),(358708,'2013-06-20 09:45:17','2013-06-20 09:45:42','ECO brokerage results: 18 June 2013 (CSV)',0,'','','','',NULL,207925,NULL,NULL,NULL,NULL,NULL,231196,'Edition'),(358709,'2013-07-03 14:02:02','2013-07-03 14:02:02','ECO brokerage results: 02 July 2013 (PDF)',0,'','','','',NULL,210605,NULL,NULL,NULL,NULL,NULL,231196,'Edition'),(358710,'2013-07-03 14:02:02','2013-07-17 15:12:56','ECO brokerage results: 02 July 2013 (CSV)',0,'','','','',NULL,210606,NULL,NULL,NULL,NULL,NULL,231196,'Edition'),(358711,'2013-07-17 15:12:57','2013-07-17 15:12:57','ECO brokerage results: 16 July 2013 (PDF)',0,'','','','',NULL,223938,NULL,NULL,NULL,NULL,NULL,231196,'Edition'),(358712,'2013-07-17 15:12:57','2013-07-17 15:12:57','ECO brokerage results: 16 July 2013 (CSV)',0,'','','','',NULL,223939,NULL,NULL,NULL,NULL,NULL,231196,'Edition'),(358713,'2013-07-31 14:08:38','2013-07-31 14:11:30','ECO brokerage results: 30 July 2013 (PDF)',0,'','','','',NULL,226058,0,NULL,NULL,NULL,NULL,231196,'Edition'),(358714,'2013-07-31 14:09:13','2013-07-31 14:11:16','ECO brokerage results: 30 July 2013 (CSV)',0,'','','','',NULL,226059,1,NULL,NULL,NULL,NULL,231196,'Edition'),(358715,'2013-08-14 15:15:29','2013-08-14 15:17:24','ECO brokerage results: 13 August 2013 (PDF)',0,'','','','',NULL,229782,2,NULL,NULL,0,NULL,231196,'Edition'),(358716,'2013-08-14 15:17:03','2013-08-14 15:17:04','ECO brokerage results: 13 August 2013 (CSV)',0,'','','','',NULL,229783,3,NULL,NULL,0,NULL,231196,'Edition'),(358719,'2013-08-28 14:52:10','2013-08-28 14:52:10','ECO brokerage results: 27 August 2013 (PDF)',0,'','','','',NULL,233290,4,NULL,NULL,0,NULL,231196,'Edition'),(358721,'2013-08-28 14:52:32','2013-08-28 14:52:32','ECO brokerage results: 27 August 2013 (CSV)',0,'','','','',NULL,233292,5,NULL,NULL,0,NULL,231196,'Edition'),(371410,'2013-02-13 15:12:11','2013-03-28 12:56:44','ECO brokerage results: 29 January 2013',0,'','','','',NULL,81676,NULL,NULL,NULL,NULL,NULL,237977,'Edition'),(371411,'2013-02-13 15:12:11','2013-03-28 12:56:44','ECO brokerage results: 12 February 2013',0,'','','','',NULL,81677,NULL,NULL,NULL,NULL,NULL,237977,'Edition'),(371412,'2013-02-18 15:34:21','2013-03-28 12:56:44','ECO brokerage results: 15 January 2013',0,'','','','',NULL,85745,NULL,NULL,NULL,NULL,NULL,237977,'Edition'),(371413,'2013-02-27 16:58:46','2013-03-28 12:56:44','ECO brokerage results: 26 February 2013',0,'','','','',NULL,120751,NULL,NULL,NULL,NULL,NULL,237977,'Edition'),(371414,'2013-03-13 17:30:32','2013-03-28 12:56:44','ECO brokerage results: 12 March 2013',0,'','','','',NULL,141868,NULL,NULL,NULL,NULL,NULL,237977,'Edition'),(371415,'2013-03-28 12:56:44','2013-03-28 12:56:44','ECO brokerage results: 26 March 2013',0,'','','','',NULL,175684,NULL,NULL,NULL,NULL,NULL,237977,'Edition'),(371416,'2013-04-10 13:19:15','2013-04-10 13:19:15','ECO brokerage results: 9 April 2013',0,'','','','',NULL,184223,NULL,NULL,NULL,NULL,NULL,237977,'Edition'),(371417,'2013-04-24 15:49:49','2013-04-24 15:49:49','ECO brokerage results: 23 April 2013',0,'','','','',NULL,192346,NULL,NULL,NULL,NULL,NULL,237977,'Edition'),(371418,'2013-05-09 07:59:16','2013-05-09 07:59:16','ECO brokerage results: 7 May 2013',0,'','','','',NULL,197500,NULL,NULL,NULL,NULL,NULL,237977,'Edition'),(371419,'2013-05-23 11:55:33','2013-05-23 11:55:33','ECO brokerage results: 21 May 2013',0,'','','','',NULL,202878,NULL,NULL,NULL,NULL,NULL,237977,'Edition'),(371420,'2013-06-05 14:40:31','2013-06-05 14:40:31','ECO brokerage results: 4 June 2013',0,'','','','',NULL,205280,NULL,NULL,NULL,NULL,NULL,237977,'Edition'),(371421,'2013-06-20 09:45:17','2013-06-20 15:17:49','ECO brokerage results: 18 June 2013 (PDF)',0,'','','','',NULL,208057,NULL,NULL,NULL,NULL,NULL,237977,'Edition'),(371422,'2013-06-20 09:45:17','2013-06-20 09:45:42','ECO brokerage results: 18 June 2013 (CSV)',0,'','','','',NULL,207925,NULL,NULL,NULL,NULL,NULL,237977,'Edition'),(371423,'2013-07-03 14:02:02','2013-07-03 14:02:02','ECO brokerage results: 02 July 2013 (PDF)',0,'','','','',NULL,210605,NULL,NULL,NULL,NULL,NULL,237977,'Edition'),(371424,'2013-07-03 14:02:02','2013-07-17 15:12:56','ECO brokerage results: 02 July 2013 (CSV)',0,'','','','',NULL,210606,NULL,NULL,NULL,NULL,NULL,237977,'Edition'),(371425,'2013-07-17 15:12:57','2013-07-17 15:12:57','ECO brokerage results: 16 July 2013 (PDF)',0,'','','','',NULL,223938,NULL,NULL,NULL,NULL,NULL,237977,'Edition'),(371426,'2013-07-17 15:12:57','2013-07-17 15:12:57','ECO brokerage results: 16 July 2013 (CSV)',0,'','','','',NULL,223939,NULL,NULL,NULL,NULL,NULL,237977,'Edition'),(371427,'2013-07-31 14:08:38','2013-07-31 14:11:30','ECO brokerage results: 30 July 2013 (PDF)',0,'','','','',NULL,226058,0,NULL,NULL,NULL,NULL,237977,'Edition'),(371428,'2013-07-31 14:09:13','2013-07-31 14:11:16','ECO brokerage results: 30 July 2013 (CSV)',0,'','','','',NULL,226059,1,NULL,NULL,NULL,NULL,237977,'Edition'),(371429,'2013-08-14 15:15:29','2013-08-14 15:17:24','ECO brokerage results: 13 August 2013 (PDF)',0,'','','','',NULL,229782,2,NULL,NULL,0,NULL,237977,'Edition'),(371430,'2013-08-14 15:17:03','2013-08-14 15:17:04','ECO brokerage results: 13 August 2013 (CSV)',0,'','','','',NULL,229783,3,NULL,NULL,0,NULL,237977,'Edition'),(371431,'2013-08-28 14:52:10','2013-08-28 14:52:10','ECO brokerage results: 27 August 2013 (PDF)',0,'','','','',NULL,233290,4,NULL,NULL,0,NULL,237977,'Edition'),(371432,'2013-08-28 14:52:32','2013-08-28 14:52:32','ECO brokerage results: 27 August 2013 (CSV)',0,'','','','',NULL,233292,5,NULL,NULL,0,NULL,237977,'Edition'),(371438,'2013-09-11 14:56:17','2013-09-11 14:56:17','ECO brokerage results: 10 September (PDF)',0,'','','','',NULL,239216,6,NULL,NULL,0,NULL,237977,'Edition'),(371439,'2013-09-11 14:56:43','2013-09-11 14:56:44','ECO brokerage results: 10 September (CSV)',0,'','','','',NULL,239217,7,NULL,NULL,0,NULL,237977,'Edition'),(382465,'2013-02-13 15:12:11','2013-03-28 12:56:44','ECO brokerage results: 29 January 2013',0,'','','','',NULL,81676,NULL,NULL,NULL,NULL,NULL,244032,'Edition'),(382466,'2013-02-13 15:12:11','2013-03-28 12:56:44','ECO brokerage results: 12 February 2013',0,'','','','',NULL,81677,NULL,NULL,NULL,NULL,NULL,244032,'Edition'),(382467,'2013-02-18 15:34:21','2013-03-28 12:56:44','ECO brokerage results: 15 January 2013',0,'','','','',NULL,85745,NULL,NULL,NULL,NULL,NULL,244032,'Edition'),(382468,'2013-02-27 16:58:46','2013-03-28 12:56:44','ECO brokerage results: 26 February 2013',0,'','','','',NULL,120751,NULL,NULL,NULL,NULL,NULL,244032,'Edition'),(382469,'2013-03-13 17:30:32','2013-03-28 12:56:44','ECO brokerage results: 12 March 2013',0,'','','','',NULL,141868,NULL,NULL,NULL,NULL,NULL,244032,'Edition'),(382470,'2013-03-28 12:56:44','2013-03-28 12:56:44','ECO brokerage results: 26 March 2013',0,'','','','',NULL,175684,NULL,NULL,NULL,NULL,NULL,244032,'Edition'),(382471,'2013-04-10 13:19:15','2013-04-10 13:19:15','ECO brokerage results: 9 April 2013',0,'','','','',NULL,184223,NULL,NULL,NULL,NULL,NULL,244032,'Edition'),(382472,'2013-04-24 15:49:49','2013-04-24 15:49:49','ECO brokerage results: 23 April 2013',0,'','','','',NULL,192346,NULL,NULL,NULL,NULL,NULL,244032,'Edition'),(382473,'2013-05-09 07:59:16','2013-05-09 07:59:16','ECO brokerage results: 7 May 2013',0,'','','','',NULL,197500,NULL,NULL,NULL,NULL,NULL,244032,'Edition'),(382474,'2013-05-23 11:55:33','2013-05-23 11:55:33','ECO brokerage results: 21 May 2013',0,'','','','',NULL,202878,NULL,NULL,NULL,NULL,NULL,244032,'Edition'),(382475,'2013-06-05 14:40:31','2013-06-05 14:40:31','ECO brokerage results: 4 June 2013',0,'','','','',NULL,205280,NULL,NULL,NULL,NULL,NULL,244032,'Edition'),(382476,'2013-06-20 09:45:17','2013-06-20 15:17:49','ECO brokerage results: 18 June 2013 (PDF)',0,'','','','',NULL,208057,NULL,NULL,NULL,NULL,NULL,244032,'Edition'),(382477,'2013-06-20 09:45:17','2013-06-20 09:45:42','ECO brokerage results: 18 June 2013 (CSV)',0,'','','','',NULL,207925,NULL,NULL,NULL,NULL,NULL,244032,'Edition'),(382478,'2013-07-03 14:02:02','2013-07-03 14:02:02','ECO brokerage results: 02 July 2013 (PDF)',0,'','','','',NULL,210605,NULL,NULL,NULL,NULL,NULL,244032,'Edition'),(382479,'2013-07-03 14:02:02','2013-07-17 15:12:56','ECO brokerage results: 02 July 2013 (CSV)',0,'','','','',NULL,210606,NULL,NULL,NULL,NULL,NULL,244032,'Edition'),(382480,'2013-07-17 15:12:57','2013-07-17 15:12:57','ECO brokerage results: 16 July 2013 (PDF)',0,'','','','',NULL,223938,NULL,NULL,NULL,NULL,NULL,244032,'Edition'),(382481,'2013-07-17 15:12:57','2013-07-17 15:12:57','ECO brokerage results: 16 July 2013 (CSV)',0,'','','','',NULL,223939,NULL,NULL,NULL,NULL,NULL,244032,'Edition'),(382482,'2013-07-31 14:08:38','2013-07-31 14:11:30','ECO brokerage results: 30 July 2013 (PDF)',0,'','','','',NULL,226058,0,NULL,NULL,NULL,NULL,244032,'Edition'),(382483,'2013-07-31 14:09:13','2013-07-31 14:11:16','ECO brokerage results: 30 July 2013 (CSV)',0,'','','','',NULL,226059,1,NULL,NULL,NULL,NULL,244032,'Edition'),(382484,'2013-08-14 15:15:29','2013-08-14 15:17:24','ECO brokerage results: 13 August 2013 (PDF)',0,'','','','',NULL,229782,2,NULL,NULL,0,NULL,244032,'Edition'),(382485,'2013-08-14 15:17:03','2013-08-14 15:17:04','ECO brokerage results: 13 August 2013 (CSV)',0,'','','','',NULL,229783,3,NULL,NULL,0,NULL,244032,'Edition'),(382486,'2013-08-28 14:52:10','2013-08-28 14:52:10','ECO brokerage results: 27 August 2013 (PDF)',0,'','','','',NULL,233290,4,NULL,NULL,0,NULL,244032,'Edition'),(382487,'2013-08-28 14:52:32','2013-08-28 14:52:32','ECO brokerage results: 27 August 2013 (CSV)',0,'','','','',NULL,233292,5,NULL,NULL,0,NULL,244032,'Edition'),(382488,'2013-09-11 14:56:17','2013-09-11 14:56:17','ECO brokerage results: 10 September (PDF)',0,'','','','',NULL,239216,6,NULL,NULL,0,NULL,244032,'Edition'),(382489,'2013-09-11 14:56:43','2013-09-11 14:56:44','ECO brokerage results: 10 September (CSV)',0,'','','','',NULL,239217,7,NULL,NULL,0,NULL,244032,'Edition'),(382490,'2013-09-26 08:10:06','2013-09-26 08:10:07','ECO brokerage results: 24 September (PDF)',0,'','','','',NULL,245101,8,NULL,NULL,0,NULL,244032,'Edition'),(382491,'2013-09-26 08:10:39','2013-09-26 08:10:39','ECO brokerage results: 24 September (CSV)',0,'','','','',NULL,245102,9,NULL,NULL,0,NULL,244032,'Edition'),(392118,'2013-02-13 15:12:11','2013-03-28 12:56:44','ECO brokerage results: 29 January 2013',0,'','','','',NULL,81676,0,NULL,NULL,NULL,NULL,248348,'Edition'),(392119,'2013-02-13 15:12:11','2013-03-28 12:56:44','ECO brokerage results: 12 February 2013',0,'','','','',NULL,81677,1,NULL,NULL,NULL,NULL,248348,'Edition'),(392120,'2013-02-18 15:34:21','2013-03-28 12:56:44','ECO brokerage results: 15 January 2013',0,'','','','',NULL,85745,2,NULL,NULL,NULL,NULL,248348,'Edition'),(392121,'2013-02-27 16:58:46','2013-03-28 12:56:44','ECO brokerage results: 26 February 2013',0,'','','','',NULL,120751,3,NULL,NULL,NULL,NULL,248348,'Edition'),(392122,'2013-03-13 17:30:32','2013-03-28 12:56:44','ECO brokerage results: 12 March 2013',0,'','','','',NULL,141868,4,NULL,NULL,NULL,NULL,248348,'Edition'),(392123,'2013-03-28 12:56:44','2013-03-28 12:56:44','ECO brokerage results: 26 March 2013',0,'','','','',NULL,175684,5,NULL,NULL,NULL,NULL,248348,'Edition'),(392124,'2013-04-10 13:19:15','2013-04-10 13:19:15','ECO brokerage results: 9 April 2013',0,'','','','',NULL,184223,6,NULL,NULL,NULL,NULL,248348,'Edition'),(392125,'2013-04-24 15:49:49','2013-04-24 15:49:49','ECO brokerage results: 23 April 2013',0,'','','','',NULL,192346,7,NULL,NULL,NULL,NULL,248348,'Edition'),(392126,'2013-05-09 07:59:16','2013-05-09 07:59:16','ECO brokerage results: 7 May 2013',0,'','','','',NULL,197500,8,NULL,NULL,NULL,NULL,248348,'Edition'),(392127,'2013-05-23 11:55:33','2013-05-23 11:55:33','ECO brokerage results: 21 May 2013',0,'','','','',NULL,202878,9,NULL,NULL,NULL,NULL,248348,'Edition'),(392128,'2013-06-05 14:40:31','2013-06-05 14:40:31','ECO brokerage results: 4 June 2013',0,'','','','',NULL,205280,10,NULL,NULL,NULL,NULL,248348,'Edition'),(392129,'2013-06-20 09:45:17','2013-06-20 15:17:49','ECO brokerage results: 18 June 2013 (PDF)',0,'','','','',NULL,208057,11,NULL,NULL,NULL,NULL,248348,'Edition'),(392130,'2013-06-20 09:45:17','2013-06-20 09:45:42','ECO brokerage results: 18 June 2013 (CSV)',0,'','','','',NULL,207925,12,NULL,NULL,NULL,NULL,248348,'Edition'),(392131,'2013-07-03 14:02:02','2013-07-03 14:02:02','ECO brokerage results: 02 July 2013 (PDF)',0,'','','','',NULL,210605,13,NULL,NULL,NULL,NULL,248348,'Edition'),(392132,'2013-07-03 14:02:02','2013-07-17 15:12:56','ECO brokerage results: 02 July 2013 (CSV)',0,'','','','',NULL,210606,14,NULL,NULL,NULL,NULL,248348,'Edition'),(392133,'2013-07-17 15:12:57','2013-07-17 15:12:57','ECO brokerage results: 16 July 2013 (PDF)',0,'','','','',NULL,223938,15,NULL,NULL,NULL,NULL,248348,'Edition'),(392134,'2013-07-17 15:12:57','2013-07-17 15:12:57','ECO brokerage results: 16 July 2013 (CSV)',0,'','','','',NULL,223939,16,NULL,NULL,NULL,NULL,248348,'Edition'),(392135,'2013-07-31 14:08:38','2013-07-31 14:11:30','ECO brokerage results: 30 July 2013 (PDF)',0,'','','','',NULL,226058,0,NULL,NULL,NULL,NULL,248348,'Edition'),(392136,'2013-07-31 14:09:13','2013-07-31 14:11:16','ECO brokerage results: 30 July 2013 (CSV)',0,'','','','',NULL,226059,1,NULL,NULL,NULL,NULL,248348,'Edition'),(392137,'2013-08-14 15:15:29','2013-08-14 15:17:24','ECO brokerage results: 13 August 2013 (PDF)',0,'','','','',NULL,229782,2,NULL,NULL,0,NULL,248348,'Edition'),(392138,'2013-08-14 15:17:03','2013-08-14 15:17:04','ECO brokerage results: 13 August 2013 (CSV)',0,'','','','',NULL,229783,3,NULL,NULL,0,NULL,248348,'Edition'),(392139,'2013-08-28 14:52:10','2013-08-28 14:52:10','ECO brokerage results: 27 August 2013 (PDF)',0,'','','','',NULL,233290,4,NULL,NULL,0,NULL,248348,'Edition'),(392140,'2013-08-28 14:52:32','2013-08-28 14:52:32','ECO brokerage results: 27 August 2013 (CSV)',0,'','','','',NULL,233292,5,NULL,NULL,0,NULL,248348,'Edition'),(392141,'2013-09-11 14:56:17','2013-09-11 14:56:17','ECO brokerage results: 10 September (PDF)',0,'','','','',NULL,239216,6,NULL,NULL,0,NULL,248348,'Edition'),(392142,'2013-09-11 14:56:43','2013-09-11 14:56:44','ECO brokerage results: 10 September (CSV)',0,'','','','',NULL,239217,7,NULL,NULL,0,NULL,248348,'Edition'),(392143,'2013-09-26 08:10:06','2013-09-26 08:10:07','ECO brokerage results: 24 September (PDF)',0,'','','','',NULL,245101,8,NULL,NULL,0,NULL,248348,'Edition'),(392144,'2013-09-26 08:10:39','2013-09-26 08:10:39','ECO brokerage results: 24 September (CSV)',0,'','','','',NULL,245102,9,NULL,NULL,0,NULL,248348,'Edition'),(392149,'2013-02-13 15:12:11','2013-03-28 12:56:44','ECO brokerage results: 29 January 2013',0,'','','','',NULL,81676,0,NULL,NULL,NULL,NULL,248349,'Edition'),(392150,'2013-07-31 14:08:38','2013-07-31 14:11:30','ECO brokerage results: 30 July 2013 (PDF)',0,'','','','',NULL,226058,0,NULL,NULL,NULL,NULL,248349,'Edition'),(392151,'2013-02-13 15:12:11','2013-03-28 12:56:44','ECO brokerage results: 12 February 2013',0,'','','','',NULL,81677,1,NULL,NULL,NULL,NULL,248349,'Edition'),(392152,'2013-07-31 14:09:13','2013-07-31 14:11:16','ECO brokerage results: 30 July 2013 (CSV)',0,'','','','',NULL,226059,1,NULL,NULL,NULL,NULL,248349,'Edition'),(392153,'2013-02-18 15:34:21','2013-03-28 12:56:44','ECO brokerage results: 15 January 2013',0,'','','','',NULL,85745,2,NULL,NULL,NULL,NULL,248349,'Edition'),(392154,'2013-08-14 15:15:29','2013-08-14 15:17:24','ECO brokerage results: 13 August 2013 (PDF)',0,'','','','',NULL,229782,2,NULL,NULL,0,NULL,248349,'Edition'),(392155,'2013-02-27 16:58:46','2013-03-28 12:56:44','ECO brokerage results: 26 February 2013',0,'','','','',NULL,120751,3,NULL,NULL,NULL,NULL,248349,'Edition'),(392156,'2013-08-14 15:17:03','2013-08-14 15:17:04','ECO brokerage results: 13 August 2013 (CSV)',0,'','','','',NULL,229783,3,NULL,NULL,0,NULL,248349,'Edition'),(392157,'2013-03-13 17:30:32','2013-03-28 12:56:44','ECO brokerage results: 12 March 2013',0,'','','','',NULL,141868,4,NULL,NULL,NULL,NULL,248349,'Edition'),(392158,'2013-08-28 14:52:10','2013-08-28 14:52:10','ECO brokerage results: 27 August 2013 (PDF)',0,'','','','',NULL,233290,4,NULL,NULL,0,NULL,248349,'Edition'),(392159,'2013-03-28 12:56:44','2013-03-28 12:56:44','ECO brokerage results: 26 March 2013',0,'','','','',NULL,175684,5,NULL,NULL,NULL,NULL,248349,'Edition'),(392160,'2013-08-28 14:52:32','2013-08-28 14:52:32','ECO brokerage results: 27 August 2013 (CSV)',0,'','','','',NULL,233292,5,NULL,NULL,0,NULL,248349,'Edition'),(392161,'2013-04-10 13:19:15','2013-04-10 13:19:15','ECO brokerage results: 9 April 2013',0,'','','','',NULL,184223,6,NULL,NULL,NULL,NULL,248349,'Edition'),(392162,'2013-09-11 14:56:17','2013-09-11 14:56:17','ECO brokerage results: 10 September (PDF)',0,'','','','',NULL,239216,6,NULL,NULL,0,NULL,248349,'Edition'),(392163,'2013-04-24 15:49:49','2013-04-24 15:49:49','ECO brokerage results: 23 April 2013',0,'','','','',NULL,192346,7,NULL,NULL,NULL,NULL,248349,'Edition'),(392164,'2013-09-11 14:56:43','2013-09-11 14:56:44','ECO brokerage results: 10 September (CSV)',0,'','','','',NULL,239217,7,NULL,NULL,0,NULL,248349,'Edition'),(392165,'2013-05-09 07:59:16','2013-05-09 07:59:16','ECO brokerage results: 7 May 2013',0,'','','','',NULL,197500,8,NULL,NULL,NULL,NULL,248349,'Edition'),(392166,'2013-09-26 08:10:06','2013-09-26 08:10:07','ECO brokerage results: 24 September (PDF)',0,'','','','',NULL,245101,8,NULL,NULL,0,NULL,248349,'Edition'),(392167,'2013-05-23 11:55:33','2013-05-23 11:55:33','ECO brokerage results: 21 May 2013',0,'','','','',NULL,202878,9,NULL,NULL,NULL,NULL,248349,'Edition'),(392168,'2013-09-26 08:10:39','2013-09-26 08:10:39','ECO brokerage results: 24 September (CSV)',0,'','','','',NULL,245102,9,NULL,NULL,0,NULL,248349,'Edition'),(392169,'2013-06-05 14:40:31','2013-06-05 14:40:31','ECO brokerage results: 4 June 2013',0,'','','','',NULL,205280,10,NULL,NULL,NULL,NULL,248349,'Edition'),(392170,'2013-06-20 09:45:17','2013-06-20 15:17:49','ECO brokerage results: 18 June 2013 (PDF)',0,'','','','',NULL,208057,11,NULL,NULL,NULL,NULL,248349,'Edition'),(392171,'2013-06-20 09:45:17','2013-06-20 09:45:42','ECO brokerage results: 18 June 2013 (CSV)',0,'','','','',NULL,207925,12,NULL,NULL,NULL,NULL,248349,'Edition'),(392172,'2013-07-03 14:02:02','2013-07-03 14:02:02','ECO brokerage results: 02 July 2013 (PDF)',0,'','','','',NULL,210605,13,NULL,NULL,NULL,NULL,248349,'Edition'),(392173,'2013-07-03 14:02:02','2013-07-17 15:12:56','ECO brokerage results: 02 July 2013 (CSV)',0,'','','','',NULL,210606,14,NULL,NULL,NULL,NULL,248349,'Edition'),(392174,'2013-07-17 15:12:57','2013-07-17 15:12:57','ECO brokerage results: 16 July 2013 (PDF)',0,'','','','',NULL,223938,15,NULL,NULL,NULL,NULL,248349,'Edition'),(392175,'2013-07-17 15:12:57','2013-07-17 15:12:57','ECO brokerage results: 16 July 2013 (CSV)',0,'','','','',NULL,223939,16,NULL,NULL,NULL,NULL,248349,'Edition'),(393826,'2013-02-13 15:12:11','2013-03-28 12:56:44','ECO brokerage results: 29 January 2013',0,'','','','',NULL,81676,0,NULL,NULL,NULL,NULL,248750,'Edition'),(393827,'2013-07-31 14:08:38','2013-07-31 14:11:30','ECO brokerage results: 30 July 2013 (PDF)',0,'','','','',NULL,226058,0,NULL,NULL,NULL,NULL,248750,'Edition'),(393828,'2013-02-13 15:12:11','2013-03-28 12:56:44','ECO brokerage results: 12 February 2013',0,'','','','',NULL,81677,1,NULL,NULL,NULL,NULL,248750,'Edition'),(393829,'2013-07-31 14:09:13','2013-07-31 14:11:16','ECO brokerage results: 30 July 2013 (CSV)',0,'','','','',NULL,226059,1,NULL,NULL,NULL,NULL,248750,'Edition'),(393830,'2013-02-18 15:34:21','2013-03-28 12:56:44','ECO brokerage results: 15 January 2013',0,'','','','',NULL,85745,2,NULL,NULL,NULL,NULL,248750,'Edition'),(393831,'2013-08-14 15:15:29','2013-08-14 15:17:24','ECO brokerage results: 13 August 2013 (PDF)',0,'','','','',NULL,229782,2,NULL,NULL,0,NULL,248750,'Edition'),(393832,'2013-02-27 16:58:46','2013-03-28 12:56:44','ECO brokerage results: 26 February 2013',0,'','','','',NULL,120751,3,NULL,NULL,NULL,NULL,248750,'Edition'),(393833,'2013-08-14 15:17:03','2013-08-14 15:17:04','ECO brokerage results: 13 August 2013 (CSV)',0,'','','','',NULL,229783,3,NULL,NULL,0,NULL,248750,'Edition'),(393834,'2013-03-13 17:30:32','2013-03-28 12:56:44','ECO brokerage results: 12 March 2013',0,'','','','',NULL,141868,4,NULL,NULL,NULL,NULL,248750,'Edition'),(393835,'2013-08-28 14:52:10','2013-08-28 14:52:10','ECO brokerage results: 27 August 2013 (PDF)',0,'','','','',NULL,233290,4,NULL,NULL,0,NULL,248750,'Edition'),(393836,'2013-03-28 12:56:44','2013-03-28 12:56:44','ECO brokerage results: 26 March 2013',0,'','','','',NULL,175684,5,NULL,NULL,NULL,NULL,248750,'Edition'),(393837,'2013-08-28 14:52:32','2013-08-28 14:52:32','ECO brokerage results: 27 August 2013 (CSV)',0,'','','','',NULL,233292,5,NULL,NULL,0,NULL,248750,'Edition'),(393838,'2013-04-10 13:19:15','2013-04-10 13:19:15','ECO brokerage results: 9 April 2013',0,'','','','',NULL,184223,6,NULL,NULL,NULL,NULL,248750,'Edition'),(393839,'2013-09-11 14:56:17','2013-09-11 14:56:17','ECO brokerage results: 10 September (PDF)',0,'','','','',NULL,239216,6,NULL,NULL,0,NULL,248750,'Edition'),(393840,'2013-04-24 15:49:49','2013-04-24 15:49:49','ECO brokerage results: 23 April 2013',0,'','','','',NULL,192346,7,NULL,NULL,NULL,NULL,248750,'Edition'),(393841,'2013-09-11 14:56:43','2013-09-11 14:56:44','ECO brokerage results: 10 September (CSV)',0,'','','','',NULL,239217,7,NULL,NULL,0,NULL,248750,'Edition'),(393842,'2013-05-09 07:59:16','2013-05-09 07:59:16','ECO brokerage results: 7 May 2013',0,'','','','',NULL,197500,8,NULL,NULL,NULL,NULL,248750,'Edition'),(393843,'2013-09-26 08:10:06','2013-09-26 08:10:07','ECO brokerage results: 24 September (PDF)',0,'','','','',NULL,245101,8,NULL,NULL,0,NULL,248750,'Edition'),(393844,'2013-05-23 11:55:33','2013-05-23 11:55:33','ECO brokerage results: 21 May 2013',0,'','','','',NULL,202878,9,NULL,NULL,NULL,NULL,248750,'Edition'),(393845,'2013-09-26 08:10:39','2013-09-26 08:10:39','ECO brokerage results: 24 September (CSV)',0,'','','','',NULL,245102,9,NULL,NULL,0,NULL,248750,'Edition'),(393846,'2013-06-05 14:40:31','2013-06-05 14:40:31','ECO brokerage results: 4 June 2013',0,'','','','',NULL,205280,10,NULL,NULL,NULL,NULL,248750,'Edition'),(393847,'2013-06-20 09:45:17','2013-06-20 15:17:49','ECO brokerage results: 18 June 2013 (PDF)',0,'','','','',NULL,208057,11,NULL,NULL,NULL,NULL,248750,'Edition'),(393848,'2013-06-20 09:45:17','2013-06-20 09:45:42','ECO brokerage results: 18 June 2013 (CSV)',0,'','','','',NULL,207925,12,NULL,NULL,NULL,NULL,248750,'Edition'),(393849,'2013-07-03 14:02:02','2013-07-03 14:02:02','ECO brokerage results: 02 July 2013 (PDF)',0,'','','','',NULL,210605,13,NULL,NULL,NULL,NULL,248750,'Edition'),(393850,'2013-07-03 14:02:02','2013-07-17 15:12:56','ECO brokerage results: 02 July 2013 (CSV)',0,'','','','',NULL,210606,14,NULL,NULL,NULL,NULL,248750,'Edition'),(393851,'2013-07-17 15:12:57','2013-07-17 15:12:57','ECO brokerage results: 16 July 2013 (PDF)',0,'','','','',NULL,223938,15,NULL,NULL,NULL,NULL,248750,'Edition'),(393852,'2013-07-17 15:12:57','2013-07-17 15:12:57','ECO brokerage results: 16 July 2013 (CSV)',0,'','','','',NULL,223939,16,NULL,NULL,NULL,NULL,248750,'Edition');
/*!40000 ALTER TABLE `old_attachments` ENABLE KEYS */;
UNLOCK TABLES;

--
-- Dumping data for table `attachment_data`
--

LOCK TABLES `attachment_data` WRITE;
/*!40000 ALTER TABLE `attachment_data` DISABLE KEYS */;
INSERT INTO `attachment_data` (`id`, `carrierwave_file`, `content_type`, `file_size`, `number_of_pages`, `created_at`, `updated_at`, `replaced_by_id`) VALUES (81676,'ECO_Brokerage_eAuction2_290113.pdf','application/pdf',16013,1,'2013-02-13 15:19:36','2013-02-13 15:19:36',NULL),(81677,'ECO_Brokerage_eAuction3_120213.pdf','application/pdf',15470,1,'2013-02-13 15:19:36','2013-02-13 15:19:36',NULL),(85745,'ECO_Brokerage_eAuction1_150113.pdf','application/pdf',6325,1,'2013-02-18 15:34:21','2013-02-18 15:34:21',NULL),(120751,'Auction_4_summary-260213.pdf','application/pdf',23520,2,'2013-02-27 16:58:46','2013-02-27 16:58:46',NULL),(141868,'Auction_5_summary.pdf','application/pdf',40644,2,'2013-03-13 17:30:32','2013-03-13 17:30:32',NULL),(175684,'eco_brokerage_auction_6_26_mar_2013.pdf','application/pdf',38607,2,'2013-03-28 12:56:44','2013-03-28 12:56:44',NULL),(184223,'ECO_Brokerage_eAuction7_090413__2_.pdf','application/pdf',21591,2,'2013-04-10 13:19:15','2013-04-10 13:19:15',NULL),(192346,'ECO_Brokerage_eAuction8_230413.pdf','application/pdf',19538,1,'2013-04-24 15:49:49','2013-04-24 15:49:49',NULL),(197500,'ECO_Brokerage_eAuction9_070513.pdf','application/pdf',60277,3,'2013-05-09 07:59:16','2013-05-09 07:59:16',NULL),(202878,'ECO_Brokerage_eAuction10_210513.pdf','application/pdf',63164,6,'2013-05-23 11:55:33','2013-05-23 11:55:33',NULL),(205280,'ECO_Brokerage_eAuction11_040613.pdf','application/pdf',139314,7,'2013-06-05 14:40:31','2013-06-05 14:40:31',NULL),(207924,'ECO_Brokerage_eAuction12_180613.pdf','application/pdf',431115,23,'2013-06-20 09:45:17','2013-06-20 09:45:17',208057),(207925,'ECO_Brokerage_eAuction_12_180613.csv','application/vnd.ms-excel',72930,NULL,'2013-06-20 09:45:17','2013-06-20 09:45:17',NULL),(208057,'ECO_Brokerage_eAuction12_180613_FINAL.pdf','application/pdf',197369,21,'2013-06-20 15:17:48','2013-06-20 15:17:48',NULL),(210605,'ECO_Brokerage_eAuction13_020713.pdf','application/pdf',83765,5,'2013-07-03 14:02:02','2013-07-03 14:02:02',NULL),(210606,'ECO_Brokerage_eAuction_13_020713.csv','application/vnd.ms-excel',14428,NULL,'2013-07-03 14:02:02','2013-07-03 14:02:02',NULL),(223938,'ECO_Brokerage_eAuction14_160713.pdf','application/pdf',75394,4,'2013-07-17 15:12:57','2013-07-17 15:12:57',NULL),(223939,'ECO_Brokerage_eAuction_14_160713.csv','application/vnd.ms-excel',13022,NULL,'2013-07-17 15:12:57','2013-07-17 15:12:57',NULL),(226058,'ECO_Brokerage_eAuction15_300713.pdf','application/pdf',56995,3,'2013-07-31 14:08:38','2013-07-31 14:08:38',NULL),(226059,'ECO_Brokerage_eAuction15_300713.csv','application/vnd.ms-excel',9749,NULL,'2013-07-31 14:09:13','2013-07-31 14:09:13',NULL),(229782,'ECO_Brokerage_eAuction_16_130813.pdf','application/pdf',322426,14,'2013-08-14 15:15:29','2013-08-14 15:15:29',NULL),(229783,'ECO_Brokerage_eAuction_16_130813.csv','application/vnd.ms-excel',59148,NULL,'2013-08-14 15:17:03','2013-08-14 15:17:03',NULL),(233290,'ECO_Brokerage_eAuction_17_270813.pdf','application/pdf',291208,13,'2013-08-28 14:52:10','2013-08-28 14:52:10',NULL),(233292,'ECO_Brokerage_eAuction_17_270813.csv','application/vnd.ms-excel',47884,NULL,'2013-08-28 14:52:32','2013-08-28 14:52:32',NULL),(239216,'ECO_Brokerage_eAuction_18_100913.pdf','application/pdf',322867,14,'2013-09-11 14:56:16','2013-09-11 14:56:16',NULL),(239217,'ECO_Brokerage_eAuction_18_100913.csv','application/vnd.ms-excel',53610,NULL,'2013-09-11 14:56:43','2013-09-11 14:56:43',NULL),(245101,'ECO_Brokerage_eAuction_19_240913.pdf','application/pdf',74182,4,'2013-09-26 08:10:06','2013-09-26 08:10:06',NULL),(245102,'ECO_Brokerage_eAuction_19_240913.csv','application/vnd.ms-excel',11381,NULL,'2013-09-26 08:10:38','2013-09-26 08:10:38',NULL),(249349,'ECO_Brokerage_eAuction_20_081013.pdf','application/pdf',85047,4,'2013-10-10 10:06:05','2013-10-10 10:06:05',NULL),(249350,'ECO_Brokerage_eAuction_20_081013.csv','application/vnd.ms-excel',13238,NULL,'2013-10-10 10:06:52','2013-10-10 10:06:52',NULL);
/*!40000 ALTER TABLE `attachment_data` ENABLE KEYS */;
UNLOCK TABLES;
/*!40103 SET TIME_ZONE=@OLD_TIME_ZONE */;

/*!40101 SET SQL_MODE=@OLD_SQL_MODE */;
/*!40014 SET FOREIGN_KEY_CHECKS=@OLD_FOREIGN_KEY_CHECKS */;
/*!40014 SET UNIQUE_CHECKS=@OLD_UNIQUE_CHECKS */;
/*!40101 SET CHARACTER_SET_CLIENT=@OLD_CHARACTER_SET_CLIENT */;
/*!40101 SET CHARACTER_SET_RESULTS=@OLD_CHARACTER_SET_RESULTS */;
/*!40101 SET COLLATION_CONNECTION=@OLD_COLLATION_CONNECTION */;
/*!40111 SET SQL_NOTES=@OLD_SQL_NOTES */;

-- Dump completed on 2013-10-21 10:41:45
