-- MySQL dump 10.13  Distrib 5.5.12, for osx10.6 (i386)
--
-- Host: localhost    Database: whitehall_test
-- ------------------------------------------------------
-- Server version	5.5.12

/*!40101 SET @OLD_CHARACTER_SET_CLIENT=@@CHARACTER_SET_CLIENT */;
/*!40101 SET @OLD_CHARACTER_SET_RESULTS=@@CHARACTER_SET_RESULTS */;
/*!40101 SET @OLD_COLLATION_CONNECTION=@@COLLATION_CONNECTION */;
/*!40101 SET NAMES utf8 */;
/*!40103 SET @OLD_TIME_ZONE=@@TIME_ZONE */;
/*!40103 SET TIME_ZONE='+00:00' */;
/*!40014 SET @OLD_UNIQUE_CHECKS=@@UNIQUE_CHECKS, UNIQUE_CHECKS=0 */;
/*!40014 SET @OLD_FOREIGN_KEY_CHECKS=@@FOREIGN_KEY_CHECKS, FOREIGN_KEY_CHECKS=0 */;
/*!40101 SET @OLD_SQL_MODE=@@SQL_MODE, SQL_MODE='NO_AUTO_VALUE_ON_ZERO' */;
/*!40111 SET @OLD_SQL_NOTES=@@SQL_NOTES, SQL_NOTES=0 */;

--
-- Dumping data for table `documents`
--

LOCK TABLES `documents` WRITE;
/*!40000 ALTER TABLE `documents` DISABLE KEYS */;
INSERT INTO `documents` (`id`, `created_at`, `updated_at`, `slug`, `document_type`) VALUES (9406,'2012-11-09 17:06:46','2012-11-09 17:06:46','port04-individual-port-traffic','StatisticalDataSet');
/*!40000 ALTER TABLE `documents` ENABLE KEYS */;
UNLOCK TABLES;

--
-- Dumping data for table `editions`
--

LOCK TABLES `editions` WRITE;
/*!40000 ALTER TABLE `editions` DISABLE KEYS */;
INSERT INTO `editions` (`id`, `created_at`, `updated_at`, `lock_version`, `document_id`, `state`, `type`, `role_appointment_id`, `location`, `delivered_on`, `opening_on`, `closing_on`, `major_change_published_at`, `first_published_at`, `speech_type_id`, `stub`, `change_note`, `force_published`, `minor_change`, `publication_type_id`, `related_mainstream_content_url`, `related_mainstream_content_title`, `additional_related_mainstream_content_url`, `additional_related_mainstream_content_title`, `alternative_format_provider_id`, `published_related_publication_count`, `public_timestamp`, `primary_mainstream_category_id`, `scheduled_publication`, `replaces_businesslink`, `access_limited`, `published_major_version`, `published_minor_version`, `operational_field_id`, `roll_call_introduction`, `news_article_type_id`, `relevant_to_local_government`, `person_override`, `locale`, `external`, `external_url`) VALUES (13935,'2012-11-09 17:06:46','2013-01-24 11:20:34',2,9406,'archived','StatisticalDataSet',NULL,NULL,NULL,NULL,NULL,'2012-11-10 16:40:45','2012-11-10 16:40:45',NULL,0,'',1,0,NULL,NULL,NULL,NULL,NULL,9,0,'2012-11-10 16:40:45',NULL,NULL,0,0,1,0,NULL,NULL,NULL,0,NULL,'en',0,NULL),(79282,'2013-01-24 11:14:36','2013-02-20 16:09:43',4,9406,'archived','StatisticalDataSet',NULL,NULL,NULL,NULL,NULL,'2012-11-10 16:40:45','2012-11-10 16:40:45',NULL,0,'',1,1,NULL,NULL,NULL,NULL,NULL,9,0,'2012-11-10 16:40:45',NULL,NULL,0,0,1,1,NULL,NULL,NULL,0,NULL,'en',0,NULL),(97407,'2013-02-20 15:56:59','2013-09-04 09:17:02',7,9406,'archived','StatisticalDataSet',NULL,NULL,NULL,NULL,NULL,'2012-11-10 16:40:45','2012-11-10 16:40:00',NULL,0,'',0,1,NULL,NULL,NULL,NULL,NULL,9,0,'2012-11-10 16:40:00',NULL,NULL,0,0,1,2,NULL,NULL,NULL,0,NULL,'en',0,NULL),(235015,'2013-09-03 14:57:58','2013-09-25 08:30:10',10,9406,'archived','StatisticalDataSet',NULL,NULL,NULL,NULL,NULL,'2012-11-10 16:40:45','2012-11-10 16:40:00',NULL,0,'',0,1,NULL,NULL,NULL,NULL,NULL,9,0,'2012-11-10 16:40:00',NULL,NULL,0,0,1,3,NULL,NULL,NULL,0,NULL,'en',0,NULL),(243324,'2013-09-23 13:24:07','2013-10-09 10:20:30',14,9406,'archived','StatisticalDataSet',NULL,NULL,NULL,NULL,NULL,'2012-11-10 16:40:45','2013-09-25 08:30:00',NULL,0,'',0,1,NULL,NULL,NULL,NULL,NULL,9,0,'2013-09-25 08:30:00',NULL,'2013-09-25 08:30:00',0,0,1,4,NULL,NULL,NULL,0,NULL,'en',0,NULL),(244489,'2013-09-27 13:57:58','2013-10-09 10:20:30',16,9406,'published','StatisticalDataSet',NULL,NULL,NULL,NULL,NULL,'2012-11-10 16:40:45','2013-09-25 08:30:00',NULL,0,'',0,1,NULL,NULL,NULL,NULL,NULL,9,0,'2013-09-25 08:30:00',NULL,NULL,0,0,1,5,NULL,NULL,NULL,0,NULL,'en',0,NULL),(250555,'2013-10-16 12:46:07','2013-10-16 12:46:07',16,9406,'draft','StatisticalDataSet',NULL,NULL,NULL,NULL,NULL,'2012-11-10 16:40:45','2013-09-25 08:30:00',NULL,0,NULL,NULL,0,NULL,NULL,NULL,NULL,NULL,9,0,'2013-09-25 08:30:00',NULL,NULL,0,0,1,5,NULL,NULL,NULL,0,NULL,'en',0,NULL);
/*!40000 ALTER TABLE `editions` ENABLE KEYS */;
UNLOCK TABLES;

--
-- Dumping data for table `edition_translations`
--

LOCK TABLES `edition_translations` WRITE;
/*!40000 ALTER TABLE `edition_translations` DISABLE KEYS */;
INSERT INTO `edition_translations` (`id`, `edition_id`, `locale`, `title`, `summary`, `body`, `created_at`, `updated_at`) VALUES (11662,13935,'en','PORT04 - Individual port traffic','PORT04 - Individual port traffic','\n!@1\nLast updated 2011-09-22\n\n!@2\nLast updated 2011-09-22\n\n!@3\nLast updated 2011-09-22\n\n!@4\nLast updated 2011-09-22\n\n!@5\nLast updated 2011-09-22\n\n!@6\nLast updated 2011-09-22\n\n!@7\nLast updated 2011-09-22\n\n!@8\nLast updated 2011-09-22\n\n!@9\nLast updated 2011-09-22\n\n!@10\nLast updated 2011-09-22\n\n!@11\nLast updated 2011-09-22\n\n!@12\nLast updated 2011-09-21\n\n!@13\nLast updated 2011-09-22\n\n!@14\nLast updated 2011-09-22\n\n!@15\nLast updated 2011-09-22\n\n!@16\nLast updated 2011-09-22\n\n!@17\nLast updated 2011-09-22\n\n!@18\nLast updated 2011-09-22\n\n!@19\nLast updated 2011-09-22\n\n!@20\nLast updated 2011-09-22\n\n!@21\nLast updated 2011-09-22\n\n!@22\nLast updated 2011-09-22\n\n!@23\nLast updated 2011-09-22\n\n!@24\nLast updated 2011-09-22\n\n!@25\nLast updated 2011-09-22\n\n!@26\nLast updated 2011-09-22\n\n!@27\nLast updated 2011-09-22\n\n!@28\nLast updated 2011-09-22\n\n!@29\nLast updated 2011-09-22\n\n!@30\nLast updated 2011-09-22\n\n!@31\nLast updated 2011-09-22\n\n!@32\nLast updated 2011-09-22\n\n!@33\nLast updated 2011-09-22\n\n!@34\nLast updated 2011-09-22\n\n!@35\nLast updated 2011-09-22\n\n!@36\nLast updated 2011-09-22\n\n!@37\nLast updated 2011-09-22\n\n!@38\nLast updated 2011-09-22\n\n!@39\nLast updated 2011-09-22\n\n!@40\nLast updated 2011-09-22\n\n!@41\nLast updated 2011-09-22\n\n!@42\nLast updated 2011-09-22\n\n!@43\nLast updated 2011-09-22\n\n!@44\nLast updated 2011-09-22\n\n!@45\nLast updated 2011-09-22\n\n!@46\nLast updated 2011-09-22\n\n!@47\nLast updated 2011-09-22\n\n!@48\nLast updated 2011-09-22\n\n!@49\nLast updated 2011-09-22\n\n!@50\nLast updated 2011-09-22\n\n!@51\nLast updated 2011-09-22\n\n!@52\nLast updated 2011-09-22\n\n!@53\nLast updated 2011-09-22\n\n!@54\nLast updated 2011-09-22\n\nFor further information, email us at subnational.stats@dft.gsi.gov.uk','2013-02-14 15:29:50','2013-01-24 11:20:34'),(39229,79282,'en','PORT04 - Individual port traffic','PORT04 - Individual port traffic','!@1\r\n!@2\r\n!@3\r\n!@4\r\n!@5\r\n!@6\r\n!@7\r\n!@8\r\n!@9\r\n!@10\r\n!@11\r\n!@12\r\n!@13\r\n!@14\r\n!@15\r\n!@16\r\n!@17\r\n!@18\r\n!@19\r\n!@20\r\n!@21\r\n!@22\r\n!@23\r\n!@24\r\n!@25\r\n!@26\r\n!@27\r\n!@28\r\n!@29\r\n!@30\r\n!@31\r\n!@32\r\n!@33\r\n!@34\r\n!@35\r\n!@36\r\n!@37\r\n!@38\r\n!@39\r\n!@40\r\n!@41\r\n!@42\r\n!@43\r\n!@44\r\n!@45\r\n!@46\r\n!@47\r\n!@48\r\n!@49\r\n!@50\r\n!@51\r\n!@52\r\n!@53\r\n!@54\r\n\r\n\r\n\r\nFor further information, email us at [maritime.stats@dft.gsi.gov.uk](mailto:maritime.stats@dft.gsi.gov.uk)\r\n','2013-02-14 15:29:50','2013-01-24 11:20:34'),(67742,97407,'en','PORT04 - Individual port traffic','PORT04 - Individual port traffic','## Table PORT0401\r\n[InlineAttachment:1]\r\n\r\n## Table PORT0402\r\n[InlineAttachment:2]\r\n\r\n## Table PORT0403\r\n[InlineAttachment:3]\r\n\r\n## Table PORT0404\r\n[InlineAttachment:4]\r\n\r\n## Table PORT0405\r\n[InlineAttachment:5]\r\n\r\n## Table PORT0406\r\n[InlineAttachment:6]\r\n\r\n## Table PORT0407\r\n[InlineAttachment:7]\r\n\r\n## Table PORT0408\r\n[InlineAttachment:8]\r\n\r\n## Table PORT0409\r\n[InlineAttachment:9]\r\n\r\n## Table PORT0410\r\n[InlineAttachment:10]\r\n\r\n## Table PORT0411\r\n[InlineAttachment:11]\r\n\r\n## Table PORT0412\r\n[InlineAttachment:12]\r\n\r\n## Table PORT0413\r\n[InlineAttachment:13]\r\n\r\n## Table PORT0414\r\n[InlineAttachment:14]\r\n\r\n## Table PORT0415\r\n[InlineAttachment:15]\r\n\r\n## Table PORT0416\r\n[InlineAttachment:16]\r\n\r\n## Table PORT0417\r\n[InlineAttachment:17]\r\n\r\n## Table PORT0418\r\n[InlineAttachment:18]\r\n\r\n## Table PORT0419\r\n[InlineAttachment:19]\r\n\r\n## Table PORT0420\r\n[InlineAttachment:20]\r\n\r\n## Table PORT0421\r\n[InlineAttachment:21]\r\n\r\n## Table PORT0422\r\n[InlineAttachment:22]\r\n\r\n## Table PORT0423\r\n[InlineAttachment:23]\r\n\r\n## Table PORT0424\r\n[InlineAttachment:24]\r\n\r\n## Table PORT0425\r\n[InlineAttachment:25]\r\n\r\n## Table PORT0426\r\n[InlineAttachment:26]\r\n\r\n## Table PORT0427\r\n[InlineAttachment:27]\r\n\r\n## Table PORT0428\r\n[InlineAttachment:28]\r\n\r\n## Table PORT0429\r\n[InlineAttachment:29]\r\n\r\n## Table PORT0430\r\n[InlineAttachment:30]\r\n\r\n## Table PORT0431\r\n[InlineAttachment:31]\r\n\r\n## Table PORT0432\r\n[InlineAttachment:32]\r\n\r\n## Table PORT0433\r\n[InlineAttachment:33]\r\n\r\n## Table PORT0434\r\n[InlineAttachment:34]\r\n\r\n## Table PORT0435\r\n[InlineAttachment:35]\r\n\r\n## Table PORT0436\r\n[InlineAttachment:36]\r\n\r\n## Table PORT0437\r\n[InlineAttachment:37]\r\n\r\n## Table PORT0438\r\n[InlineAttachment:38]\r\n\r\n## Table PORT0439\r\n[InlineAttachment:39]\r\n\r\n## Table PORT0440\r\n[InlineAttachment:40]\r\n\r\n## Table PORT0441\r\n[InlineAttachment:41]\r\n\r\n## Table PORT0442\r\n[InlineAttachment:42]\r\n\r\n## Table PORT0443\r\n[InlineAttachment:43]\r\n\r\n## Table PORT0444\r\n[InlineAttachment:44]\r\n\r\n## Table PORT0445\r\n[InlineAttachment:45]\r\n\r\n## Table PORT0446\r\n[InlineAttachment:46]\r\n\r\n## Table PORT0447\r\n[InlineAttachment:47]\r\n\r\n## Table PORT0448\r\n[InlineAttachment:48]\r\n\r\n## Table PORT0449\r\n[InlineAttachment:49]\r\n\r\n## Table PORT0450\r\n[InlineAttachment:50]\r\n\r\n## Table PORT0451\r\n[InlineAttachment:51]\r\n\r\n## Table PORT0452\r\n[InlineAttachment:52]\r\n\r\n## Table PORT0498\r\n[InlineAttachment:53]\r\n\r\n## Table PORT0499\r\n[InlineAttachment:54]\r\n\r\nFor further information, email us at [maritime.stats@dft.gsi.gov.uk](mailto:maritime.stats@dft.gsi.gov.uk)\r\n','2013-02-20 15:56:59','2013-02-20 16:09:38'),(209861,235015,'en','Individual port traffic (PORT04)','Latest statistics tables on maritime and shipping, produced by the Department for Transport','## Table PORT0401\r\n[InlineAttachment:1]\r\n\r\n## Table PORT0402\r\n[InlineAttachment:2]\r\n\r\n## Table PORT0403\r\n[InlineAttachment:3]\r\n\r\n## Table PORT0404\r\n[InlineAttachment:4]\r\n\r\n## Table PORT0405\r\n[InlineAttachment:5]\r\n\r\n## Table PORT0406\r\n[InlineAttachment:6]\r\n\r\n## Table PORT0407\r\n[InlineAttachment:7]\r\n\r\n## Table PORT0408\r\n[InlineAttachment:8]\r\n\r\n## Table PORT0409\r\n[InlineAttachment:9]\r\n\r\n## Table PORT0410\r\n[InlineAttachment:10]\r\n\r\n## Table PORT0411\r\n[InlineAttachment:11]\r\n\r\n## Table PORT0412\r\n[InlineAttachment:12]\r\n\r\n## Table PORT0413\r\n[InlineAttachment:13]\r\n\r\n## Table PORT0414\r\n[InlineAttachment:14]\r\n\r\n## Table PORT0415\r\n[InlineAttachment:15]\r\n\r\n## Table PORT0416\r\n[InlineAttachment:16]\r\n\r\n## Table PORT0417\r\n[InlineAttachment:17]\r\n\r\n## Table PORT0418\r\n[InlineAttachment:18]\r\n\r\n## Table PORT0419\r\n[InlineAttachment:19]\r\n\r\n## Table PORT0420\r\n[InlineAttachment:20]\r\n\r\n## Table PORT0421\r\n[InlineAttachment:21]\r\n\r\n## Table PORT0422\r\n[InlineAttachment:22]\r\n\r\n## Table PORT0423\r\n[InlineAttachment:23]\r\n\r\n## Table PORT0424\r\n[InlineAttachment:24]\r\n\r\n## Table PORT0425\r\n[InlineAttachment:25]\r\n\r\n## Table PORT0426\r\n[InlineAttachment:26]\r\n\r\n## Table PORT0427\r\n[InlineAttachment:27]\r\n\r\n## Table PORT0428\r\n[InlineAttachment:28]\r\n\r\n## Table PORT0429\r\n[InlineAttachment:29]\r\n\r\n## Table PORT0430\r\n[InlineAttachment:30]\r\n\r\n## Table PORT0431\r\n[InlineAttachment:31]\r\n\r\n## Table PORT0432\r\n[InlineAttachment:32]\r\n\r\n## Table PORT0433\r\n[InlineAttachment:33]\r\n\r\n## Table PORT0434\r\n[InlineAttachment:34]\r\n\r\n## Table PORT0435\r\n[InlineAttachment:35]\r\n\r\n## Table PORT0436\r\n[InlineAttachment:36]\r\n\r\n## Table PORT0437\r\n[InlineAttachment:37]\r\n\r\n## Table PORT0438\r\n[InlineAttachment:38]\r\n\r\n## Table PORT0439\r\n[InlineAttachment:39]\r\n\r\n## Table PORT0440\r\n[InlineAttachment:40]\r\n\r\n## Table PORT0441\r\n[InlineAttachment:41]\r\n\r\n## Table PORT0442\r\n[InlineAttachment:42]\r\n\r\n## Table PORT0443\r\n[InlineAttachment:43]\r\n\r\n## Table PORT0444\r\n[InlineAttachment:44]\r\n\r\n## Table PORT0445\r\n[InlineAttachment:45]\r\n\r\n## Table PORT0446\r\n[InlineAttachment:46]\r\n\r\n## Table PORT0447\r\n[InlineAttachment:47]\r\n\r\n## Table PORT0448\r\n[InlineAttachment:48]\r\n\r\n## Table PORT0449\r\n[InlineAttachment:49]\r\n\r\n## Table PORT0450\r\n[InlineAttachment:50]\r\n\r\n## Table PORT0451\r\n[InlineAttachment:51]\r\n\r\n## Table PORT0452\r\n[InlineAttachment:52]\r\n\r\n## Table PORT0498\r\n[InlineAttachment:53]\r\n\r\n## Table PORT0499\r\n[InlineAttachment:54]\r\n\r\n[Contact:1341]','2013-09-03 14:57:58','2013-09-03 15:18:41'),(218476,243324,'en','Individual port traffic (PORT04)','Latest statistics tables on maritime and shipping, produced by the Department for Transport','## Table PORT0401\r\n[InlineAttachment:1]\r\n\r\n## Table PORT0402\r\n[InlineAttachment:2]\r\n\r\n## Table PORT0403\r\n[InlineAttachment:3]\r\n\r\n## Table PORT0404\r\n[InlineAttachment:4]\r\n\r\n## Table PORT0405\r\n[InlineAttachment:5]\r\n\r\n## Table PORT0406\r\n[InlineAttachment:6]\r\n\r\n## Table PORT0407\r\n[InlineAttachment:7]\r\n\r\n## Table PORT0408\r\n[InlineAttachment:8]\r\n\r\n## Table PORT0409\r\n[InlineAttachment:9]\r\n\r\n## Table PORT0410\r\n[InlineAttachment:10]\r\n\r\n## Table PORT0411\r\n[InlineAttachment:11]\r\n\r\n## Table PORT0412\r\n[InlineAttachment:12]\r\n\r\n## Table PORT0413\r\n[InlineAttachment:13]\r\n\r\n## Table PORT0414\r\n[InlineAttachment:14]\r\n\r\n## Table PORT0415\r\n[InlineAttachment:15]\r\n\r\n## Table PORT0416\r\n[InlineAttachment:16]\r\n\r\n## Table PORT0417\r\n[InlineAttachment:17]\r\n\r\n## Table PORT0418\r\n[InlineAttachment:18]\r\n\r\n## Table PORT0419\r\n[InlineAttachment:19]\r\n\r\n## Table PORT0420\r\n[InlineAttachment:20]\r\n\r\n## Table PORT0421\r\n[InlineAttachment:21]\r\n\r\n## Table PORT0422\r\n[InlineAttachment:22]\r\n\r\n## Table PORT0423\r\n[InlineAttachment:23]\r\n\r\n## Table PORT0424\r\n[InlineAttachment:24]\r\n\r\n## Table PORT0425\r\n[InlineAttachment:25]\r\n\r\n## Table PORT0426\r\n[InlineAttachment:26]\r\n\r\n## Table PORT0427\r\n[InlineAttachment:27]\r\n\r\n## Table PORT0428\r\n[InlineAttachment:28]\r\n\r\n## Table PORT0429\r\n[InlineAttachment:29]\r\n\r\n## Table PORT0430\r\n[InlineAttachment:30]\r\n\r\n## Table PORT0431\r\n[InlineAttachment:31]\r\n\r\n## Table PORT0432\r\n[InlineAttachment:32]\r\n\r\n## Table PORT0433\r\n[InlineAttachment:33]\r\n\r\n## Table PORT0434\r\n[InlineAttachment:34]\r\n\r\n## Table PORT0435\r\n[InlineAttachment:35]\r\n\r\n## Table PORT0436\r\n[InlineAttachment:36]\r\n\r\n## Table PORT0437\r\n[InlineAttachment:37]\r\n\r\n## Table PORT0438\r\n[InlineAttachment:38]\r\n\r\n## Table PORT0439\r\n[InlineAttachment:39]\r\n\r\n## Table PORT0440\r\n[InlineAttachment:40]\r\n\r\n## Table PORT0441\r\n[InlineAttachment:41]\r\n\r\n## Table PORT0442\r\n[InlineAttachment:42]\r\n\r\n## Table PORT0443\r\n[InlineAttachment:43]\r\n\r\n## Table PORT0444\r\n[InlineAttachment:44]\r\n\r\n## Table PORT0445\r\n[InlineAttachment:45]\r\n\r\n## Table PORT0446\r\n[InlineAttachment:46]\r\n\r\n## Table PORT0447\r\n[InlineAttachment:47]\r\n\r\n## Table PORT0448\r\n[InlineAttachment:48]\r\n\r\n## Table PORT0449\r\n[InlineAttachment:49]\r\n\r\n## Table PORT0450\r\n[InlineAttachment:50]\r\n\r\n## Table PORT0451\r\n[InlineAttachment:51]\r\n\r\n## Table PORT0452\r\n[InlineAttachment:52]\r\n\r\n## Table PORT0498\r\n[InlineAttachment:53]\r\n\r\n## Table PORT0499\r\n[InlineAttachment:54]\r\n\r\n[Contact:1341]','2013-09-23 13:24:07','2013-09-23 13:24:07'),(219748,244489,'en','Individual port traffic (PORT04)','Latest statistics tables on maritime and shipping, produced by the Department for Transport','## Table PORT0401\r\n[InlineAttachment:1]\r\n\r\n## Table PORT0402\r\n[InlineAttachment:2]\r\n\r\n## Table PORT0403\r\n[InlineAttachment:3]\r\n\r\n## Table PORT0404\r\n[InlineAttachment:4]\r\n\r\n## Table PORT0405\r\n[InlineAttachment:5]\r\n\r\n## Table PORT0406\r\n[InlineAttachment:6]\r\n\r\n## Table PORT0407\r\n[InlineAttachment:7]\r\n\r\n## Table PORT0408\r\n[InlineAttachment:8]\r\n\r\n## Table PORT0409\r\n[InlineAttachment:9]\r\n\r\n## Table PORT0410\r\n[InlineAttachment:10]\r\n\r\n## Table PORT0411\r\n[InlineAttachment:11]\r\n\r\n## Table PORT0412\r\n[InlineAttachment:12]\r\n\r\n## Table PORT0413\r\n[InlineAttachment:13]\r\n\r\n## Table PORT0414\r\n[InlineAttachment:14]\r\n\r\n## Table PORT0415\r\n[InlineAttachment:15]\r\n\r\n## Table PORT0416\r\n[InlineAttachment:16]\r\n\r\n## Table PORT0417\r\n[InlineAttachment:17]\r\n\r\n## Table PORT0418\r\n[InlineAttachment:18]\r\n\r\n## Table PORT0419\r\n[InlineAttachment:19]\r\n\r\n## Table PORT0420\r\n[InlineAttachment:20]\r\n\r\n## Table PORT0421\r\n[InlineAttachment:21]\r\n\r\n## Table PORT0422\r\n[InlineAttachment:22]\r\n\r\n## Table PORT0423\r\n[InlineAttachment:23]\r\n\r\n## Table PORT0424\r\n[InlineAttachment:24]\r\n\r\n## Table PORT0425\r\n[InlineAttachment:25]\r\n\r\n## Table PORT0426\r\n[InlineAttachment:26]\r\n\r\n## Table PORT0427\r\n[InlineAttachment:27]\r\n\r\n## Table PORT0428\r\n[InlineAttachment:28]\r\n\r\n## Table PORT0429\r\n[InlineAttachment:29]\r\n\r\n## Table PORT0430\r\n[InlineAttachment:30]\r\n\r\n## Table PORT0431\r\n[InlineAttachment:31]\r\n\r\n## Table PORT0432\r\n[InlineAttachment:32]\r\n\r\n## Table PORT0433\r\n[InlineAttachment:33]\r\n\r\n## Table PORT0434\r\n[InlineAttachment:34]\r\n\r\n## Table PORT0435\r\n[InlineAttachment:35]\r\n\r\n## Table PORT0436\r\n[InlineAttachment:36]\r\n\r\n## Table PORT0437\r\n[InlineAttachment:37]\r\n\r\n## Table PORT0438\r\n[InlineAttachment:38]\r\n\r\n## Table PORT0439\r\n[InlineAttachment:39]\r\n\r\n## Table PORT0440\r\n[InlineAttachment:40]\r\n\r\n## Table PORT0441\r\n[InlineAttachment:41]\r\n\r\n## Table PORT0442\r\n[InlineAttachment:42]\r\n\r\n## Table PORT0443\r\n[InlineAttachment:43]\r\n\r\n## Table PORT0444\r\n[InlineAttachment:44]\r\n\r\n## Table PORT0445\r\n[InlineAttachment:45]\r\n\r\n## Table PORT0446\r\n[InlineAttachment:46]\r\n\r\n## Table PORT0447\r\n[InlineAttachment:47]\r\n\r\n## Table PORT0448\r\n[InlineAttachment:48]\r\n\r\n## Table PORT0449\r\n[InlineAttachment:49]\r\n\r\n## Table PORT0450\r\n[InlineAttachment:50]\r\n\r\n## Table PORT0451\r\n[InlineAttachment:51]\r\n\r\n## Table PORT0452\r\n[InlineAttachment:52]\r\n\r\n## Table PORT0498\r\n[InlineAttachment:53]\r\n\r\n## Table PORT0499\r\n[InlineAttachment:54]\r\n\r\n[Contact:1341]','2013-09-27 13:57:59','2013-09-27 13:57:59'),(226057,250555,'en','Individual port traffic (PORT04)','Latest statistics tables on maritime and shipping, produced by the Department for Transport','## Table PORT0401\r\n[InlineAttachment:1]\r\n\r\n## Table PORT0402\r\n[InlineAttachment:2]\r\n\r\n## Table PORT0403\r\n[InlineAttachment:3]\r\n\r\n## Table PORT0404\r\n[InlineAttachment:4]\r\n\r\n## Table PORT0405\r\n[InlineAttachment:5]\r\n\r\n## Table PORT0406\r\n[InlineAttachment:6]\r\n\r\n## Table PORT0407\r\n[InlineAttachment:7]\r\n\r\n## Table PORT0408\r\n[InlineAttachment:8]\r\n\r\n## Table PORT0409\r\n[InlineAttachment:9]\r\n\r\n## Table PORT0410\r\n[InlineAttachment:10]\r\n\r\n## Table PORT0411\r\n[InlineAttachment:11]\r\n\r\n## Table PORT0412\r\n[InlineAttachment:12]\r\n\r\n## Table PORT0413\r\n[InlineAttachment:13]\r\n\r\n## Table PORT0414\r\n[InlineAttachment:14]\r\n\r\n## Table PORT0415\r\n[InlineAttachment:15]\r\n\r\n## Table PORT0416\r\n[InlineAttachment:16]\r\n\r\n## Table PORT0417\r\n[InlineAttachment:17]\r\n\r\n## Table PORT0418\r\n[InlineAttachment:18]\r\n\r\n## Table PORT0419\r\n[InlineAttachment:19]\r\n\r\n## Table PORT0420\r\n[InlineAttachment:20]\r\n\r\n## Table PORT0421\r\n[InlineAttachment:21]\r\n\r\n## Table PORT0422\r\n[InlineAttachment:22]\r\n\r\n## Table PORT0423\r\n[InlineAttachment:23]\r\n\r\n## Table PORT0424\r\n[InlineAttachment:24]\r\n\r\n## Table PORT0425\r\n[InlineAttachment:25]\r\n\r\n## Table PORT0426\r\n[InlineAttachment:26]\r\n\r\n## Table PORT0427\r\n[InlineAttachment:27]\r\n\r\n## Table PORT0428\r\n[InlineAttachment:28]\r\n\r\n## Table PORT0429\r\n[InlineAttachment:29]\r\n\r\n## Table PORT0430\r\n[InlineAttachment:30]\r\n\r\n## Table PORT0431\r\n[InlineAttachment:31]\r\n\r\n## Table PORT0432\r\n[InlineAttachment:32]\r\n\r\n## Table PORT0433\r\n[InlineAttachment:33]\r\n\r\n## Table PORT0434\r\n[InlineAttachment:34]\r\n\r\n## Table PORT0435\r\n[InlineAttachment:35]\r\n\r\n## Table PORT0436\r\n[InlineAttachment:36]\r\n\r\n## Table PORT0437\r\n[InlineAttachment:37]\r\n\r\n## Table PORT0438\r\n[InlineAttachment:38]\r\n\r\n## Table PORT0439\r\n[InlineAttachment:39]\r\n\r\n## Table PORT0440\r\n[InlineAttachment:40]\r\n\r\n## Table PORT0441\r\n[InlineAttachment:41]\r\n\r\n## Table PORT0442\r\n[InlineAttachment:42]\r\n\r\n## Table PORT0443\r\n[InlineAttachment:43]\r\n\r\n## Table PORT0444\r\n[InlineAttachment:44]\r\n\r\n## Table PORT0445\r\n[InlineAttachment:45]\r\n\r\n## Table PORT0446\r\n[InlineAttachment:46]\r\n\r\n## Table PORT0447\r\n[InlineAttachment:47]\r\n\r\n## Table PORT0448\r\n[InlineAttachment:48]\r\n\r\n## Table PORT0449\r\n[InlineAttachment:49]\r\n\r\n## Table PORT0450\r\n[InlineAttachment:50]\r\n\r\n## Table PORT0451\r\n[InlineAttachment:51]\r\n\r\n## Table PORT0452\r\n[InlineAttachment:52]\r\n\r\n## Table PORT0498\r\n[InlineAttachment:53]\r\n\r\n## Table PORT0499\r\n[InlineAttachment:54]\r\n\r\n[Contact:1341]','2013-10-16 12:46:07','2013-10-16 12:46:07');
/*!40000 ALTER TABLE `edition_translations` ENABLE KEYS */;
UNLOCK TABLES;

--
-- Dumping data for table `attachments`
--

LOCK TABLES `attachments` WRITE;
/*!40000 ALTER TABLE `attachments` DISABLE KEYS */;
INSERT INTO `attachments` (`id`, `created_at`, `updated_at`, `title`, `accessible`, `isbn`, `unique_reference`, `command_paper_number`, `order_url`, `price_in_pence`, `attachment_data_id`, `ordering`, `hoc_paper_number`, `parliamentary_session`, `unnumbered_command_paper`, `unnumbered_hoc_paper`, `attachable_id`, `attachable_type`) VALUES (14429,'2011-09-21 23:00:00','2012-11-09 17:06:46','PORT0401 - Aberdeen port traffic',NULL,NULL,'PORT0401',NULL,NULL,NULL,10040,1,NULL,NULL,NULL,NULL,13935,'Edition'),(14430,'2011-09-21 23:00:00','2012-11-09 17:06:46','PORT0402 - Ballylumford port traffic',NULL,NULL,'PORT0402',NULL,NULL,NULL,10041,2,NULL,NULL,NULL,NULL,13935,'Edition'),(14431,'2011-09-21 23:00:00','2012-11-09 17:06:46','PORT0403 - Belfast port traffic',NULL,NULL,'PORT0403',NULL,NULL,NULL,10042,3,NULL,NULL,NULL,NULL,13935,'Edition'),(14432,'2011-09-21 23:00:00','2012-11-09 17:06:46','PORT0404 - Boston port traffic',NULL,NULL,'PORT0404',NULL,NULL,NULL,10043,4,NULL,NULL,NULL,NULL,13935,'Edition'),(14433,'2011-09-21 23:00:00','2012-11-09 17:06:46','PORT0405 - Bristol port traffic',NULL,NULL,'PORT0405',NULL,NULL,NULL,10044,5,NULL,NULL,NULL,NULL,13935,'Edition'),(14434,'2011-09-21 23:00:00','2012-11-09 17:06:46','PORT0406 - Cairnryan port traffic',NULL,NULL,'PORT0406',NULL,NULL,NULL,10045,6,NULL,NULL,NULL,NULL,13935,'Edition'),(14435,'2011-09-21 23:00:00','2012-11-09 17:06:46','PORT0407 - Cardiff port traffic',NULL,NULL,'PORT0407',NULL,NULL,NULL,10046,7,NULL,NULL,NULL,NULL,13935,'Edition'),(14436,'2011-09-21 23:00:00','2012-11-09 17:06:46','PORT0408 - Clyde port traffic',NULL,NULL,'PORT0408',NULL,NULL,NULL,10047,8,NULL,NULL,NULL,NULL,13935,'Edition'),(14437,'2011-09-21 23:00:00','2012-11-09 17:06:46','PORT0409 - Cromarty Firth port traffic',NULL,NULL,'PORT0409',NULL,NULL,NULL,10048,9,NULL,NULL,NULL,NULL,13935,'Edition'),(14438,'2011-09-21 23:00:00','2012-11-09 17:06:46','PORT0410 - Dover port traffic',NULL,NULL,'PORT0410',NULL,NULL,NULL,10049,10,NULL,NULL,NULL,NULL,13935,'Edition'),(14439,'2011-09-21 23:00:00','2012-11-09 17:06:46','PORT0411 - Dundee port traffic',NULL,NULL,'PORT0411',NULL,NULL,NULL,10050,11,NULL,NULL,NULL,NULL,13935,'Edition'),(14440,'2011-09-20 23:00:00','2012-11-09 17:06:46','PORT0412 - Felixstowe port traffic',NULL,NULL,'PORT0412',NULL,NULL,NULL,10051,0,NULL,NULL,NULL,NULL,13935,'Edition'),(14441,'2011-09-21 23:00:00','2012-11-09 17:06:46','PORT0413 - Fishguard port traffic',NULL,NULL,'PORT0413',NULL,NULL,NULL,10052,12,NULL,NULL,NULL,NULL,13935,'Edition'),(14442,'2011-09-21 23:00:00','2012-11-09 17:06:46','PORT0414 - Fleetwood port traffic',NULL,NULL,'PORT0414',NULL,NULL,NULL,10053,13,NULL,NULL,NULL,NULL,13935,'Edition'),(14443,'2011-09-21 23:00:00','2012-11-09 17:06:46','PORT0415 - Forth port traffic',NULL,NULL,'PORT0415',NULL,NULL,NULL,10054,14,NULL,NULL,NULL,NULL,13935,'Edition'),(14444,'2011-09-21 23:00:00','2012-11-09 17:06:46','PORT0416 - Fowey port traffic',NULL,NULL,'PORT0416',NULL,NULL,NULL,10055,15,NULL,NULL,NULL,NULL,13935,'Edition'),(14445,'2011-09-21 23:00:00','2012-11-09 17:06:46','PORT0417 - Glensanda port traffic',NULL,NULL,'PORT0417',NULL,NULL,NULL,10056,16,NULL,NULL,NULL,NULL,13935,'Edition'),(14446,'2011-09-21 23:00:00','2012-11-09 17:06:46','PORT0418 - Goole port traffic',NULL,NULL,'PORT0418',NULL,NULL,NULL,10057,17,NULL,NULL,NULL,NULL,13935,'Edition'),(14447,'2011-09-21 23:00:00','2012-11-09 17:06:46','PORT0419 - Great Yarmouth port traffic',NULL,NULL,'PORT0419',NULL,NULL,NULL,10058,18,NULL,NULL,NULL,NULL,13935,'Edition'),(14448,'2011-09-21 23:00:00','2012-11-09 17:06:46','PORT0420 - Grimsby and Immingham port traffic',NULL,NULL,'PORT0420',NULL,NULL,NULL,10059,19,NULL,NULL,NULL,NULL,13935,'Edition'),(14449,'2011-09-21 23:00:00','2012-11-09 17:06:46','PORT0421 - Harwich port traffic',NULL,NULL,'PORT0421',NULL,NULL,NULL,10060,20,NULL,NULL,NULL,NULL,13935,'Edition'),(14450,'2011-09-21 23:00:00','2012-11-09 17:06:46','PORT0422 - Heysham port traffic',NULL,NULL,'PORT0422',NULL,NULL,NULL,10061,21,NULL,NULL,NULL,NULL,13935,'Edition'),(14451,'2011-09-21 23:00:00','2012-11-09 17:06:46','PORT0423 - Holyhead port traffic',NULL,NULL,'PORT0423',NULL,NULL,NULL,10062,22,NULL,NULL,NULL,NULL,13935,'Edition'),(14452,'2011-09-21 23:00:00','2012-11-09 17:06:46','PORT0424 - Hull port traffic',NULL,NULL,'PORT0424',NULL,NULL,NULL,10063,23,NULL,NULL,NULL,NULL,13935,'Edition'),(14453,'2011-09-21 23:00:00','2012-11-09 17:06:46','PORT0425 - Ipswich port traffic',NULL,NULL,'PORT0425',NULL,NULL,NULL,10064,24,NULL,NULL,NULL,NULL,13935,'Edition'),(14454,'2011-09-21 23:00:00','2012-11-09 17:06:46','PORT0426 - Larne port traffic',NULL,NULL,'PORT0426',NULL,NULL,NULL,10065,25,NULL,NULL,NULL,NULL,13935,'Edition'),(14455,'2011-09-21 23:00:00','2012-11-09 17:06:46','PORT0427 - Liverpool port traffic',NULL,NULL,'PORT0427',NULL,NULL,NULL,10066,26,NULL,NULL,NULL,NULL,13935,'Edition'),(14456,'2011-09-21 23:00:00','2012-11-09 17:06:46','PORT0428 - London port traffic',NULL,NULL,'PORT0428',NULL,NULL,NULL,10067,27,NULL,NULL,NULL,NULL,13935,'Edition'),(14457,'2011-09-21 23:00:00','2012-11-09 17:06:46','PORT0429 - Londonderry port traffic',NULL,NULL,'PORT0429',NULL,NULL,NULL,10068,28,NULL,NULL,NULL,NULL,13935,'Edition'),(14458,'2011-09-21 23:00:00','2012-11-09 17:06:46','PORT0430 - Manchester port traffic',NULL,NULL,'PORT0430',NULL,NULL,NULL,10069,29,NULL,NULL,NULL,NULL,13935,'Edition'),(14459,'2011-09-21 23:00:00','2012-11-09 17:06:46','PORT0431 - Medway port traffic',NULL,NULL,'PORT0431',NULL,NULL,NULL,10070,30,NULL,NULL,NULL,NULL,13935,'Edition'),(14460,'2011-09-21 23:00:00','2012-11-09 17:06:46','PORT0432 - Milford Haven port traffic',NULL,NULL,'PORT0432',NULL,NULL,NULL,10071,31,NULL,NULL,NULL,NULL,13935,'Edition'),(14461,'2011-09-21 23:00:00','2012-11-09 17:06:46','PORT0433 - Newhaven port traffic',NULL,NULL,'PORT0433',NULL,NULL,NULL,10072,32,NULL,NULL,NULL,NULL,13935,'Edition'),(14462,'2011-09-21 23:00:00','2012-11-09 17:06:46','PORT0434 - Newport port traffic',NULL,NULL,'PORT0434',NULL,NULL,NULL,10073,33,NULL,NULL,NULL,NULL,13935,'Edition'),(14463,'2011-09-21 23:00:00','2012-11-09 17:06:46','PORT0435 - Orkney port traffic',NULL,NULL,'PORT0435',NULL,NULL,NULL,10074,34,NULL,NULL,NULL,NULL,13935,'Edition'),(14464,'2011-09-21 23:00:00','2012-11-09 17:06:46','PORT0436 - Peterhead port traffic',NULL,NULL,'PORT0436',NULL,NULL,NULL,10075,35,NULL,NULL,NULL,NULL,13935,'Edition'),(14465,'2011-09-21 23:00:00','2012-11-09 17:06:46','PORT0437 - Plymouth port traffic',NULL,NULL,'PORT0437',NULL,NULL,NULL,10076,36,NULL,NULL,NULL,NULL,13935,'Edition'),(14466,'2011-09-21 23:00:00','2012-11-09 17:06:46','PORT0438 - Poole port traffic',NULL,NULL,'PORT0438',NULL,NULL,NULL,10077,37,NULL,NULL,NULL,NULL,13935,'Edition'),(14467,'2011-09-21 23:00:00','2012-11-09 17:06:46','PORT0439 - Port Talbot port traffic',NULL,NULL,'PORT0439',NULL,NULL,NULL,10078,38,NULL,NULL,NULL,NULL,13935,'Edition'),(14468,'2011-09-21 23:00:00','2012-11-09 17:06:46','PORT0440 - Portsmouth port traffic',NULL,NULL,'PORT0440',NULL,NULL,NULL,10079,39,NULL,NULL,NULL,NULL,13935,'Edition'),(14469,'2011-09-21 23:00:00','2012-11-09 17:06:46','PORT0441 - Ramsgate port traffic',NULL,NULL,'PORT0441',NULL,NULL,NULL,10080,40,NULL,NULL,NULL,NULL,13935,'Edition'),(14470,'2011-09-21 23:00:00','2012-11-09 17:06:47','PORT0442 - Rivers Hull and Humber port traffic',NULL,NULL,'PORT0442',NULL,NULL,NULL,10081,41,NULL,NULL,NULL,NULL,13935,'Edition'),(14471,'2011-09-21 23:00:00','2012-11-09 17:06:47','PORT0443 - River Trent port traffic',NULL,NULL,'PORT0443',NULL,NULL,NULL,10082,42,NULL,NULL,NULL,NULL,13935,'Edition'),(14472,'2011-09-21 23:00:00','2012-11-09 17:06:47','PORT0444 - Shoreham port traffic',NULL,NULL,'PORT0444',NULL,NULL,NULL,10083,43,NULL,NULL,NULL,NULL,13935,'Edition'),(14473,'2011-09-21 23:00:00','2012-11-09 17:06:47','PORT0445 - Southampton port traffic',NULL,NULL,'PORT0445',NULL,NULL,NULL,10084,44,NULL,NULL,NULL,NULL,13935,'Edition'),(14474,'2011-09-21 23:00:00','2012-11-09 17:06:47','PORT0446 - Stranraer port traffic',NULL,NULL,'PORT0446',NULL,NULL,NULL,10085,45,NULL,NULL,NULL,NULL,13935,'Edition'),(14475,'2011-09-21 23:00:00','2012-11-09 17:06:47','PORT0447 - Sullom Voe port traffic',NULL,NULL,'PORT0447',NULL,NULL,NULL,10086,46,NULL,NULL,NULL,NULL,13935,'Edition'),(14476,'2011-09-21 23:00:00','2012-11-09 17:06:47','PORT0448 - Sunderland port traffic',NULL,NULL,'PORT0448',NULL,NULL,NULL,10087,47,NULL,NULL,NULL,NULL,13935,'Edition'),(14477,'2011-09-21 23:00:00','2012-11-09 17:06:47','PORT0449 - Swansea port traffic',NULL,NULL,'PORT0449',NULL,NULL,NULL,10088,48,NULL,NULL,NULL,NULL,13935,'Edition'),(14478,'2011-09-21 23:00:00','2012-11-09 17:06:47','PORT0450 - Tees and Hartlepool port traffic',NULL,NULL,'PORT0450',NULL,NULL,NULL,10089,49,NULL,NULL,NULL,NULL,13935,'Edition'),(14479,'2011-09-21 23:00:00','2012-11-09 17:06:47','PORT0451 - Tyne port traffic',NULL,NULL,'PORT0451',NULL,NULL,NULL,10090,50,NULL,NULL,NULL,NULL,13935,'Edition'),(14480,'2011-09-21 23:00:00','2012-11-09 17:06:47','PORT0452 - Warrenpoint port traffic',NULL,NULL,'PORT0452',NULL,NULL,NULL,10091,51,NULL,NULL,NULL,NULL,13935,'Edition'),(14481,'2011-09-21 23:00:00','2012-11-09 17:06:47','PORT0498 - UK major port traffic, port level downloadable dataset, tonnage',NULL,NULL,'PORT0498',NULL,NULL,NULL,10092,52,NULL,NULL,NULL,NULL,13935,'Edition'),(14482,'2011-09-21 23:00:00','2012-11-09 17:06:47','PORT0499 - UK major port traffic, port level downloadable dataset, units',NULL,NULL,'PORT0499',NULL,NULL,NULL,10093,53,NULL,NULL,NULL,NULL,13935,'Edition'),(94397,'2011-09-21 23:00:00','2013-01-24 11:17:49','PORT0401 - Aberdeen port traffic',0,'','PORT0401','','',NULL,10040,1,NULL,NULL,NULL,NULL,79282,'Edition'),(94398,'2011-09-21 23:00:00','2013-01-24 11:17:49','PORT0402 - Ballylumford port traffic',0,'','PORT0402','','',NULL,10041,2,NULL,NULL,NULL,NULL,79282,'Edition'),(94399,'2011-09-21 23:00:00','2013-01-24 11:17:49','PORT0403 - Belfast port traffic',0,'','PORT0403','','',NULL,10042,3,NULL,NULL,NULL,NULL,79282,'Edition'),(94400,'2011-09-21 23:00:00','2013-01-24 11:17:49','PORT0404 - Boston port traffic',0,'','PORT0404','','',NULL,10043,4,NULL,NULL,NULL,NULL,79282,'Edition'),(94401,'2011-09-21 23:00:00','2013-01-24 11:17:49','PORT0405 - Bristol port traffic',0,'','PORT0405','','',NULL,10044,5,NULL,NULL,NULL,NULL,79282,'Edition'),(94402,'2011-09-21 23:00:00','2013-01-24 11:17:49','PORT0406 - Cairnryan port traffic',0,'','PORT0406','','',NULL,10045,6,NULL,NULL,NULL,NULL,79282,'Edition'),(94403,'2011-09-21 23:00:00','2013-01-24 11:17:49','PORT0407 - Cardiff port traffic',0,'','PORT0407','','',NULL,10046,7,NULL,NULL,NULL,NULL,79282,'Edition'),(94404,'2011-09-21 23:00:00','2013-01-24 11:17:49','PORT0408 - Clyde port traffic',0,'','PORT0408','','',NULL,10047,8,NULL,NULL,NULL,NULL,79282,'Edition'),(94405,'2011-09-21 23:00:00','2013-01-24 11:17:49','PORT0409 - Cromarty Firth port traffic',0,'','PORT0409','','',NULL,10048,9,NULL,NULL,NULL,NULL,79282,'Edition'),(94406,'2011-09-21 23:00:00','2013-01-24 11:17:49','PORT0410 - Dover port traffic',0,'','PORT0410','','',NULL,10049,10,NULL,NULL,NULL,NULL,79282,'Edition'),(94407,'2011-09-21 23:00:00','2013-01-24 11:17:49','PORT0411 - Dundee port traffic',0,'','PORT0411','','',NULL,10050,11,NULL,NULL,NULL,NULL,79282,'Edition'),(94408,'2011-09-20 23:00:00','2013-01-24 11:17:49','PORT0412 - Felixstowe port traffic',0,'','PORT0412','','',NULL,10051,0,NULL,NULL,NULL,NULL,79282,'Edition'),(94409,'2011-09-21 23:00:00','2013-01-24 11:17:49','PORT0413 - Fishguard port traffic',0,'','PORT0413','','',NULL,10052,12,NULL,NULL,NULL,NULL,79282,'Edition'),(94410,'2011-09-21 23:00:00','2013-01-24 11:17:49','PORT0414 - Fleetwood port traffic',0,'','PORT0414','','',NULL,10053,13,NULL,NULL,NULL,NULL,79282,'Edition'),(94411,'2011-09-21 23:00:00','2013-01-24 11:17:49','PORT0415 - Forth port traffic',0,'','PORT0415','','',NULL,10054,14,NULL,NULL,NULL,NULL,79282,'Edition'),(94412,'2011-09-21 23:00:00','2013-01-24 11:17:49','PORT0416 - Fowey port traffic',0,'','PORT0416','','',NULL,10055,15,NULL,NULL,NULL,NULL,79282,'Edition'),(94413,'2011-09-21 23:00:00','2013-01-24 11:17:49','PORT0417 - Glensanda port traffic',0,'','PORT0417','','',NULL,10056,16,NULL,NULL,NULL,NULL,79282,'Edition'),(94414,'2011-09-21 23:00:00','2013-01-24 11:17:49','PORT0418 - Goole port traffic',0,'','PORT0418','','',NULL,10057,17,NULL,NULL,NULL,NULL,79282,'Edition'),(94415,'2011-09-21 23:00:00','2013-01-24 11:17:49','PORT0419 - Great Yarmouth port traffic',0,'','PORT0419','','',NULL,10058,18,NULL,NULL,NULL,NULL,79282,'Edition'),(94416,'2011-09-21 23:00:00','2013-01-24 11:17:49','PORT0420 - Grimsby and Immingham port traffic',0,'','PORT0420','','',NULL,10059,19,NULL,NULL,NULL,NULL,79282,'Edition'),(94417,'2011-09-21 23:00:00','2013-01-24 11:17:49','PORT0421 - Harwich port traffic',0,'','PORT0421','','',NULL,10060,20,NULL,NULL,NULL,NULL,79282,'Edition'),(94418,'2011-09-21 23:00:00','2013-01-24 11:17:49','PORT0422 - Heysham port traffic',0,'','PORT0422','','',NULL,10061,21,NULL,NULL,NULL,NULL,79282,'Edition'),(94419,'2011-09-21 23:00:00','2013-01-24 11:17:49','PORT0423 - Holyhead port traffic',0,'','PORT0423','','',NULL,10062,22,NULL,NULL,NULL,NULL,79282,'Edition'),(94420,'2011-09-21 23:00:00','2013-01-24 11:17:49','PORT0424 - Hull port traffic',0,'','PORT0424','','',NULL,10063,23,NULL,NULL,NULL,NULL,79282,'Edition'),(94421,'2011-09-21 23:00:00','2013-01-24 11:17:49','PORT0425 - Ipswich port traffic',0,'','PORT0425','','',NULL,10064,24,NULL,NULL,NULL,NULL,79282,'Edition'),(94422,'2011-09-21 23:00:00','2013-01-24 11:17:49','PORT0426 - Larne port traffic',0,'','PORT0426','','',NULL,10065,25,NULL,NULL,NULL,NULL,79282,'Edition'),(94423,'2011-09-21 23:00:00','2013-01-24 11:17:49','PORT0427 - Liverpool port traffic',0,'','PORT0427','','',NULL,10066,26,NULL,NULL,NULL,NULL,79282,'Edition'),(94424,'2011-09-21 23:00:00','2013-01-24 11:17:49','PORT0428 - London port traffic',0,'','PORT0428','','',NULL,10067,27,NULL,NULL,NULL,NULL,79282,'Edition'),(94425,'2011-09-21 23:00:00','2013-01-24 11:17:49','PORT0429 - Londonderry port traffic',0,'','PORT0429','','',NULL,10068,28,NULL,NULL,NULL,NULL,79282,'Edition'),(94426,'2011-09-21 23:00:00','2013-01-24 11:17:49','PORT0430 - Manchester port traffic',0,'','PORT0430','','',NULL,10069,29,NULL,NULL,NULL,NULL,79282,'Edition'),(94427,'2011-09-21 23:00:00','2013-01-24 11:17:49','PORT0431 - Medway port traffic',0,'','PORT0431','','',NULL,10070,30,NULL,NULL,NULL,NULL,79282,'Edition'),(94428,'2011-09-21 23:00:00','2013-01-24 11:17:49','PORT0432 - Milford Haven port traffic',0,'','PORT0432','','',NULL,10071,31,NULL,NULL,NULL,NULL,79282,'Edition'),(94429,'2011-09-21 23:00:00','2013-01-24 11:17:49','PORT0433 - Newhaven port traffic',0,'','PORT0433','','',NULL,10072,32,NULL,NULL,NULL,NULL,79282,'Edition'),(94430,'2011-09-21 23:00:00','2013-01-24 11:17:49','PORT0434 - Newport port traffic',0,'','PORT0434','','',NULL,10073,33,NULL,NULL,NULL,NULL,79282,'Edition'),(94431,'2011-09-21 23:00:00','2013-01-24 11:17:49','PORT0435 - Orkney port traffic',0,'','PORT0435','','',NULL,10074,34,NULL,NULL,NULL,NULL,79282,'Edition'),(94432,'2011-09-21 23:00:00','2013-01-24 11:17:49','PORT0436 - Peterhead port traffic',0,'','PORT0436','','',NULL,10075,35,NULL,NULL,NULL,NULL,79282,'Edition'),(94433,'2011-09-21 23:00:00','2013-01-24 11:17:49','PORT0437 - Plymouth port traffic',0,'','PORT0437','','',NULL,10076,36,NULL,NULL,NULL,NULL,79282,'Edition'),(94434,'2011-09-21 23:00:00','2013-01-24 11:17:49','PORT0438 - Poole port traffic',0,'','PORT0438','','',NULL,10077,37,NULL,NULL,NULL,NULL,79282,'Edition'),(94435,'2011-09-21 23:00:00','2013-01-24 11:17:49','PORT0439 - Port Talbot port traffic',0,'','PORT0439','','',NULL,10078,38,NULL,NULL,NULL,NULL,79282,'Edition'),(94436,'2011-09-21 23:00:00','2013-01-24 11:17:49','PORT0440 - Portsmouth port traffic',0,'','PORT0440','','',NULL,10079,39,NULL,NULL,NULL,NULL,79282,'Edition'),(94437,'2011-09-21 23:00:00','2013-01-24 11:17:49','PORT0441 - Ramsgate port traffic',0,'','PORT0441','','',NULL,10080,40,NULL,NULL,NULL,NULL,79282,'Edition'),(94438,'2011-09-21 23:00:00','2013-01-24 11:17:49','PORT0442 - Rivers Hull and Humber port traffic',0,'','PORT0442','','',NULL,10081,41,NULL,NULL,NULL,NULL,79282,'Edition'),(94439,'2011-09-21 23:00:00','2013-01-24 11:17:49','PORT0443 - River Trent port traffic',0,'','PORT0443','','',NULL,10082,42,NULL,NULL,NULL,NULL,79282,'Edition'),(94440,'2011-09-21 23:00:00','2013-01-24 11:17:49','PORT0444 - Shoreham port traffic',0,'','PORT0444','','',NULL,10083,43,NULL,NULL,NULL,NULL,79282,'Edition'),(94441,'2011-09-21 23:00:00','2013-01-24 11:17:49','PORT0445 - Southampton port traffic',0,'','PORT0445','','',NULL,10084,44,NULL,NULL,NULL,NULL,79282,'Edition'),(94442,'2011-09-21 23:00:00','2013-01-24 11:17:49','PORT0446 - Stranraer port traffic',0,'','PORT0446','','',NULL,10085,45,NULL,NULL,NULL,NULL,79282,'Edition'),(94443,'2011-09-21 23:00:00','2013-01-24 11:17:49','PORT0447 - Sullom Voe port traffic',0,'','PORT0447','','',NULL,10086,46,NULL,NULL,NULL,NULL,79282,'Edition'),(94444,'2011-09-21 23:00:00','2013-01-24 11:17:49','PORT0448 - Sunderland port traffic',0,'','PORT0448','','',NULL,10087,47,NULL,NULL,NULL,NULL,79282,'Edition'),(94445,'2011-09-21 23:00:00','2013-01-24 11:17:49','PORT0449 - Swansea port traffic',0,'','PORT0449','','',NULL,10088,48,NULL,NULL,NULL,NULL,79282,'Edition'),(94446,'2011-09-21 23:00:00','2013-01-24 11:17:49','PORT0450 - Tees and Hartlepool port traffic',0,'','PORT0450','','',NULL,10089,49,NULL,NULL,NULL,NULL,79282,'Edition'),(94447,'2011-09-21 23:00:00','2013-01-24 11:17:49','PORT0451 - Tyne port traffic',0,'','PORT0451','','',NULL,10090,50,NULL,NULL,NULL,NULL,79282,'Edition'),(94448,'2011-09-21 23:00:00','2013-01-24 11:17:49','PORT0452 - Warrenpoint port traffic',0,'','PORT0452','','',NULL,10091,51,NULL,NULL,NULL,NULL,79282,'Edition'),(94449,'2011-09-21 23:00:00','2013-01-24 11:17:49','PORT0498 - UK major port traffic, port level downloadable dataset, tonnage',0,'','PORT0498','','',NULL,10092,52,NULL,NULL,NULL,NULL,79282,'Edition'),(94450,'2011-09-21 23:00:00','2013-01-24 11:17:49','PORT0499 - UK major port traffic, port level downloadable dataset, units',0,'','PORT0499','','',NULL,10093,53,NULL,NULL,NULL,NULL,79282,'Edition'),(120812,'2011-09-21 23:00:00','2013-01-24 11:17:49','PORT0401 - Aberdeen port traffic',0,'','PORT0401','','',NULL,10040,1,NULL,NULL,NULL,NULL,97407,'Edition'),(120813,'2011-09-21 23:00:00','2013-01-24 11:17:49','PORT0402 - Ballylumford port traffic',0,'','PORT0402','','',NULL,10041,2,NULL,NULL,NULL,NULL,97407,'Edition'),(120814,'2011-09-21 23:00:00','2013-01-24 11:17:49','PORT0403 - Belfast port traffic',0,'','PORT0403','','',NULL,10042,3,NULL,NULL,NULL,NULL,97407,'Edition'),(120815,'2011-09-21 23:00:00','2013-01-24 11:17:49','PORT0404 - Boston port traffic',0,'','PORT0404','','',NULL,10043,4,NULL,NULL,NULL,NULL,97407,'Edition'),(120816,'2011-09-21 23:00:00','2013-01-24 11:17:49','PORT0405 - Bristol port traffic',0,'','PORT0405','','',NULL,10044,5,NULL,NULL,NULL,NULL,97407,'Edition'),(120817,'2011-09-21 23:00:00','2013-01-24 11:17:49','PORT0406 - Cairnryan port traffic',0,'','PORT0406','','',NULL,10045,6,NULL,NULL,NULL,NULL,97407,'Edition'),(120818,'2011-09-21 23:00:00','2013-01-24 11:17:49','PORT0407 - Cardiff port traffic',0,'','PORT0407','','',NULL,10046,7,NULL,NULL,NULL,NULL,97407,'Edition'),(120819,'2011-09-21 23:00:00','2013-01-24 11:17:49','PORT0408 - Clyde port traffic',0,'','PORT0408','','',NULL,10047,8,NULL,NULL,NULL,NULL,97407,'Edition'),(120820,'2011-09-21 23:00:00','2013-01-24 11:17:49','PORT0409 - Cromarty Firth port traffic',0,'','PORT0409','','',NULL,10048,9,NULL,NULL,NULL,NULL,97407,'Edition'),(120821,'2011-09-21 23:00:00','2013-01-24 11:17:49','PORT0410 - Dover port traffic',0,'','PORT0410','','',NULL,10049,10,NULL,NULL,NULL,NULL,97407,'Edition'),(120822,'2011-09-21 23:00:00','2013-01-24 11:17:49','PORT0411 - Dundee port traffic',0,'','PORT0411','','',NULL,10050,11,NULL,NULL,NULL,NULL,97407,'Edition'),(120823,'2011-09-20 23:00:00','2013-01-24 11:17:49','PORT0412 - Felixstowe port traffic',0,'','PORT0412','','',NULL,10051,0,NULL,NULL,NULL,NULL,97407,'Edition'),(120824,'2011-09-21 23:00:00','2013-01-24 11:17:49','PORT0413 - Fishguard port traffic',0,'','PORT0413','','',NULL,10052,12,NULL,NULL,NULL,NULL,97407,'Edition'),(120825,'2011-09-21 23:00:00','2013-01-24 11:17:49','PORT0414 - Fleetwood port traffic',0,'','PORT0414','','',NULL,10053,13,NULL,NULL,NULL,NULL,97407,'Edition'),(120826,'2011-09-21 23:00:00','2013-01-24 11:17:49','PORT0415 - Forth port traffic',0,'','PORT0415','','',NULL,10054,14,NULL,NULL,NULL,NULL,97407,'Edition'),(120827,'2011-09-21 23:00:00','2013-01-24 11:17:49','PORT0416 - Fowey port traffic',0,'','PORT0416','','',NULL,10055,15,NULL,NULL,NULL,NULL,97407,'Edition'),(120828,'2011-09-21 23:00:00','2013-01-24 11:17:49','PORT0417 - Glensanda port traffic',0,'','PORT0417','','',NULL,10056,16,NULL,NULL,NULL,NULL,97407,'Edition'),(120829,'2011-09-21 23:00:00','2013-01-24 11:17:49','PORT0418 - Goole port traffic',0,'','PORT0418','','',NULL,10057,17,NULL,NULL,NULL,NULL,97407,'Edition'),(120830,'2011-09-21 23:00:00','2013-01-24 11:17:49','PORT0419 - Great Yarmouth port traffic',0,'','PORT0419','','',NULL,10058,18,NULL,NULL,NULL,NULL,97407,'Edition'),(120831,'2011-09-21 23:00:00','2013-01-24 11:17:49','PORT0420 - Grimsby and Immingham port traffic',0,'','PORT0420','','',NULL,10059,19,NULL,NULL,NULL,NULL,97407,'Edition'),(120832,'2011-09-21 23:00:00','2013-01-24 11:17:49','PORT0421 - Harwich port traffic',0,'','PORT0421','','',NULL,10060,20,NULL,NULL,NULL,NULL,97407,'Edition'),(120833,'2011-09-21 23:00:00','2013-01-24 11:17:49','PORT0422 - Heysham port traffic',0,'','PORT0422','','',NULL,10061,21,NULL,NULL,NULL,NULL,97407,'Edition'),(120834,'2011-09-21 23:00:00','2013-01-24 11:17:49','PORT0423 - Holyhead port traffic',0,'','PORT0423','','',NULL,10062,22,NULL,NULL,NULL,NULL,97407,'Edition'),(120835,'2011-09-21 23:00:00','2013-01-24 11:17:49','PORT0424 - Hull port traffic',0,'','PORT0424','','',NULL,10063,23,NULL,NULL,NULL,NULL,97407,'Edition'),(120836,'2011-09-21 23:00:00','2013-01-24 11:17:49','PORT0425 - Ipswich port traffic',0,'','PORT0425','','',NULL,10064,24,NULL,NULL,NULL,NULL,97407,'Edition'),(120837,'2011-09-21 23:00:00','2013-01-24 11:17:49','PORT0426 - Larne port traffic',0,'','PORT0426','','',NULL,10065,25,NULL,NULL,NULL,NULL,97407,'Edition'),(120838,'2011-09-21 23:00:00','2013-01-24 11:17:49','PORT0427 - Liverpool port traffic',0,'','PORT0427','','',NULL,10066,26,NULL,NULL,NULL,NULL,97407,'Edition'),(120839,'2011-09-21 23:00:00','2013-01-24 11:17:49','PORT0428 - London port traffic',0,'','PORT0428','','',NULL,10067,27,NULL,NULL,NULL,NULL,97407,'Edition'),(120840,'2011-09-21 23:00:00','2013-01-24 11:17:49','PORT0429 - Londonderry port traffic',0,'','PORT0429','','',NULL,10068,28,NULL,NULL,NULL,NULL,97407,'Edition'),(120841,'2011-09-21 23:00:00','2013-01-24 11:17:49','PORT0430 - Manchester port traffic',0,'','PORT0430','','',NULL,10069,29,NULL,NULL,NULL,NULL,97407,'Edition'),(120842,'2011-09-21 23:00:00','2013-01-24 11:17:49','PORT0431 - Medway port traffic',0,'','PORT0431','','',NULL,10070,30,NULL,NULL,NULL,NULL,97407,'Edition'),(120843,'2011-09-21 23:00:00','2013-01-24 11:17:49','PORT0432 - Milford Haven port traffic',0,'','PORT0432','','',NULL,10071,31,NULL,NULL,NULL,NULL,97407,'Edition'),(120844,'2011-09-21 23:00:00','2013-01-24 11:17:49','PORT0433 - Newhaven port traffic',0,'','PORT0433','','',NULL,10072,32,NULL,NULL,NULL,NULL,97407,'Edition'),(120845,'2011-09-21 23:00:00','2013-01-24 11:17:49','PORT0434 - Newport port traffic',0,'','PORT0434','','',NULL,10073,33,NULL,NULL,NULL,NULL,97407,'Edition'),(120846,'2011-09-21 23:00:00','2013-01-24 11:17:49','PORT0435 - Orkney port traffic',0,'','PORT0435','','',NULL,10074,34,NULL,NULL,NULL,NULL,97407,'Edition'),(120847,'2011-09-21 23:00:00','2013-01-24 11:17:49','PORT0436 - Peterhead port traffic',0,'','PORT0436','','',NULL,10075,35,NULL,NULL,NULL,NULL,97407,'Edition'),(120848,'2011-09-21 23:00:00','2013-01-24 11:17:49','PORT0437 - Plymouth port traffic',0,'','PORT0437','','',NULL,10076,36,NULL,NULL,NULL,NULL,97407,'Edition'),(120849,'2011-09-21 23:00:00','2013-01-24 11:17:49','PORT0438 - Poole port traffic',0,'','PORT0438','','',NULL,10077,37,NULL,NULL,NULL,NULL,97407,'Edition'),(120850,'2011-09-21 23:00:00','2013-01-24 11:17:49','PORT0439 - Port Talbot port traffic',0,'','PORT0439','','',NULL,10078,38,NULL,NULL,NULL,NULL,97407,'Edition'),(120851,'2011-09-21 23:00:00','2013-01-24 11:17:49','PORT0440 - Portsmouth port traffic',0,'','PORT0440','','',NULL,10079,39,NULL,NULL,NULL,NULL,97407,'Edition'),(120852,'2011-09-21 23:00:00','2013-01-24 11:17:49','PORT0441 - Ramsgate port traffic',0,'','PORT0441','','',NULL,10080,40,NULL,NULL,NULL,NULL,97407,'Edition'),(120853,'2011-09-21 23:00:00','2013-01-24 11:17:49','PORT0442 - Rivers Hull and Humber port traffic',0,'','PORT0442','','',NULL,10081,41,NULL,NULL,NULL,NULL,97407,'Edition'),(120854,'2011-09-21 23:00:00','2013-01-24 11:17:49','PORT0443 - River Trent port traffic',0,'','PORT0443','','',NULL,10082,42,NULL,NULL,NULL,NULL,97407,'Edition'),(120855,'2011-09-21 23:00:00','2013-01-24 11:17:49','PORT0444 - Shoreham port traffic',0,'','PORT0444','','',NULL,10083,43,NULL,NULL,NULL,NULL,97407,'Edition'),(120856,'2011-09-21 23:00:00','2013-01-24 11:17:49','PORT0445 - Southampton port traffic',0,'','PORT0445','','',NULL,10084,44,NULL,NULL,NULL,NULL,97407,'Edition'),(120857,'2011-09-21 23:00:00','2013-01-24 11:17:49','PORT0446 - Stranraer port traffic',0,'','PORT0446','','',NULL,10085,45,NULL,NULL,NULL,NULL,97407,'Edition'),(120858,'2011-09-21 23:00:00','2013-01-24 11:17:49','PORT0447 - Sullom Voe port traffic',0,'','PORT0447','','',NULL,10086,46,NULL,NULL,NULL,NULL,97407,'Edition'),(120859,'2011-09-21 23:00:00','2013-01-24 11:17:49','PORT0448 - Sunderland port traffic',0,'','PORT0448','','',NULL,10087,47,NULL,NULL,NULL,NULL,97407,'Edition'),(120860,'2011-09-21 23:00:00','2013-01-24 11:17:49','PORT0449 - Swansea port traffic',0,'','PORT0449','','',NULL,10088,48,NULL,NULL,NULL,NULL,97407,'Edition'),(120861,'2011-09-21 23:00:00','2013-01-24 11:17:49','PORT0450 - Tees and Hartlepool port traffic',0,'','PORT0450','','',NULL,10089,49,NULL,NULL,NULL,NULL,97407,'Edition'),(120862,'2011-09-21 23:00:00','2013-01-24 11:17:49','PORT0451 - Tyne port traffic',0,'','PORT0451','','',NULL,10090,50,NULL,NULL,NULL,NULL,97407,'Edition'),(120863,'2011-09-21 23:00:00','2013-01-24 11:17:49','PORT0452 - Warrenpoint port traffic',0,'','PORT0452','','',NULL,10091,51,NULL,NULL,NULL,NULL,97407,'Edition'),(120864,'2011-09-21 23:00:00','2013-01-24 11:17:49','PORT0498 - UK major port traffic, port level downloadable dataset, tonnage',0,'','PORT0498','','',NULL,10092,52,NULL,NULL,NULL,NULL,97407,'Edition'),(120865,'2011-09-21 23:00:00','2013-01-24 11:17:49','PORT0499 - UK major port traffic, port level downloadable dataset, units',0,'','PORT0499','','',NULL,10093,53,NULL,NULL,NULL,NULL,97407,'Edition'),(364596,'2011-09-21 23:00:00','2013-09-03 14:58:40','Aberdeen port traffic',0,'','PORT0401','','',NULL,10040,1,NULL,NULL,0,NULL,235015,'Edition'),(364597,'2011-09-21 23:00:00','2013-09-03 14:58:47','Ballylumford port traffic',0,'','PORT0402','','',NULL,10041,2,NULL,NULL,0,NULL,235015,'Edition'),(364598,'2011-09-21 23:00:00','2013-09-03 14:58:56','Belfast port traffic',0,'','PORT0403','','',NULL,10042,3,NULL,NULL,0,NULL,235015,'Edition'),(364599,'2011-09-21 23:00:00','2013-09-03 14:59:04','Boston port traffic',0,'','PORT0404','','',NULL,10043,4,NULL,NULL,0,NULL,235015,'Edition'),(364600,'2011-09-21 23:00:00','2013-09-03 14:59:14','Bristol port traffic',0,'','PORT0405','','',NULL,10044,5,NULL,NULL,0,NULL,235015,'Edition'),(364601,'2011-09-21 23:00:00','2013-09-03 14:59:24','Cairnryan port traffic',0,'','PORT0406','','',NULL,10045,6,NULL,NULL,0,NULL,235015,'Edition'),(364602,'2011-09-21 23:00:00','2013-09-03 15:04:08','Cardiff port traffic',0,'','PORT0407','','',NULL,10046,7,NULL,NULL,0,NULL,235015,'Edition'),(364603,'2011-09-21 23:00:00','2013-09-03 15:04:35','Clyde port traffic',0,'','PORT0408','','',NULL,10047,8,NULL,NULL,0,NULL,235015,'Edition'),(364604,'2011-09-21 23:00:00','2013-09-03 15:04:19','Cromarty Firth port traffic',0,'','PORT0409','','',NULL,10048,9,NULL,NULL,0,NULL,235015,'Edition'),(364605,'2011-09-21 23:00:00','2013-09-03 15:04:46','Dover port traffic',0,'','PORT0410','','',NULL,10049,10,NULL,NULL,0,NULL,235015,'Edition'),(364606,'2011-09-21 23:00:00','2013-09-03 15:05:03','Dundee port traffic',0,'','PORT0411','','',NULL,10050,11,NULL,NULL,0,NULL,235015,'Edition'),(364607,'2011-09-20 23:00:00','2013-09-03 15:05:14','Felixstowe port traffic',0,'','PORT0412','','',NULL,10051,0,NULL,NULL,0,NULL,235015,'Edition'),(364608,'2011-09-21 23:00:00','2013-09-03 15:05:25','Fishguard port traffic',0,'','PORT0413','','',NULL,10052,12,NULL,NULL,0,NULL,235015,'Edition'),(364609,'2011-09-21 23:00:00','2013-09-03 15:05:35','Fleetwood port traffic',0,'','PORT0414','','',NULL,10053,13,NULL,NULL,0,NULL,235015,'Edition'),(364610,'2011-09-21 23:00:00','2013-09-03 15:05:45','Forth port traffic',0,'','PORT0415','','',NULL,10054,14,NULL,NULL,0,NULL,235015,'Edition'),(364611,'2011-09-21 23:00:00','2013-09-03 15:05:55','Fowey port traffic',0,'','PORT0416','','',NULL,10055,15,NULL,NULL,0,NULL,235015,'Edition'),(364612,'2011-09-21 23:00:00','2013-09-03 15:06:08','Glensanda port traffic',0,'','PORT0417','','',NULL,10056,16,NULL,NULL,0,NULL,235015,'Edition'),(364613,'2011-09-21 23:00:00','2013-09-03 15:08:36','Goole port traffic',0,'','PORT0418','','',NULL,10057,17,NULL,NULL,0,NULL,235015,'Edition'),(364614,'2011-09-21 23:00:00','2013-09-03 15:08:40','Great Yarmouth port traffic',0,'','PORT0419','','',NULL,10058,18,NULL,NULL,0,NULL,235015,'Edition'),(364615,'2011-09-21 23:00:00','2013-09-03 15:08:43','Grimsby and Immingham port traffic',0,'','PORT0420','','',NULL,10059,19,NULL,NULL,0,NULL,235015,'Edition'),(364616,'2011-09-21 23:00:00','2013-09-03 15:09:19','Harwich port traffic',0,'','PORT0421','','',NULL,10060,20,NULL,NULL,0,NULL,235015,'Edition'),(364617,'2011-09-21 23:00:00','2013-09-03 15:09:22','Heysham port traffic',0,'','PORT0422','','',NULL,10061,21,NULL,NULL,0,NULL,235015,'Edition'),(364618,'2011-09-21 23:00:00','2013-09-03 15:09:26','Holyhead port traffic',0,'','PORT0423','','',NULL,10062,22,NULL,NULL,0,NULL,235015,'Edition'),(364619,'2011-09-21 23:00:00','2013-09-03 15:09:30','Hull port traffic',0,'','PORT0424','','',NULL,10063,23,NULL,NULL,0,NULL,235015,'Edition'),(364620,'2011-09-21 23:00:00','2013-09-03 15:09:34','Ipswich port traffic',0,'','PORT0425','','',NULL,10064,24,NULL,NULL,0,NULL,235015,'Edition'),(364621,'2011-09-21 23:00:00','2013-09-03 15:11:37','Larne port traffic',0,'','PORT0426','','',NULL,10065,25,NULL,NULL,0,NULL,235015,'Edition'),(364622,'2011-09-21 23:00:00','2013-09-03 15:12:20','Liverpool port traffic',0,'','PORT0427','','',NULL,10066,26,NULL,NULL,0,NULL,235015,'Edition'),(364623,'2011-09-21 23:00:00','2013-09-03 15:12:23','London port traffic',0,'','PORT0428','','',NULL,10067,27,NULL,NULL,0,NULL,235015,'Edition'),(364624,'2011-09-21 23:00:00','2013-09-03 15:12:26','Londonderry port traffic',0,'','PORT0429','','',NULL,10068,28,NULL,NULL,0,NULL,235015,'Edition'),(364625,'2011-09-21 23:00:00','2013-09-03 15:12:30','Manchester port traffic',0,'','PORT0430','','',NULL,10069,29,NULL,NULL,0,NULL,235015,'Edition'),(364626,'2011-09-21 23:00:00','2013-09-03 15:13:13','Medway port traffic',0,'','PORT0431','','',NULL,10070,30,NULL,NULL,0,NULL,235015,'Edition'),(364627,'2011-09-21 23:00:00','2013-09-03 15:13:17','Milford Haven port traffic',0,'','PORT0432','','',NULL,10071,31,NULL,NULL,0,NULL,235015,'Edition'),(364628,'2011-09-21 23:00:00','2013-09-03 15:13:20','Newhaven port traffic',0,'','PORT0433','','',NULL,10072,32,NULL,NULL,0,NULL,235015,'Edition'),(364629,'2011-09-21 23:00:00','2013-09-03 15:13:25','Newport port traffic',0,'','PORT0434','','',NULL,10073,33,NULL,NULL,0,NULL,235015,'Edition'),(364630,'2011-09-21 23:00:00','2013-09-03 15:13:28','Orkney port traffic',0,'','PORT0435','','',NULL,10074,34,NULL,NULL,0,NULL,235015,'Edition'),(364631,'2011-09-21 23:00:00','2013-09-03 15:13:32','Peterhead port traffic',0,'','PORT0436','','',NULL,10075,35,NULL,NULL,0,NULL,235015,'Edition'),(364632,'2011-09-21 23:00:00','2013-09-03 15:13:36','Plymouth port traffic',0,'','PORT0437','','',NULL,10076,36,NULL,NULL,0,NULL,235015,'Edition'),(364633,'2011-09-21 23:00:00','2013-09-03 15:13:40','Poole port traffic',0,'','PORT0438','','',NULL,10077,37,NULL,NULL,0,NULL,235015,'Edition'),(364634,'2011-09-21 23:00:00','2013-09-03 15:14:38','Port Talbot port traffic',0,'','PORT0439','','',NULL,10078,38,NULL,NULL,0,NULL,235015,'Edition'),(364635,'2011-09-21 23:00:00','2013-09-03 15:13:45','Portsmouth port traffic',0,'','PORT0440','','',NULL,10079,39,NULL,NULL,0,NULL,235015,'Edition'),(364636,'2011-09-21 23:00:00','2013-09-03 15:14:48','Ramsgate port traffic',0,'','PORT0441','','',NULL,10080,40,NULL,NULL,0,NULL,235015,'Edition'),(364637,'2011-09-21 23:00:00','2013-09-03 15:14:52','Rivers Hull and Humber port traffic',0,'','PORT0442','','',NULL,10081,41,NULL,NULL,0,NULL,235015,'Edition'),(364638,'2011-09-21 23:00:00','2013-09-03 15:14:55','River Trent port traffic',0,'','PORT0443','','',NULL,10082,42,NULL,NULL,0,NULL,235015,'Edition'),(364639,'2011-09-21 23:00:00','2013-09-03 15:14:59','Shoreham port traffic',0,'','PORT0444','','',NULL,10083,43,NULL,NULL,0,NULL,235015,'Edition'),(364640,'2011-09-21 23:00:00','2013-09-03 15:15:02','Southampton port traffic',0,'','PORT0445','','',NULL,10084,44,NULL,NULL,0,NULL,235015,'Edition'),(364641,'2011-09-21 23:00:00','2013-09-03 15:15:06','Stranraer port traffic',0,'','PORT0446','','',NULL,10085,45,NULL,NULL,0,NULL,235015,'Edition'),(364642,'2011-09-21 23:00:00','2013-09-03 15:16:26','Sullom Voe port traffic',0,'','PORT0447','','',NULL,10086,46,NULL,NULL,0,NULL,235015,'Edition'),(364643,'2011-09-21 23:00:00','2013-09-03 15:16:31','Sunderland port traffic',0,'','PORT0448','','',NULL,10087,47,NULL,NULL,0,NULL,235015,'Edition'),(364644,'2011-09-21 23:00:00','2013-09-03 15:16:33','Swansea port traffic',0,'','PORT0449','','',NULL,10088,48,NULL,NULL,0,NULL,235015,'Edition'),(364645,'2011-09-21 23:00:00','2013-09-03 15:16:36','Tees and Hartlepool port traffic',0,'','PORT0450','','',NULL,10089,49,NULL,NULL,0,NULL,235015,'Edition'),(364646,'2011-09-21 23:00:00','2013-09-03 15:16:40','Tyne port traffic',0,'','PORT0451','','',NULL,10090,50,NULL,NULL,0,NULL,235015,'Edition'),(364647,'2011-09-21 23:00:00','2013-09-03 15:16:44','Warrenpoint port traffic',0,'','PORT0452','','',NULL,10091,51,NULL,NULL,0,NULL,235015,'Edition'),(364648,'2011-09-21 23:00:00','2013-09-03 15:16:47','UK major port traffic, port level downloadable dataset, tonnage',0,'','PORT0498','','',NULL,10092,52,NULL,NULL,0,NULL,235015,'Edition'),(364649,'2011-09-21 23:00:00','2013-09-03 15:16:51','UK major port traffic, port level downloadable dataset, units',0,'','PORT0499','','',NULL,10093,53,NULL,NULL,0,NULL,235015,'Edition'),(380816,'2011-09-21 23:00:00','2013-09-23 13:29:01','Aberdeen port traffic',0,'','PORT0401','','',NULL,244447,1,NULL,NULL,0,NULL,243324,'Edition'),(380817,'2011-09-21 23:00:00','2013-09-23 13:29:01','Ballylumford port traffic',0,'','PORT0402','','',NULL,244448,2,NULL,NULL,0,NULL,243324,'Edition'),(380818,'2011-09-21 23:00:00','2013-09-23 13:29:02','Belfast port traffic',0,'','PORT0403','','',NULL,244449,3,NULL,NULL,0,NULL,243324,'Edition'),(380819,'2011-09-21 23:00:00','2013-09-23 13:28:58','Boston port traffic',0,'','PORT0404','','',NULL,244396,4,NULL,NULL,0,NULL,243324,'Edition'),(380820,'2011-09-21 23:00:00','2013-09-23 13:28:59','Bristol port traffic',0,'','PORT0405','','',NULL,244397,5,NULL,NULL,0,NULL,243324,'Edition'),(380821,'2011-09-21 23:00:00','2013-09-23 13:28:59','Cairnryan port traffic',0,'','PORT0406','','',NULL,244398,6,NULL,NULL,0,NULL,243324,'Edition'),(380822,'2011-09-21 23:00:00','2013-09-23 13:28:59','Cardiff port traffic',0,'','PORT0407','','',NULL,244399,7,NULL,NULL,0,NULL,243324,'Edition'),(380823,'2011-09-21 23:00:00','2013-09-23 13:28:59','Clyde port traffic',0,'','PORT0408','','',NULL,244400,8,NULL,NULL,0,NULL,243324,'Edition'),(380824,'2011-09-21 23:00:00','2013-09-23 13:28:59','Cromarty Firth port traffic',0,'','PORT0409','','',NULL,244401,9,NULL,NULL,0,NULL,243324,'Edition'),(380825,'2011-09-21 23:00:00','2013-09-23 13:28:59','Dover port traffic',0,'','PORT0410','','',NULL,244402,10,NULL,NULL,0,NULL,243324,'Edition'),(380826,'2011-09-21 23:00:00','2013-09-23 13:28:59','Dundee port traffic',0,'','PORT0411','','',NULL,244403,11,NULL,NULL,0,NULL,243324,'Edition'),(380827,'2011-09-20 23:00:00','2013-09-23 13:28:59','Felixstowe port traffic',0,'','PORT0412','','',NULL,244404,0,NULL,NULL,0,NULL,243324,'Edition'),(380828,'2011-09-21 23:00:00','2013-09-23 13:28:59','Fishguard port traffic',0,'','PORT0413','','',NULL,244405,12,NULL,NULL,0,NULL,243324,'Edition'),(380829,'2011-09-21 23:00:00','2013-09-23 13:28:59','Fleetwood port traffic',0,'','PORT0414','','',NULL,244406,13,NULL,NULL,0,NULL,243324,'Edition'),(380830,'2011-09-21 23:00:00','2013-09-23 13:28:59','Forth port traffic',0,'','PORT0415','','',NULL,244407,14,NULL,NULL,0,NULL,243324,'Edition'),(380831,'2011-09-21 23:00:00','2013-09-23 13:28:59','Fowey port traffic',0,'','PORT0416','','',NULL,244408,15,NULL,NULL,0,NULL,243324,'Edition'),(380832,'2011-09-21 23:00:00','2013-09-23 13:28:59','Glensanda port traffic',0,'','PORT0417','','',NULL,244409,16,NULL,NULL,0,NULL,243324,'Edition'),(380833,'2011-09-21 23:00:00','2013-09-23 13:28:59','Goole port traffic',0,'','PORT0418','','',NULL,244410,17,NULL,NULL,0,NULL,243324,'Edition'),(380834,'2011-09-21 23:00:00','2013-09-23 13:29:00','Great Yarmouth port traffic',0,'','PORT0419','','',NULL,244411,18,NULL,NULL,0,NULL,243324,'Edition'),(380835,'2011-09-21 23:00:00','2013-09-23 13:29:00','Grimsby and Immingham port traffic',0,'','PORT0420','','',NULL,244412,19,NULL,NULL,0,NULL,243324,'Edition'),(380836,'2011-09-21 23:00:00','2013-09-23 13:29:00','Harwich port traffic',0,'','PORT0421','','',NULL,244413,20,NULL,NULL,0,NULL,243324,'Edition'),(380837,'2011-09-21 23:00:00','2013-09-23 13:29:00','Heysham port traffic',0,'','PORT0422','','',NULL,244414,21,NULL,NULL,0,NULL,243324,'Edition'),(380838,'2011-09-21 23:00:00','2013-09-23 13:29:00','Holyhead port traffic',0,'','PORT0423','','',NULL,244415,22,NULL,NULL,0,NULL,243324,'Edition'),(380839,'2011-09-21 23:00:00','2013-09-23 13:29:00','Hull port traffic',0,'','PORT0424','','',NULL,244416,23,NULL,NULL,0,NULL,243324,'Edition'),(380840,'2011-09-21 23:00:00','2013-09-23 13:29:00','Ipswich port traffic',0,'','PORT0425','','',NULL,244417,24,NULL,NULL,0,NULL,243324,'Edition'),(380841,'2011-09-21 23:00:00','2013-09-23 13:29:00','Larne port traffic',0,'','PORT0426','','',NULL,244418,25,NULL,NULL,0,NULL,243324,'Edition'),(380842,'2011-09-21 23:00:00','2013-09-23 13:29:00','Liverpool port traffic',0,'','PORT0427','','',NULL,244419,26,NULL,NULL,0,NULL,243324,'Edition'),(380843,'2011-09-21 23:00:00','2013-09-23 13:29:00','London port traffic',0,'','PORT0428','','',NULL,244420,27,NULL,NULL,0,NULL,243324,'Edition'),(380844,'2011-09-21 23:00:00','2013-09-23 13:29:00','Londonderry port traffic',0,'','PORT0429','','',NULL,244421,28,NULL,NULL,0,NULL,243324,'Edition'),(380845,'2011-09-21 23:00:00','2013-09-23 13:29:00','Manchester port traffic',0,'','PORT0430','','',NULL,244422,29,NULL,NULL,0,NULL,243324,'Edition'),(380846,'2011-09-21 23:00:00','2013-09-23 13:29:00','Medway port traffic',0,'','PORT0431','','',NULL,244423,30,NULL,NULL,0,NULL,243324,'Edition'),(380847,'2011-09-21 23:00:00','2013-09-23 13:29:00','Milford Haven port traffic',0,'','PORT0432','','',NULL,244424,31,NULL,NULL,0,NULL,243324,'Edition'),(380848,'2011-09-21 23:00:00','2013-09-23 13:29:00','Newhaven port traffic',0,'','PORT0433','','',NULL,244425,32,NULL,NULL,0,NULL,243324,'Edition'),(380849,'2011-09-21 23:00:00','2013-09-23 13:29:00','Newport port traffic',0,'','PORT0434','','',NULL,244426,33,NULL,NULL,0,NULL,243324,'Edition'),(380850,'2011-09-21 23:00:00','2013-09-23 13:29:00','Orkney port traffic',0,'','PORT0435','','',NULL,244427,34,NULL,NULL,0,NULL,243324,'Edition'),(380851,'2011-09-21 23:00:00','2013-09-23 13:29:00','Peterhead port traffic',0,'','PORT0436','','',NULL,244428,35,NULL,NULL,0,NULL,243324,'Edition'),(380852,'2011-09-21 23:00:00','2013-09-23 13:29:00','Plymouth port traffic',0,'','PORT0437','','',NULL,244429,36,NULL,NULL,0,NULL,243324,'Edition'),(380853,'2011-09-21 23:00:00','2013-09-23 13:29:00','Poole port traffic',0,'','PORT0438','','',NULL,244430,37,NULL,NULL,0,NULL,243324,'Edition'),(380854,'2011-09-21 23:00:00','2013-09-23 13:29:00','Port Talbot port traffic',0,'','PORT0439','','',NULL,244431,38,NULL,NULL,0,NULL,243324,'Edition'),(380855,'2011-09-21 23:00:00','2013-09-23 13:29:00','Portsmouth port traffic',0,'','PORT0440','','',NULL,244432,39,NULL,NULL,0,NULL,243324,'Edition'),(380856,'2011-09-21 23:00:00','2013-09-23 13:29:00','Ramsgate port traffic',0,'','PORT0441','','',NULL,244433,40,NULL,NULL,0,NULL,243324,'Edition'),(380857,'2011-09-21 23:00:00','2013-09-23 13:29:01','Rivers Hull and Humber port traffic',0,'','PORT0442','','',NULL,244434,41,NULL,NULL,0,NULL,243324,'Edition'),(380858,'2011-09-21 23:00:00','2013-09-23 13:29:01','River Trent port traffic',0,'','PORT0443','','',NULL,244435,42,NULL,NULL,0,NULL,243324,'Edition'),(380859,'2011-09-21 23:00:00','2013-09-23 13:29:01','Shoreham port traffic',0,'','PORT0444','','',NULL,244436,43,NULL,NULL,0,NULL,243324,'Edition'),(380860,'2011-09-21 23:00:00','2013-09-23 13:29:01','Southampton port traffic',0,'','PORT0445','','',NULL,244437,44,NULL,NULL,0,NULL,243324,'Edition'),(380861,'2011-09-21 23:00:00','2013-09-23 13:29:01','Stranraer port traffic',0,'','PORT0446','','',NULL,244438,45,NULL,NULL,0,NULL,243324,'Edition'),(380862,'2011-09-21 23:00:00','2013-09-23 13:29:01','Sullom Voe port traffic',0,'','PORT0447','','',NULL,244439,46,NULL,NULL,0,NULL,243324,'Edition'),(380863,'2011-09-21 23:00:00','2013-09-23 13:29:01','Sunderland port traffic',0,'','PORT0448','','',NULL,244440,47,NULL,NULL,0,NULL,243324,'Edition'),(380864,'2011-09-21 23:00:00','2013-09-23 13:29:01','Swansea port traffic',0,'','PORT0449','','',NULL,244441,48,NULL,NULL,0,NULL,243324,'Edition'),(380865,'2011-09-21 23:00:00','2013-09-23 13:29:01','Tees and Hartlepool port traffic',0,'','PORT0450','','',NULL,244442,49,NULL,NULL,0,NULL,243324,'Edition'),(380866,'2011-09-21 23:00:00','2013-09-23 13:29:01','Tyne port traffic',0,'','PORT0451','','',NULL,244443,50,NULL,NULL,0,NULL,243324,'Edition'),(380867,'2011-09-21 23:00:00','2013-09-23 13:29:01','Warrenpoint port traffic',0,'','PORT0452','','',NULL,244444,51,NULL,NULL,0,NULL,243324,'Edition'),(380868,'2011-09-21 23:00:00','2013-09-23 13:29:01','UK major port traffic, port level downloadable dataset, tonnage',0,'','PORT0498','','',NULL,244445,52,NULL,NULL,0,NULL,243324,'Edition'),(380869,'2011-09-21 23:00:00','2013-09-23 13:29:01','UK major port traffic, port level downloadable dataset, units',0,'','PORT0499','','',NULL,244446,53,NULL,NULL,0,NULL,243324,'Edition'),(384551,'2011-09-21 23:00:00','2013-09-23 13:29:01','Aberdeen port traffic',0,'','PORT0401','','',NULL,244447,1,NULL,NULL,0,NULL,244489,'Edition'),(384552,'2011-09-21 23:00:00','2013-09-23 13:29:01','Ballylumford port traffic',0,'','PORT0402','','',NULL,244448,2,NULL,NULL,0,NULL,244489,'Edition'),(384553,'2011-09-21 23:00:00','2013-09-23 13:29:02','Belfast port traffic',0,'','PORT0403','','',NULL,244449,3,NULL,NULL,0,NULL,244489,'Edition'),(384554,'2011-09-21 23:00:00','2013-09-23 13:28:58','Boston port traffic',0,'','PORT0404','','',NULL,244396,4,NULL,NULL,0,NULL,244489,'Edition'),(384555,'2011-09-21 23:00:00','2013-09-23 13:28:59','Bristol port traffic',0,'','PORT0405','','',NULL,244397,5,NULL,NULL,0,NULL,244489,'Edition'),(384556,'2011-09-21 23:00:00','2013-09-23 13:28:59','Cairnryan port traffic',0,'','PORT0406','','',NULL,244398,6,NULL,NULL,0,NULL,244489,'Edition'),(384557,'2011-09-21 23:00:00','2013-09-23 13:28:59','Cardiff port traffic',0,'','PORT0407','','',NULL,244399,7,NULL,NULL,0,NULL,244489,'Edition'),(384558,'2011-09-21 23:00:00','2013-09-23 13:28:59','Clyde port traffic',0,'','PORT0408','','',NULL,244400,8,NULL,NULL,0,NULL,244489,'Edition'),(384559,'2011-09-21 23:00:00','2013-09-23 13:28:59','Cromarty Firth port traffic',0,'','PORT0409','','',NULL,244401,9,NULL,NULL,0,NULL,244489,'Edition'),(384560,'2011-09-21 23:00:00','2013-09-23 13:28:59','Dover port traffic',0,'','PORT0410','','',NULL,244402,10,NULL,NULL,0,NULL,244489,'Edition'),(384561,'2011-09-21 23:00:00','2013-09-23 13:28:59','Dundee port traffic',0,'','PORT0411','','',NULL,244403,11,NULL,NULL,0,NULL,244489,'Edition'),(384562,'2011-09-20 23:00:00','2013-09-23 13:28:59','Felixstowe port traffic',0,'','PORT0412','','',NULL,244404,0,NULL,NULL,0,NULL,244489,'Edition'),(384563,'2011-09-21 23:00:00','2013-09-23 13:28:59','Fishguard port traffic',0,'','PORT0413','','',NULL,244405,12,NULL,NULL,0,NULL,244489,'Edition'),(384564,'2011-09-21 23:00:00','2013-09-23 13:28:59','Fleetwood port traffic',0,'','PORT0414','','',NULL,244406,13,NULL,NULL,0,NULL,244489,'Edition'),(384565,'2011-09-21 23:00:00','2013-09-23 13:28:59','Forth port traffic',0,'','PORT0415','','',NULL,244407,14,NULL,NULL,0,NULL,244489,'Edition'),(384566,'2011-09-21 23:00:00','2013-09-23 13:28:59','Fowey port traffic',0,'','PORT0416','','',NULL,244408,15,NULL,NULL,0,NULL,244489,'Edition'),(384567,'2011-09-21 23:00:00','2013-09-23 13:28:59','Glensanda port traffic',0,'','PORT0417','','',NULL,244409,16,NULL,NULL,0,NULL,244489,'Edition'),(384568,'2011-09-21 23:00:00','2013-09-23 13:28:59','Goole port traffic',0,'','PORT0418','','',NULL,244410,17,NULL,NULL,0,NULL,244489,'Edition'),(384569,'2011-09-21 23:00:00','2013-09-23 13:29:00','Great Yarmouth port traffic',0,'','PORT0419','','',NULL,244411,18,NULL,NULL,0,NULL,244489,'Edition'),(384570,'2011-09-21 23:00:00','2013-09-23 13:29:00','Grimsby and Immingham port traffic',0,'','PORT0420','','',NULL,244412,19,NULL,NULL,0,NULL,244489,'Edition'),(384571,'2011-09-21 23:00:00','2013-09-23 13:29:00','Harwich port traffic',0,'','PORT0421','','',NULL,244413,20,NULL,NULL,0,NULL,244489,'Edition'),(384572,'2011-09-21 23:00:00','2013-09-23 13:29:00','Heysham port traffic',0,'','PORT0422','','',NULL,244414,21,NULL,NULL,0,NULL,244489,'Edition'),(384573,'2011-09-21 23:00:00','2013-09-23 13:29:00','Holyhead port traffic',0,'','PORT0423','','',NULL,244415,22,NULL,NULL,0,NULL,244489,'Edition'),(384574,'2011-09-21 23:00:00','2013-09-23 13:29:00','Hull port traffic',0,'','PORT0424','','',NULL,244416,23,NULL,NULL,0,NULL,244489,'Edition'),(384575,'2011-09-21 23:00:00','2013-09-23 13:29:00','Ipswich port traffic',0,'','PORT0425','','',NULL,244417,24,NULL,NULL,0,NULL,244489,'Edition'),(384576,'2011-09-21 23:00:00','2013-09-23 13:29:00','Larne port traffic',0,'','PORT0426','','',NULL,244418,25,NULL,NULL,0,NULL,244489,'Edition'),(384577,'2011-09-21 23:00:00','2013-09-23 13:29:00','Liverpool port traffic',0,'','PORT0427','','',NULL,244419,26,NULL,NULL,0,NULL,244489,'Edition'),(384578,'2011-09-21 23:00:00','2013-09-23 13:29:00','London port traffic',0,'','PORT0428','','',NULL,244420,27,NULL,NULL,0,NULL,244489,'Edition'),(384579,'2011-09-21 23:00:00','2013-09-23 13:29:00','Londonderry port traffic',0,'','PORT0429','','',NULL,244421,28,NULL,NULL,0,NULL,244489,'Edition'),(384580,'2011-09-21 23:00:00','2013-09-23 13:29:00','Manchester port traffic',0,'','PORT0430','','',NULL,244422,29,NULL,NULL,0,NULL,244489,'Edition'),(384581,'2011-09-21 23:00:00','2013-09-23 13:29:00','Medway port traffic',0,'','PORT0431','','',NULL,244423,30,NULL,NULL,0,NULL,244489,'Edition'),(384582,'2011-09-21 23:00:00','2013-09-23 13:29:00','Milford Haven port traffic',0,'','PORT0432','','',NULL,244424,31,NULL,NULL,0,NULL,244489,'Edition'),(384583,'2011-09-21 23:00:00','2013-09-23 13:29:00','Newhaven port traffic',0,'','PORT0433','','',NULL,244425,32,NULL,NULL,0,NULL,244489,'Edition'),(384584,'2011-09-21 23:00:00','2013-09-23 13:29:00','Newport port traffic',0,'','PORT0434','','',NULL,244426,33,NULL,NULL,0,NULL,244489,'Edition'),(384585,'2011-09-21 23:00:00','2013-09-23 13:29:00','Orkney port traffic',0,'','PORT0435','','',NULL,244427,34,NULL,NULL,0,NULL,244489,'Edition'),(384586,'2011-09-21 23:00:00','2013-09-23 13:29:00','Peterhead port traffic',0,'','PORT0436','','',NULL,244428,35,NULL,NULL,0,NULL,244489,'Edition'),(384587,'2011-09-21 23:00:00','2013-09-23 13:29:00','Plymouth port traffic',0,'','PORT0437','','',NULL,244429,36,NULL,NULL,0,NULL,244489,'Edition'),(384588,'2011-09-21 23:00:00','2013-09-23 13:29:00','Poole port traffic',0,'','PORT0438','','',NULL,244430,37,NULL,NULL,0,NULL,244489,'Edition'),(384589,'2011-09-21 23:00:00','2013-09-23 13:29:00','Port Talbot port traffic',0,'','PORT0439','','',NULL,244431,38,NULL,NULL,0,NULL,244489,'Edition'),(384590,'2011-09-21 23:00:00','2013-09-23 13:29:00','Portsmouth port traffic',0,'','PORT0440','','',NULL,244432,39,NULL,NULL,0,NULL,244489,'Edition'),(384591,'2011-09-21 23:00:00','2013-09-23 13:29:00','Ramsgate port traffic',0,'','PORT0441','','',NULL,244433,40,NULL,NULL,0,NULL,244489,'Edition'),(384592,'2011-09-21 23:00:00','2013-09-23 13:29:01','Rivers Hull and Humber port traffic',0,'','PORT0442','','',NULL,244434,41,NULL,NULL,0,NULL,244489,'Edition'),(384593,'2011-09-21 23:00:00','2013-09-23 13:29:01','River Trent port traffic',0,'','PORT0443','','',NULL,244435,42,NULL,NULL,0,NULL,244489,'Edition'),(384594,'2011-09-21 23:00:00','2013-09-23 13:29:01','Shoreham port traffic',0,'','PORT0444','','',NULL,244436,43,NULL,NULL,0,NULL,244489,'Edition'),(384595,'2011-09-21 23:00:00','2013-09-23 13:29:01','Southampton port traffic',0,'','PORT0445','','',NULL,244437,44,NULL,NULL,0,NULL,244489,'Edition'),(384596,'2011-09-21 23:00:00','2013-09-23 13:29:01','Stranraer port traffic',0,'','PORT0446','','',NULL,244438,45,NULL,NULL,0,NULL,244489,'Edition'),(384597,'2011-09-21 23:00:00','2013-09-23 13:29:01','Sullom Voe port traffic',0,'','PORT0447','','',NULL,244439,46,NULL,NULL,0,NULL,244489,'Edition'),(384598,'2011-09-21 23:00:00','2013-09-23 13:29:01','Sunderland port traffic',0,'','PORT0448','','',NULL,244440,47,NULL,NULL,0,NULL,244489,'Edition'),(384599,'2011-09-21 23:00:00','2013-09-23 13:29:01','Swansea port traffic',0,'','PORT0449','','',NULL,244441,48,NULL,NULL,0,NULL,244489,'Edition'),(384600,'2011-09-21 23:00:00','2013-09-23 13:29:01','Tees and Hartlepool port traffic',0,'','PORT0450','','',NULL,244442,49,NULL,NULL,0,NULL,244489,'Edition'),(384601,'2011-09-21 23:00:00','2013-09-23 13:29:01','Tyne port traffic',0,'','PORT0451','','',NULL,244443,50,NULL,NULL,0,NULL,244489,'Edition'),(384602,'2011-09-21 23:00:00','2013-09-23 13:29:01','Warrenpoint port traffic',0,'','PORT0452','','',NULL,244444,51,NULL,NULL,0,NULL,244489,'Edition'),(384603,'2011-09-21 23:00:00','2013-09-23 13:29:01','UK major port traffic, port level downloadable dataset, tonnage',0,'','PORT0498','','',NULL,244445,52,NULL,NULL,0,NULL,244489,'Edition'),(384604,'2011-09-21 23:00:00','2013-09-27 14:00:15','UK major port traffic, port level downloadable dataset, unitised traffic',0,'','PORT0499','','',NULL,245399,53,NULL,NULL,0,NULL,244489,'Edition'),(398982,'2011-09-20 23:00:00','2013-09-23 13:28:59','Felixstowe port traffic',0,'','PORT0412','','',NULL,244404,0,NULL,NULL,0,NULL,250555,'Edition'),(398983,'2011-09-21 23:00:00','2013-09-23 13:29:01','Aberdeen port traffic',0,'','PORT0401','','',NULL,244447,1,NULL,NULL,0,NULL,250555,'Edition'),(398984,'2011-09-21 23:00:00','2013-09-23 13:29:01','Ballylumford port traffic',0,'','PORT0402','','',NULL,244448,2,NULL,NULL,0,NULL,250555,'Edition'),(398985,'2011-09-21 23:00:00','2013-09-23 13:29:02','Belfast port traffic',0,'','PORT0403','','',NULL,244449,3,NULL,NULL,0,NULL,250555,'Edition'),(398986,'2011-09-21 23:00:00','2013-09-23 13:28:58','Boston port traffic',0,'','PORT0404','','',NULL,244396,4,NULL,NULL,0,NULL,250555,'Edition'),(398987,'2011-09-21 23:00:00','2013-09-23 13:28:59','Bristol port traffic',0,'','PORT0405','','',NULL,244397,5,NULL,NULL,0,NULL,250555,'Edition'),(398988,'2011-09-21 23:00:00','2013-09-23 13:28:59','Cairnryan port traffic',0,'','PORT0406','','',NULL,244398,6,NULL,NULL,0,NULL,250555,'Edition'),(398989,'2011-09-21 23:00:00','2013-09-23 13:28:59','Cardiff port traffic',0,'','PORT0407','','',NULL,244399,7,NULL,NULL,0,NULL,250555,'Edition'),(398990,'2011-09-21 23:00:00','2013-09-23 13:28:59','Clyde port traffic',0,'','PORT0408','','',NULL,244400,8,NULL,NULL,0,NULL,250555,'Edition'),(398991,'2011-09-21 23:00:00','2013-09-23 13:28:59','Cromarty Firth port traffic',0,'','PORT0409','','',NULL,244401,9,NULL,NULL,0,NULL,250555,'Edition'),(398992,'2011-09-21 23:00:00','2013-09-23 13:28:59','Dover port traffic',0,'','PORT0410','','',NULL,244402,10,NULL,NULL,0,NULL,250555,'Edition'),(398993,'2011-09-21 23:00:00','2013-09-23 13:28:59','Dundee port traffic',0,'','PORT0411','','',NULL,244403,11,NULL,NULL,0,NULL,250555,'Edition'),(398994,'2011-09-21 23:00:00','2013-09-23 13:28:59','Fishguard port traffic',0,'','PORT0413','','',NULL,244405,12,NULL,NULL,0,NULL,250555,'Edition'),(398995,'2011-09-21 23:00:00','2013-09-23 13:28:59','Fleetwood port traffic',0,'','PORT0414','','',NULL,244406,13,NULL,NULL,0,NULL,250555,'Edition'),(398996,'2011-09-21 23:00:00','2013-09-23 13:28:59','Forth port traffic',0,'','PORT0415','','',NULL,244407,14,NULL,NULL,0,NULL,250555,'Edition'),(398997,'2011-09-21 23:00:00','2013-09-23 13:28:59','Fowey port traffic',0,'','PORT0416','','',NULL,244408,15,NULL,NULL,0,NULL,250555,'Edition'),(398998,'2011-09-21 23:00:00','2013-09-23 13:28:59','Glensanda port traffic',0,'','PORT0417','','',NULL,244409,16,NULL,NULL,0,NULL,250555,'Edition'),(398999,'2011-09-21 23:00:00','2013-09-23 13:28:59','Goole port traffic',0,'','PORT0418','','',NULL,244410,17,NULL,NULL,0,NULL,250555,'Edition'),(399000,'2011-09-21 23:00:00','2013-09-23 13:29:00','Great Yarmouth port traffic',0,'','PORT0419','','',NULL,244411,18,NULL,NULL,0,NULL,250555,'Edition'),(399001,'2011-09-21 23:00:00','2013-09-23 13:29:00','Grimsby and Immingham port traffic',0,'','PORT0420','','',NULL,244412,19,NULL,NULL,0,NULL,250555,'Edition'),(399002,'2011-09-21 23:00:00','2013-09-23 13:29:00','Harwich port traffic',0,'','PORT0421','','',NULL,244413,20,NULL,NULL,0,NULL,250555,'Edition'),(399003,'2011-09-21 23:00:00','2013-09-23 13:29:00','Heysham port traffic',0,'','PORT0422','','',NULL,244414,21,NULL,NULL,0,NULL,250555,'Edition'),(399004,'2011-09-21 23:00:00','2013-09-23 13:29:00','Holyhead port traffic',0,'','PORT0423','','',NULL,244415,22,NULL,NULL,0,NULL,250555,'Edition'),(399005,'2011-09-21 23:00:00','2013-09-23 13:29:00','Hull port traffic',0,'','PORT0424','','',NULL,244416,23,NULL,NULL,0,NULL,250555,'Edition'),(399006,'2011-09-21 23:00:00','2013-09-23 13:29:00','Ipswich port traffic',0,'','PORT0425','','',NULL,244417,24,NULL,NULL,0,NULL,250555,'Edition'),(399007,'2011-09-21 23:00:00','2013-09-23 13:29:00','Larne port traffic',0,'','PORT0426','','',NULL,244418,25,NULL,NULL,0,NULL,250555,'Edition'),(399008,'2011-09-21 23:00:00','2013-09-23 13:29:00','Liverpool port traffic',0,'','PORT0427','','',NULL,244419,26,NULL,NULL,0,NULL,250555,'Edition'),(399009,'2011-09-21 23:00:00','2013-09-23 13:29:00','London port traffic',0,'','PORT0428','','',NULL,244420,27,NULL,NULL,0,NULL,250555,'Edition'),(399010,'2011-09-21 23:00:00','2013-09-23 13:29:00','Londonderry port traffic',0,'','PORT0429','','',NULL,244421,28,NULL,NULL,0,NULL,250555,'Edition'),(399011,'2011-09-21 23:00:00','2013-09-23 13:29:00','Manchester port traffic',0,'','PORT0430','','',NULL,244422,29,NULL,NULL,0,NULL,250555,'Edition'),(399012,'2011-09-21 23:00:00','2013-09-23 13:29:00','Medway port traffic',0,'','PORT0431','','',NULL,244423,30,NULL,NULL,0,NULL,250555,'Edition'),(399013,'2011-09-21 23:00:00','2013-09-23 13:29:00','Milford Haven port traffic',0,'','PORT0432','','',NULL,244424,31,NULL,NULL,0,NULL,250555,'Edition'),(399014,'2011-09-21 23:00:00','2013-09-23 13:29:00','Newhaven port traffic',0,'','PORT0433','','',NULL,244425,32,NULL,NULL,0,NULL,250555,'Edition'),(399015,'2011-09-21 23:00:00','2013-09-23 13:29:00','Newport port traffic',0,'','PORT0434','','',NULL,244426,33,NULL,NULL,0,NULL,250555,'Edition'),(399016,'2011-09-21 23:00:00','2013-09-23 13:29:00','Orkney port traffic',0,'','PORT0435','','',NULL,244427,34,NULL,NULL,0,NULL,250555,'Edition'),(399017,'2011-09-21 23:00:00','2013-09-23 13:29:00','Peterhead port traffic',0,'','PORT0436','','',NULL,244428,35,NULL,NULL,0,NULL,250555,'Edition'),(399018,'2011-09-21 23:00:00','2013-09-23 13:29:00','Plymouth port traffic',0,'','PORT0437','','',NULL,244429,36,NULL,NULL,0,NULL,250555,'Edition'),(399019,'2011-09-21 23:00:00','2013-09-23 13:29:00','Poole port traffic',0,'','PORT0438','','',NULL,244430,37,NULL,NULL,0,NULL,250555,'Edition'),(399020,'2011-09-21 23:00:00','2013-09-23 13:29:00','Port Talbot port traffic',0,'','PORT0439','','',NULL,244431,38,NULL,NULL,0,NULL,250555,'Edition'),(399021,'2011-09-21 23:00:00','2013-09-23 13:29:00','Portsmouth port traffic',0,'','PORT0440','','',NULL,244432,39,NULL,NULL,0,NULL,250555,'Edition'),(399022,'2011-09-21 23:00:00','2013-09-23 13:29:00','Ramsgate port traffic',0,'','PORT0441','','',NULL,244433,40,NULL,NULL,0,NULL,250555,'Edition'),(399023,'2011-09-21 23:00:00','2013-09-23 13:29:01','Rivers Hull and Humber port traffic',0,'','PORT0442','','',NULL,244434,41,NULL,NULL,0,NULL,250555,'Edition'),(399024,'2011-09-21 23:00:00','2013-09-23 13:29:01','River Trent port traffic',0,'','PORT0443','','',NULL,244435,42,NULL,NULL,0,NULL,250555,'Edition'),(399025,'2011-09-21 23:00:00','2013-09-23 13:29:01','Shoreham port traffic',0,'','PORT0444','','',NULL,244436,43,NULL,NULL,0,NULL,250555,'Edition'),(399026,'2011-09-21 23:00:00','2013-09-23 13:29:01','Southampton port traffic',0,'','PORT0445','','',NULL,244437,44,NULL,NULL,0,NULL,250555,'Edition'),(399027,'2011-09-21 23:00:00','2013-09-23 13:29:01','Stranraer port traffic',0,'','PORT0446','','',NULL,244438,45,NULL,NULL,0,NULL,250555,'Edition'),(399028,'2011-09-21 23:00:00','2013-09-23 13:29:01','Sullom Voe port traffic',0,'','PORT0447','','',NULL,244439,46,NULL,NULL,0,NULL,250555,'Edition'),(399029,'2011-09-21 23:00:00','2013-09-23 13:29:01','Sunderland port traffic',0,'','PORT0448','','',NULL,244440,47,NULL,NULL,0,NULL,250555,'Edition'),(399030,'2011-09-21 23:00:00','2013-09-23 13:29:01','Swansea port traffic',0,'','PORT0449','','',NULL,244441,48,NULL,NULL,0,NULL,250555,'Edition'),(399031,'2011-09-21 23:00:00','2013-09-23 13:29:01','Tees and Hartlepool port traffic',0,'','PORT0450','','',NULL,244442,49,NULL,NULL,0,NULL,250555,'Edition'),(399032,'2011-09-21 23:00:00','2013-09-23 13:29:01','Tyne port traffic',0,'','PORT0451','','',NULL,244443,50,NULL,NULL,0,NULL,250555,'Edition'),(399033,'2011-09-21 23:00:00','2013-09-23 13:29:01','Warrenpoint port traffic',0,'','PORT0452','','',NULL,244444,51,NULL,NULL,0,NULL,250555,'Edition'),(399034,'2011-09-21 23:00:00','2013-09-23 13:29:01','UK major port traffic, port level downloadable dataset, tonnage',0,'','PORT0498','','',NULL,244445,52,NULL,NULL,0,NULL,250555,'Edition'),(399035,'2011-09-21 23:00:00','2013-09-27 14:00:15','UK major port traffic, port level downloadable dataset, unitised traffic',0,'','PORT0499','','',NULL,245399,53,NULL,NULL,0,NULL,250555,'Edition');
/*!40000 ALTER TABLE `attachments` ENABLE KEYS */;
UNLOCK TABLES;

--
-- Dumping data for table `old_attachments`
--

DROP TABLE IF EXISTS `old_attachments`;
CREATE TABLE `old_attachments` (
  `id` int(11) NOT NULL AUTO_INCREMENT,
  `created_at` datetime DEFAULT NULL,
  `updated_at` datetime DEFAULT NULL,
  `title` varchar(255) COLLATE utf8_unicode_ci DEFAULT NULL,
  `accessible` tinyint(1) DEFAULT NULL,
  `isbn` varchar(255) COLLATE utf8_unicode_ci DEFAULT NULL,
  `unique_reference` varchar(255) COLLATE utf8_unicode_ci DEFAULT NULL,
  `command_paper_number` varchar(255) COLLATE utf8_unicode_ci DEFAULT NULL,
  `order_url` varchar(255) COLLATE utf8_unicode_ci DEFAULT NULL,
  `price_in_pence` int(11) DEFAULT NULL,
  `attachment_data_id` int(11) DEFAULT NULL,
  `ordering` int(11) DEFAULT NULL,
  `hoc_paper_number` varchar(255) COLLATE utf8_unicode_ci DEFAULT NULL,
  `parliamentary_session` varchar(255) COLLATE utf8_unicode_ci DEFAULT NULL,
  `unnumbered_command_paper` tinyint(1) DEFAULT NULL,
  `unnumbered_hoc_paper` tinyint(1) DEFAULT NULL,
  `attachable_id` int(11) DEFAULT NULL,
  `attachable_type` varchar(255) COLLATE utf8_unicode_ci DEFAULT NULL,
  PRIMARY KEY (`id`),
  KEY `index_attachments_on_attachment_data_id` (`attachment_data_id`),
  KEY `index_attachments_on_ordering` (`ordering`),
  KEY `index_attachments_on_attachable_id_and_attachable_type` (`attachable_id`,`attachable_type`)
) ENGINE=InnoDB AUTO_INCREMENT=395726 DEFAULT CHARSET=utf8 COLLATE=utf8_unicode_ci;

LOCK TABLES `old_attachments` WRITE;
/*!40000 ALTER TABLE `old_attachments` DISABLE KEYS */;
INSERT INTO `old_attachments` (`id`, `created_at`, `updated_at`, `title`, `accessible`, `isbn`, `unique_reference`, `command_paper_number`, `order_url`, `price_in_pence`, `attachment_data_id`, `ordering`, `hoc_paper_number`, `parliamentary_session`, `unnumbered_command_paper`, `unnumbered_hoc_paper`, `attachable_id`, `attachable_type`) VALUES (14429,'2011-09-21 23:00:00','2012-11-09 17:06:46','PORT0401 - Aberdeen port traffic',NULL,NULL,'PORT0401',NULL,NULL,NULL,10040,NULL,NULL,NULL,NULL,NULL,13935,'Edition'),(14430,'2011-09-21 23:00:00','2012-11-09 17:06:46','PORT0402 - Ballylumford port traffic',NULL,NULL,'PORT0402',NULL,NULL,NULL,10041,NULL,NULL,NULL,NULL,NULL,13935,'Edition'),(14431,'2011-09-21 23:00:00','2012-11-09 17:06:46','PORT0403 - Belfast port traffic',NULL,NULL,'PORT0403',NULL,NULL,NULL,10042,NULL,NULL,NULL,NULL,NULL,13935,'Edition'),(14432,'2011-09-21 23:00:00','2012-11-09 17:06:46','PORT0404 - Boston port traffic',NULL,NULL,'PORT0404',NULL,NULL,NULL,10043,NULL,NULL,NULL,NULL,NULL,13935,'Edition'),(14433,'2011-09-21 23:00:00','2012-11-09 17:06:46','PORT0405 - Bristol port traffic',NULL,NULL,'PORT0405',NULL,NULL,NULL,10044,NULL,NULL,NULL,NULL,NULL,13935,'Edition'),(14434,'2011-09-21 23:00:00','2012-11-09 17:06:46','PORT0406 - Cairnryan port traffic',NULL,NULL,'PORT0406',NULL,NULL,NULL,10045,NULL,NULL,NULL,NULL,NULL,13935,'Edition'),(14435,'2011-09-21 23:00:00','2012-11-09 17:06:46','PORT0407 - Cardiff port traffic',NULL,NULL,'PORT0407',NULL,NULL,NULL,10046,NULL,NULL,NULL,NULL,NULL,13935,'Edition'),(14436,'2011-09-21 23:00:00','2012-11-09 17:06:46','PORT0408 - Clyde port traffic',NULL,NULL,'PORT0408',NULL,NULL,NULL,10047,NULL,NULL,NULL,NULL,NULL,13935,'Edition'),(14437,'2011-09-21 23:00:00','2012-11-09 17:06:46','PORT0409 - Cromarty Firth port traffic',NULL,NULL,'PORT0409',NULL,NULL,NULL,10048,NULL,NULL,NULL,NULL,NULL,13935,'Edition'),(14438,'2011-09-21 23:00:00','2012-11-09 17:06:46','PORT0410 - Dover port traffic',NULL,NULL,'PORT0410',NULL,NULL,NULL,10049,NULL,NULL,NULL,NULL,NULL,13935,'Edition'),(14439,'2011-09-21 23:00:00','2012-11-09 17:06:46','PORT0411 - Dundee port traffic',NULL,NULL,'PORT0411',NULL,NULL,NULL,10050,NULL,NULL,NULL,NULL,NULL,13935,'Edition'),(14440,'2011-09-20 23:00:00','2012-11-09 17:06:46','PORT0412 - Felixstowe port traffic',NULL,NULL,'PORT0412',NULL,NULL,NULL,10051,NULL,NULL,NULL,NULL,NULL,13935,'Edition'),(14441,'2011-09-21 23:00:00','2012-11-09 17:06:46','PORT0413 - Fishguard port traffic',NULL,NULL,'PORT0413',NULL,NULL,NULL,10052,NULL,NULL,NULL,NULL,NULL,13935,'Edition'),(14442,'2011-09-21 23:00:00','2012-11-09 17:06:46','PORT0414 - Fleetwood port traffic',NULL,NULL,'PORT0414',NULL,NULL,NULL,10053,NULL,NULL,NULL,NULL,NULL,13935,'Edition'),(14443,'2011-09-21 23:00:00','2012-11-09 17:06:46','PORT0415 - Forth port traffic',NULL,NULL,'PORT0415',NULL,NULL,NULL,10054,NULL,NULL,NULL,NULL,NULL,13935,'Edition'),(14444,'2011-09-21 23:00:00','2012-11-09 17:06:46','PORT0416 - Fowey port traffic',NULL,NULL,'PORT0416',NULL,NULL,NULL,10055,NULL,NULL,NULL,NULL,NULL,13935,'Edition'),(14445,'2011-09-21 23:00:00','2012-11-09 17:06:46','PORT0417 - Glensanda port traffic',NULL,NULL,'PORT0417',NULL,NULL,NULL,10056,NULL,NULL,NULL,NULL,NULL,13935,'Edition'),(14446,'2011-09-21 23:00:00','2012-11-09 17:06:46','PORT0418 - Goole port traffic',NULL,NULL,'PORT0418',NULL,NULL,NULL,10057,NULL,NULL,NULL,NULL,NULL,13935,'Edition'),(14447,'2011-09-21 23:00:00','2012-11-09 17:06:46','PORT0419 - Great Yarmouth port traffic',NULL,NULL,'PORT0419',NULL,NULL,NULL,10058,NULL,NULL,NULL,NULL,NULL,13935,'Edition'),(14448,'2011-09-21 23:00:00','2012-11-09 17:06:46','PORT0420 - Grimsby and Immingham port traffic',NULL,NULL,'PORT0420',NULL,NULL,NULL,10059,NULL,NULL,NULL,NULL,NULL,13935,'Edition'),(14449,'2011-09-21 23:00:00','2012-11-09 17:06:46','PORT0421 - Harwich port traffic',NULL,NULL,'PORT0421',NULL,NULL,NULL,10060,NULL,NULL,NULL,NULL,NULL,13935,'Edition'),(14450,'2011-09-21 23:00:00','2012-11-09 17:06:46','PORT0422 - Heysham port traffic',NULL,NULL,'PORT0422',NULL,NULL,NULL,10061,NULL,NULL,NULL,NULL,NULL,13935,'Edition'),(14451,'2011-09-21 23:00:00','2012-11-09 17:06:46','PORT0423 - Holyhead port traffic',NULL,NULL,'PORT0423',NULL,NULL,NULL,10062,NULL,NULL,NULL,NULL,NULL,13935,'Edition'),(14452,'2011-09-21 23:00:00','2012-11-09 17:06:46','PORT0424 - Hull port traffic',NULL,NULL,'PORT0424',NULL,NULL,NULL,10063,NULL,NULL,NULL,NULL,NULL,13935,'Edition'),(14453,'2011-09-21 23:00:00','2012-11-09 17:06:46','PORT0425 - Ipswich port traffic',NULL,NULL,'PORT0425',NULL,NULL,NULL,10064,NULL,NULL,NULL,NULL,NULL,13935,'Edition'),(14454,'2011-09-21 23:00:00','2012-11-09 17:06:46','PORT0426 - Larne port traffic',NULL,NULL,'PORT0426',NULL,NULL,NULL,10065,NULL,NULL,NULL,NULL,NULL,13935,'Edition'),(14455,'2011-09-21 23:00:00','2012-11-09 17:06:46','PORT0427 - Liverpool port traffic',NULL,NULL,'PORT0427',NULL,NULL,NULL,10066,NULL,NULL,NULL,NULL,NULL,13935,'Edition'),(14456,'2011-09-21 23:00:00','2012-11-09 17:06:46','PORT0428 - London port traffic',NULL,NULL,'PORT0428',NULL,NULL,NULL,10067,NULL,NULL,NULL,NULL,NULL,13935,'Edition'),(14457,'2011-09-21 23:00:00','2012-11-09 17:06:46','PORT0429 - Londonderry port traffic',NULL,NULL,'PORT0429',NULL,NULL,NULL,10068,NULL,NULL,NULL,NULL,NULL,13935,'Edition'),(14458,'2011-09-21 23:00:00','2012-11-09 17:06:46','PORT0430 - Manchester port traffic',NULL,NULL,'PORT0430',NULL,NULL,NULL,10069,NULL,NULL,NULL,NULL,NULL,13935,'Edition'),(14459,'2011-09-21 23:00:00','2012-11-09 17:06:46','PORT0431 - Medway port traffic',NULL,NULL,'PORT0431',NULL,NULL,NULL,10070,NULL,NULL,NULL,NULL,NULL,13935,'Edition'),(14460,'2011-09-21 23:00:00','2012-11-09 17:06:46','PORT0432 - Milford Haven port traffic',NULL,NULL,'PORT0432',NULL,NULL,NULL,10071,NULL,NULL,NULL,NULL,NULL,13935,'Edition'),(14461,'2011-09-21 23:00:00','2012-11-09 17:06:46','PORT0433 - Newhaven port traffic',NULL,NULL,'PORT0433',NULL,NULL,NULL,10072,NULL,NULL,NULL,NULL,NULL,13935,'Edition'),(14462,'2011-09-21 23:00:00','2012-11-09 17:06:46','PORT0434 - Newport port traffic',NULL,NULL,'PORT0434',NULL,NULL,NULL,10073,NULL,NULL,NULL,NULL,NULL,13935,'Edition'),(14463,'2011-09-21 23:00:00','2012-11-09 17:06:46','PORT0435 - Orkney port traffic',NULL,NULL,'PORT0435',NULL,NULL,NULL,10074,NULL,NULL,NULL,NULL,NULL,13935,'Edition'),(14464,'2011-09-21 23:00:00','2012-11-09 17:06:46','PORT0436 - Peterhead port traffic',NULL,NULL,'PORT0436',NULL,NULL,NULL,10075,NULL,NULL,NULL,NULL,NULL,13935,'Edition'),(14465,'2011-09-21 23:00:00','2012-11-09 17:06:46','PORT0437 - Plymouth port traffic',NULL,NULL,'PORT0437',NULL,NULL,NULL,10076,NULL,NULL,NULL,NULL,NULL,13935,'Edition'),(14466,'2011-09-21 23:00:00','2012-11-09 17:06:46','PORT0438 - Poole port traffic',NULL,NULL,'PORT0438',NULL,NULL,NULL,10077,NULL,NULL,NULL,NULL,NULL,13935,'Edition'),(14467,'2011-09-21 23:00:00','2012-11-09 17:06:46','PORT0439 - Port Talbot port traffic',NULL,NULL,'PORT0439',NULL,NULL,NULL,10078,NULL,NULL,NULL,NULL,NULL,13935,'Edition'),(14468,'2011-09-21 23:00:00','2012-11-09 17:06:46','PORT0440 - Portsmouth port traffic',NULL,NULL,'PORT0440',NULL,NULL,NULL,10079,NULL,NULL,NULL,NULL,NULL,13935,'Edition'),(14469,'2011-09-21 23:00:00','2012-11-09 17:06:46','PORT0441 - Ramsgate port traffic',NULL,NULL,'PORT0441',NULL,NULL,NULL,10080,NULL,NULL,NULL,NULL,NULL,13935,'Edition'),(14470,'2011-09-21 23:00:00','2012-11-09 17:06:47','PORT0442 - Rivers Hull and Humber port traffic',NULL,NULL,'PORT0442',NULL,NULL,NULL,10081,NULL,NULL,NULL,NULL,NULL,13935,'Edition'),(14471,'2011-09-21 23:00:00','2012-11-09 17:06:47','PORT0443 - River Trent port traffic',NULL,NULL,'PORT0443',NULL,NULL,NULL,10082,NULL,NULL,NULL,NULL,NULL,13935,'Edition'),(14472,'2011-09-21 23:00:00','2012-11-09 17:06:47','PORT0444 - Shoreham port traffic',NULL,NULL,'PORT0444',NULL,NULL,NULL,10083,NULL,NULL,NULL,NULL,NULL,13935,'Edition'),(14473,'2011-09-21 23:00:00','2012-11-09 17:06:47','PORT0445 - Southampton port traffic',NULL,NULL,'PORT0445',NULL,NULL,NULL,10084,NULL,NULL,NULL,NULL,NULL,13935,'Edition'),(14474,'2011-09-21 23:00:00','2012-11-09 17:06:47','PORT0446 - Stranraer port traffic',NULL,NULL,'PORT0446',NULL,NULL,NULL,10085,NULL,NULL,NULL,NULL,NULL,13935,'Edition'),(14475,'2011-09-21 23:00:00','2012-11-09 17:06:47','PORT0447 - Sullom Voe port traffic',NULL,NULL,'PORT0447',NULL,NULL,NULL,10086,NULL,NULL,NULL,NULL,NULL,13935,'Edition'),(14476,'2011-09-21 23:00:00','2012-11-09 17:06:47','PORT0448 - Sunderland port traffic',NULL,NULL,'PORT0448',NULL,NULL,NULL,10087,NULL,NULL,NULL,NULL,NULL,13935,'Edition'),(14477,'2011-09-21 23:00:00','2012-11-09 17:06:47','PORT0449 - Swansea port traffic',NULL,NULL,'PORT0449',NULL,NULL,NULL,10088,NULL,NULL,NULL,NULL,NULL,13935,'Edition'),(14478,'2011-09-21 23:00:00','2012-11-09 17:06:47','PORT0450 - Tees and Hartlepool port traffic',NULL,NULL,'PORT0450',NULL,NULL,NULL,10089,NULL,NULL,NULL,NULL,NULL,13935,'Edition'),(14479,'2011-09-21 23:00:00','2012-11-09 17:06:47','PORT0451 - Tyne port traffic',NULL,NULL,'PORT0451',NULL,NULL,NULL,10090,NULL,NULL,NULL,NULL,NULL,13935,'Edition'),(14480,'2011-09-21 23:00:00','2012-11-09 17:06:47','PORT0452 - Warrenpoint port traffic',NULL,NULL,'PORT0452',NULL,NULL,NULL,10091,NULL,NULL,NULL,NULL,NULL,13935,'Edition'),(14481,'2011-09-21 23:00:00','2012-11-09 17:06:47','PORT0498 - UK major port traffic, port level downloadable dataset, tonnage',NULL,NULL,'PORT0498',NULL,NULL,NULL,10092,NULL,NULL,NULL,NULL,NULL,13935,'Edition'),(14482,'2011-09-21 23:00:00','2012-11-09 17:06:47','PORT0499 - UK major port traffic, port level downloadable dataset, units',NULL,NULL,'PORT0499',NULL,NULL,NULL,10093,NULL,NULL,NULL,NULL,NULL,13935,'Edition'),(94397,'2011-09-21 23:00:00','2013-01-24 11:17:49','PORT0401 - Aberdeen port traffic',0,'','PORT0401','','',NULL,10040,NULL,NULL,NULL,NULL,NULL,79282,'Edition'),(94398,'2011-09-21 23:00:00','2013-01-24 11:17:49','PORT0402 - Ballylumford port traffic',0,'','PORT0402','','',NULL,10041,NULL,NULL,NULL,NULL,NULL,79282,'Edition'),(94399,'2011-09-21 23:00:00','2013-01-24 11:17:49','PORT0403 - Belfast port traffic',0,'','PORT0403','','',NULL,10042,NULL,NULL,NULL,NULL,NULL,79282,'Edition'),(94400,'2011-09-21 23:00:00','2013-01-24 11:17:49','PORT0404 - Boston port traffic',0,'','PORT0404','','',NULL,10043,NULL,NULL,NULL,NULL,NULL,79282,'Edition'),(94401,'2011-09-21 23:00:00','2013-01-24 11:17:49','PORT0405 - Bristol port traffic',0,'','PORT0405','','',NULL,10044,NULL,NULL,NULL,NULL,NULL,79282,'Edition'),(94402,'2011-09-21 23:00:00','2013-01-24 11:17:49','PORT0406 - Cairnryan port traffic',0,'','PORT0406','','',NULL,10045,NULL,NULL,NULL,NULL,NULL,79282,'Edition'),(94403,'2011-09-21 23:00:00','2013-01-24 11:17:49','PORT0407 - Cardiff port traffic',0,'','PORT0407','','',NULL,10046,NULL,NULL,NULL,NULL,NULL,79282,'Edition'),(94404,'2011-09-21 23:00:00','2013-01-24 11:17:49','PORT0408 - Clyde port traffic',0,'','PORT0408','','',NULL,10047,NULL,NULL,NULL,NULL,NULL,79282,'Edition'),(94405,'2011-09-21 23:00:00','2013-01-24 11:17:49','PORT0409 - Cromarty Firth port traffic',0,'','PORT0409','','',NULL,10048,NULL,NULL,NULL,NULL,NULL,79282,'Edition'),(94406,'2011-09-21 23:00:00','2013-01-24 11:17:49','PORT0410 - Dover port traffic',0,'','PORT0410','','',NULL,10049,NULL,NULL,NULL,NULL,NULL,79282,'Edition'),(94407,'2011-09-21 23:00:00','2013-01-24 11:17:49','PORT0411 - Dundee port traffic',0,'','PORT0411','','',NULL,10050,NULL,NULL,NULL,NULL,NULL,79282,'Edition'),(94408,'2011-09-20 23:00:00','2013-01-24 11:17:49','PORT0412 - Felixstowe port traffic',0,'','PORT0412','','',NULL,10051,NULL,NULL,NULL,NULL,NULL,79282,'Edition'),(94409,'2011-09-21 23:00:00','2013-01-24 11:17:49','PORT0413 - Fishguard port traffic',0,'','PORT0413','','',NULL,10052,NULL,NULL,NULL,NULL,NULL,79282,'Edition'),(94410,'2011-09-21 23:00:00','2013-01-24 11:17:49','PORT0414 - Fleetwood port traffic',0,'','PORT0414','','',NULL,10053,NULL,NULL,NULL,NULL,NULL,79282,'Edition'),(94411,'2011-09-21 23:00:00','2013-01-24 11:17:49','PORT0415 - Forth port traffic',0,'','PORT0415','','',NULL,10054,NULL,NULL,NULL,NULL,NULL,79282,'Edition'),(94412,'2011-09-21 23:00:00','2013-01-24 11:17:49','PORT0416 - Fowey port traffic',0,'','PORT0416','','',NULL,10055,NULL,NULL,NULL,NULL,NULL,79282,'Edition'),(94413,'2011-09-21 23:00:00','2013-01-24 11:17:49','PORT0417 - Glensanda port traffic',0,'','PORT0417','','',NULL,10056,NULL,NULL,NULL,NULL,NULL,79282,'Edition'),(94414,'2011-09-21 23:00:00','2013-01-24 11:17:49','PORT0418 - Goole port traffic',0,'','PORT0418','','',NULL,10057,NULL,NULL,NULL,NULL,NULL,79282,'Edition'),(94415,'2011-09-21 23:00:00','2013-01-24 11:17:49','PORT0419 - Great Yarmouth port traffic',0,'','PORT0419','','',NULL,10058,NULL,NULL,NULL,NULL,NULL,79282,'Edition'),(94416,'2011-09-21 23:00:00','2013-01-24 11:17:49','PORT0420 - Grimsby and Immingham port traffic',0,'','PORT0420','','',NULL,10059,NULL,NULL,NULL,NULL,NULL,79282,'Edition'),(94417,'2011-09-21 23:00:00','2013-01-24 11:17:49','PORT0421 - Harwich port traffic',0,'','PORT0421','','',NULL,10060,NULL,NULL,NULL,NULL,NULL,79282,'Edition'),(94418,'2011-09-21 23:00:00','2013-01-24 11:17:49','PORT0422 - Heysham port traffic',0,'','PORT0422','','',NULL,10061,NULL,NULL,NULL,NULL,NULL,79282,'Edition'),(94419,'2011-09-21 23:00:00','2013-01-24 11:17:49','PORT0423 - Holyhead port traffic',0,'','PORT0423','','',NULL,10062,NULL,NULL,NULL,NULL,NULL,79282,'Edition'),(94420,'2011-09-21 23:00:00','2013-01-24 11:17:49','PORT0424 - Hull port traffic',0,'','PORT0424','','',NULL,10063,NULL,NULL,NULL,NULL,NULL,79282,'Edition'),(94421,'2011-09-21 23:00:00','2013-01-24 11:17:49','PORT0425 - Ipswich port traffic',0,'','PORT0425','','',NULL,10064,NULL,NULL,NULL,NULL,NULL,79282,'Edition'),(94422,'2011-09-21 23:00:00','2013-01-24 11:17:49','PORT0426 - Larne port traffic',0,'','PORT0426','','',NULL,10065,NULL,NULL,NULL,NULL,NULL,79282,'Edition'),(94423,'2011-09-21 23:00:00','2013-01-24 11:17:49','PORT0427 - Liverpool port traffic',0,'','PORT0427','','',NULL,10066,NULL,NULL,NULL,NULL,NULL,79282,'Edition'),(94424,'2011-09-21 23:00:00','2013-01-24 11:17:49','PORT0428 - London port traffic',0,'','PORT0428','','',NULL,10067,NULL,NULL,NULL,NULL,NULL,79282,'Edition'),(94425,'2011-09-21 23:00:00','2013-01-24 11:17:49','PORT0429 - Londonderry port traffic',0,'','PORT0429','','',NULL,10068,NULL,NULL,NULL,NULL,NULL,79282,'Edition'),(94426,'2011-09-21 23:00:00','2013-01-24 11:17:49','PORT0430 - Manchester port traffic',0,'','PORT0430','','',NULL,10069,NULL,NULL,NULL,NULL,NULL,79282,'Edition'),(94427,'2011-09-21 23:00:00','2013-01-24 11:17:49','PORT0431 - Medway port traffic',0,'','PORT0431','','',NULL,10070,NULL,NULL,NULL,NULL,NULL,79282,'Edition'),(94428,'2011-09-21 23:00:00','2013-01-24 11:17:49','PORT0432 - Milford Haven port traffic',0,'','PORT0432','','',NULL,10071,NULL,NULL,NULL,NULL,NULL,79282,'Edition'),(94429,'2011-09-21 23:00:00','2013-01-24 11:17:49','PORT0433 - Newhaven port traffic',0,'','PORT0433','','',NULL,10072,NULL,NULL,NULL,NULL,NULL,79282,'Edition'),(94430,'2011-09-21 23:00:00','2013-01-24 11:17:49','PORT0434 - Newport port traffic',0,'','PORT0434','','',NULL,10073,NULL,NULL,NULL,NULL,NULL,79282,'Edition'),(94431,'2011-09-21 23:00:00','2013-01-24 11:17:49','PORT0435 - Orkney port traffic',0,'','PORT0435','','',NULL,10074,NULL,NULL,NULL,NULL,NULL,79282,'Edition'),(94432,'2011-09-21 23:00:00','2013-01-24 11:17:49','PORT0436 - Peterhead port traffic',0,'','PORT0436','','',NULL,10075,NULL,NULL,NULL,NULL,NULL,79282,'Edition'),(94433,'2011-09-21 23:00:00','2013-01-24 11:17:49','PORT0437 - Plymouth port traffic',0,'','PORT0437','','',NULL,10076,NULL,NULL,NULL,NULL,NULL,79282,'Edition'),(94434,'2011-09-21 23:00:00','2013-01-24 11:17:49','PORT0438 - Poole port traffic',0,'','PORT0438','','',NULL,10077,NULL,NULL,NULL,NULL,NULL,79282,'Edition'),(94435,'2011-09-21 23:00:00','2013-01-24 11:17:49','PORT0439 - Port Talbot port traffic',0,'','PORT0439','','',NULL,10078,NULL,NULL,NULL,NULL,NULL,79282,'Edition'),(94436,'2011-09-21 23:00:00','2013-01-24 11:17:49','PORT0440 - Portsmouth port traffic',0,'','PORT0440','','',NULL,10079,NULL,NULL,NULL,NULL,NULL,79282,'Edition'),(94437,'2011-09-21 23:00:00','2013-01-24 11:17:49','PORT0441 - Ramsgate port traffic',0,'','PORT0441','','',NULL,10080,NULL,NULL,NULL,NULL,NULL,79282,'Edition'),(94438,'2011-09-21 23:00:00','2013-01-24 11:17:49','PORT0442 - Rivers Hull and Humber port traffic',0,'','PORT0442','','',NULL,10081,NULL,NULL,NULL,NULL,NULL,79282,'Edition'),(94439,'2011-09-21 23:00:00','2013-01-24 11:17:49','PORT0443 - River Trent port traffic',0,'','PORT0443','','',NULL,10082,NULL,NULL,NULL,NULL,NULL,79282,'Edition'),(94440,'2011-09-21 23:00:00','2013-01-24 11:17:49','PORT0444 - Shoreham port traffic',0,'','PORT0444','','',NULL,10083,NULL,NULL,NULL,NULL,NULL,79282,'Edition'),(94441,'2011-09-21 23:00:00','2013-01-24 11:17:49','PORT0445 - Southampton port traffic',0,'','PORT0445','','',NULL,10084,NULL,NULL,NULL,NULL,NULL,79282,'Edition'),(94442,'2011-09-21 23:00:00','2013-01-24 11:17:49','PORT0446 - Stranraer port traffic',0,'','PORT0446','','',NULL,10085,NULL,NULL,NULL,NULL,NULL,79282,'Edition'),(94443,'2011-09-21 23:00:00','2013-01-24 11:17:49','PORT0447 - Sullom Voe port traffic',0,'','PORT0447','','',NULL,10086,NULL,NULL,NULL,NULL,NULL,79282,'Edition'),(94444,'2011-09-21 23:00:00','2013-01-24 11:17:49','PORT0448 - Sunderland port traffic',0,'','PORT0448','','',NULL,10087,NULL,NULL,NULL,NULL,NULL,79282,'Edition'),(94445,'2011-09-21 23:00:00','2013-01-24 11:17:49','PORT0449 - Swansea port traffic',0,'','PORT0449','','',NULL,10088,NULL,NULL,NULL,NULL,NULL,79282,'Edition'),(94446,'2011-09-21 23:00:00','2013-01-24 11:17:49','PORT0450 - Tees and Hartlepool port traffic',0,'','PORT0450','','',NULL,10089,NULL,NULL,NULL,NULL,NULL,79282,'Edition'),(94447,'2011-09-21 23:00:00','2013-01-24 11:17:49','PORT0451 - Tyne port traffic',0,'','PORT0451','','',NULL,10090,NULL,NULL,NULL,NULL,NULL,79282,'Edition'),(94448,'2011-09-21 23:00:00','2013-01-24 11:17:49','PORT0452 - Warrenpoint port traffic',0,'','PORT0452','','',NULL,10091,NULL,NULL,NULL,NULL,NULL,79282,'Edition'),(94449,'2011-09-21 23:00:00','2013-01-24 11:17:49','PORT0498 - UK major port traffic, port level downloadable dataset, tonnage',0,'','PORT0498','','',NULL,10092,NULL,NULL,NULL,NULL,NULL,79282,'Edition'),(94450,'2011-09-21 23:00:00','2013-01-24 11:17:49','PORT0499 - UK major port traffic, port level downloadable dataset, units',0,'','PORT0499','','',NULL,10093,NULL,NULL,NULL,NULL,NULL,79282,'Edition'),(120812,'2011-09-21 23:00:00','2013-01-24 11:17:49','PORT0401 - Aberdeen port traffic',0,'','PORT0401','','',NULL,10040,NULL,NULL,NULL,NULL,NULL,97407,'Edition'),(120813,'2011-09-21 23:00:00','2013-01-24 11:17:49','PORT0402 - Ballylumford port traffic',0,'','PORT0402','','',NULL,10041,NULL,NULL,NULL,NULL,NULL,97407,'Edition'),(120814,'2011-09-21 23:00:00','2013-01-24 11:17:49','PORT0403 - Belfast port traffic',0,'','PORT0403','','',NULL,10042,NULL,NULL,NULL,NULL,NULL,97407,'Edition'),(120815,'2011-09-21 23:00:00','2013-01-24 11:17:49','PORT0404 - Boston port traffic',0,'','PORT0404','','',NULL,10043,NULL,NULL,NULL,NULL,NULL,97407,'Edition'),(120816,'2011-09-21 23:00:00','2013-01-24 11:17:49','PORT0405 - Bristol port traffic',0,'','PORT0405','','',NULL,10044,NULL,NULL,NULL,NULL,NULL,97407,'Edition'),(120817,'2011-09-21 23:00:00','2013-01-24 11:17:49','PORT0406 - Cairnryan port traffic',0,'','PORT0406','','',NULL,10045,NULL,NULL,NULL,NULL,NULL,97407,'Edition'),(120818,'2011-09-21 23:00:00','2013-01-24 11:17:49','PORT0407 - Cardiff port traffic',0,'','PORT0407','','',NULL,10046,NULL,NULL,NULL,NULL,NULL,97407,'Edition'),(120819,'2011-09-21 23:00:00','2013-01-24 11:17:49','PORT0408 - Clyde port traffic',0,'','PORT0408','','',NULL,10047,NULL,NULL,NULL,NULL,NULL,97407,'Edition'),(120820,'2011-09-21 23:00:00','2013-01-24 11:17:49','PORT0409 - Cromarty Firth port traffic',0,'','PORT0409','','',NULL,10048,NULL,NULL,NULL,NULL,NULL,97407,'Edition'),(120821,'2011-09-21 23:00:00','2013-01-24 11:17:49','PORT0410 - Dover port traffic',0,'','PORT0410','','',NULL,10049,NULL,NULL,NULL,NULL,NULL,97407,'Edition'),(120822,'2011-09-21 23:00:00','2013-01-24 11:17:49','PORT0411 - Dundee port traffic',0,'','PORT0411','','',NULL,10050,NULL,NULL,NULL,NULL,NULL,97407,'Edition'),(120823,'2011-09-20 23:00:00','2013-01-24 11:17:49','PORT0412 - Felixstowe port traffic',0,'','PORT0412','','',NULL,10051,NULL,NULL,NULL,NULL,NULL,97407,'Edition'),(120824,'2011-09-21 23:00:00','2013-01-24 11:17:49','PORT0413 - Fishguard port traffic',0,'','PORT0413','','',NULL,10052,NULL,NULL,NULL,NULL,NULL,97407,'Edition'),(120825,'2011-09-21 23:00:00','2013-01-24 11:17:49','PORT0414 - Fleetwood port traffic',0,'','PORT0414','','',NULL,10053,NULL,NULL,NULL,NULL,NULL,97407,'Edition'),(120826,'2011-09-21 23:00:00','2013-01-24 11:17:49','PORT0415 - Forth port traffic',0,'','PORT0415','','',NULL,10054,NULL,NULL,NULL,NULL,NULL,97407,'Edition'),(120827,'2011-09-21 23:00:00','2013-01-24 11:17:49','PORT0416 - Fowey port traffic',0,'','PORT0416','','',NULL,10055,NULL,NULL,NULL,NULL,NULL,97407,'Edition'),(120828,'2011-09-21 23:00:00','2013-01-24 11:17:49','PORT0417 - Glensanda port traffic',0,'','PORT0417','','',NULL,10056,NULL,NULL,NULL,NULL,NULL,97407,'Edition'),(120829,'2011-09-21 23:00:00','2013-01-24 11:17:49','PORT0418 - Goole port traffic',0,'','PORT0418','','',NULL,10057,NULL,NULL,NULL,NULL,NULL,97407,'Edition'),(120830,'2011-09-21 23:00:00','2013-01-24 11:17:49','PORT0419 - Great Yarmouth port traffic',0,'','PORT0419','','',NULL,10058,NULL,NULL,NULL,NULL,NULL,97407,'Edition'),(120831,'2011-09-21 23:00:00','2013-01-24 11:17:49','PORT0420 - Grimsby and Immingham port traffic',0,'','PORT0420','','',NULL,10059,NULL,NULL,NULL,NULL,NULL,97407,'Edition'),(120832,'2011-09-21 23:00:00','2013-01-24 11:17:49','PORT0421 - Harwich port traffic',0,'','PORT0421','','',NULL,10060,NULL,NULL,NULL,NULL,NULL,97407,'Edition'),(120833,'2011-09-21 23:00:00','2013-01-24 11:17:49','PORT0422 - Heysham port traffic',0,'','PORT0422','','',NULL,10061,NULL,NULL,NULL,NULL,NULL,97407,'Edition'),(120834,'2011-09-21 23:00:00','2013-01-24 11:17:49','PORT0423 - Holyhead port traffic',0,'','PORT0423','','',NULL,10062,NULL,NULL,NULL,NULL,NULL,97407,'Edition'),(120835,'2011-09-21 23:00:00','2013-01-24 11:17:49','PORT0424 - Hull port traffic',0,'','PORT0424','','',NULL,10063,NULL,NULL,NULL,NULL,NULL,97407,'Edition'),(120836,'2011-09-21 23:00:00','2013-01-24 11:17:49','PORT0425 - Ipswich port traffic',0,'','PORT0425','','',NULL,10064,NULL,NULL,NULL,NULL,NULL,97407,'Edition'),(120837,'2011-09-21 23:00:00','2013-01-24 11:17:49','PORT0426 - Larne port traffic',0,'','PORT0426','','',NULL,10065,NULL,NULL,NULL,NULL,NULL,97407,'Edition'),(120838,'2011-09-21 23:00:00','2013-01-24 11:17:49','PORT0427 - Liverpool port traffic',0,'','PORT0427','','',NULL,10066,NULL,NULL,NULL,NULL,NULL,97407,'Edition'),(120839,'2011-09-21 23:00:00','2013-01-24 11:17:49','PORT0428 - London port traffic',0,'','PORT0428','','',NULL,10067,NULL,NULL,NULL,NULL,NULL,97407,'Edition'),(120840,'2011-09-21 23:00:00','2013-01-24 11:17:49','PORT0429 - Londonderry port traffic',0,'','PORT0429','','',NULL,10068,NULL,NULL,NULL,NULL,NULL,97407,'Edition'),(120841,'2011-09-21 23:00:00','2013-01-24 11:17:49','PORT0430 - Manchester port traffic',0,'','PORT0430','','',NULL,10069,NULL,NULL,NULL,NULL,NULL,97407,'Edition'),(120842,'2011-09-21 23:00:00','2013-01-24 11:17:49','PORT0431 - Medway port traffic',0,'','PORT0431','','',NULL,10070,NULL,NULL,NULL,NULL,NULL,97407,'Edition'),(120843,'2011-09-21 23:00:00','2013-01-24 11:17:49','PORT0432 - Milford Haven port traffic',0,'','PORT0432','','',NULL,10071,NULL,NULL,NULL,NULL,NULL,97407,'Edition'),(120844,'2011-09-21 23:00:00','2013-01-24 11:17:49','PORT0433 - Newhaven port traffic',0,'','PORT0433','','',NULL,10072,NULL,NULL,NULL,NULL,NULL,97407,'Edition'),(120845,'2011-09-21 23:00:00','2013-01-24 11:17:49','PORT0434 - Newport port traffic',0,'','PORT0434','','',NULL,10073,NULL,NULL,NULL,NULL,NULL,97407,'Edition'),(120846,'2011-09-21 23:00:00','2013-01-24 11:17:49','PORT0435 - Orkney port traffic',0,'','PORT0435','','',NULL,10074,NULL,NULL,NULL,NULL,NULL,97407,'Edition'),(120847,'2011-09-21 23:00:00','2013-01-24 11:17:49','PORT0436 - Peterhead port traffic',0,'','PORT0436','','',NULL,10075,NULL,NULL,NULL,NULL,NULL,97407,'Edition'),(120848,'2011-09-21 23:00:00','2013-01-24 11:17:49','PORT0437 - Plymouth port traffic',0,'','PORT0437','','',NULL,10076,NULL,NULL,NULL,NULL,NULL,97407,'Edition'),(120849,'2011-09-21 23:00:00','2013-01-24 11:17:49','PORT0438 - Poole port traffic',0,'','PORT0438','','',NULL,10077,NULL,NULL,NULL,NULL,NULL,97407,'Edition'),(120850,'2011-09-21 23:00:00','2013-01-24 11:17:49','PORT0439 - Port Talbot port traffic',0,'','PORT0439','','',NULL,10078,NULL,NULL,NULL,NULL,NULL,97407,'Edition'),(120851,'2011-09-21 23:00:00','2013-01-24 11:17:49','PORT0440 - Portsmouth port traffic',0,'','PORT0440','','',NULL,10079,NULL,NULL,NULL,NULL,NULL,97407,'Edition'),(120852,'2011-09-21 23:00:00','2013-01-24 11:17:49','PORT0441 - Ramsgate port traffic',0,'','PORT0441','','',NULL,10080,NULL,NULL,NULL,NULL,NULL,97407,'Edition'),(120853,'2011-09-21 23:00:00','2013-01-24 11:17:49','PORT0442 - Rivers Hull and Humber port traffic',0,'','PORT0442','','',NULL,10081,NULL,NULL,NULL,NULL,NULL,97407,'Edition'),(120854,'2011-09-21 23:00:00','2013-01-24 11:17:49','PORT0443 - River Trent port traffic',0,'','PORT0443','','',NULL,10082,NULL,NULL,NULL,NULL,NULL,97407,'Edition'),(120855,'2011-09-21 23:00:00','2013-01-24 11:17:49','PORT0444 - Shoreham port traffic',0,'','PORT0444','','',NULL,10083,NULL,NULL,NULL,NULL,NULL,97407,'Edition'),(120856,'2011-09-21 23:00:00','2013-01-24 11:17:49','PORT0445 - Southampton port traffic',0,'','PORT0445','','',NULL,10084,NULL,NULL,NULL,NULL,NULL,97407,'Edition'),(120857,'2011-09-21 23:00:00','2013-01-24 11:17:49','PORT0446 - Stranraer port traffic',0,'','PORT0446','','',NULL,10085,NULL,NULL,NULL,NULL,NULL,97407,'Edition'),(120858,'2011-09-21 23:00:00','2013-01-24 11:17:49','PORT0447 - Sullom Voe port traffic',0,'','PORT0447','','',NULL,10086,NULL,NULL,NULL,NULL,NULL,97407,'Edition'),(120859,'2011-09-21 23:00:00','2013-01-24 11:17:49','PORT0448 - Sunderland port traffic',0,'','PORT0448','','',NULL,10087,NULL,NULL,NULL,NULL,NULL,97407,'Edition'),(120860,'2011-09-21 23:00:00','2013-01-24 11:17:49','PORT0449 - Swansea port traffic',0,'','PORT0449','','',NULL,10088,NULL,NULL,NULL,NULL,NULL,97407,'Edition'),(120861,'2011-09-21 23:00:00','2013-01-24 11:17:49','PORT0450 - Tees and Hartlepool port traffic',0,'','PORT0450','','',NULL,10089,NULL,NULL,NULL,NULL,NULL,97407,'Edition'),(120862,'2011-09-21 23:00:00','2013-01-24 11:17:49','PORT0451 - Tyne port traffic',0,'','PORT0451','','',NULL,10090,NULL,NULL,NULL,NULL,NULL,97407,'Edition'),(120863,'2011-09-21 23:00:00','2013-01-24 11:17:49','PORT0452 - Warrenpoint port traffic',0,'','PORT0452','','',NULL,10091,NULL,NULL,NULL,NULL,NULL,97407,'Edition'),(120864,'2011-09-21 23:00:00','2013-01-24 11:17:49','PORT0498 - UK major port traffic, port level downloadable dataset, tonnage',0,'','PORT0498','','',NULL,10092,NULL,NULL,NULL,NULL,NULL,97407,'Edition'),(120865,'2011-09-21 23:00:00','2013-01-24 11:17:49','PORT0499 - UK major port traffic, port level downloadable dataset, units',0,'','PORT0499','','',NULL,10093,NULL,NULL,NULL,NULL,NULL,97407,'Edition'),(364596,'2011-09-21 23:00:00','2013-09-03 14:58:40','Aberdeen port traffic',0,'','PORT0401','','',NULL,10040,NULL,NULL,NULL,0,NULL,235015,'Edition'),(364597,'2011-09-21 23:00:00','2013-09-03 14:58:47','Ballylumford port traffic',0,'','PORT0402','','',NULL,10041,NULL,NULL,NULL,0,NULL,235015,'Edition'),(364598,'2011-09-21 23:00:00','2013-09-03 14:58:56','Belfast port traffic',0,'','PORT0403','','',NULL,10042,NULL,NULL,NULL,0,NULL,235015,'Edition'),(364599,'2011-09-21 23:00:00','2013-09-03 14:59:04','Boston port traffic',0,'','PORT0404','','',NULL,10043,NULL,NULL,NULL,0,NULL,235015,'Edition'),(364600,'2011-09-21 23:00:00','2013-09-03 14:59:14','Bristol port traffic',0,'','PORT0405','','',NULL,10044,NULL,NULL,NULL,0,NULL,235015,'Edition'),(364601,'2011-09-21 23:00:00','2013-09-03 14:59:24','Cairnryan port traffic',0,'','PORT0406','','',NULL,10045,NULL,NULL,NULL,0,NULL,235015,'Edition'),(364602,'2011-09-21 23:00:00','2013-09-03 15:04:08','Cardiff port traffic',0,'','PORT0407','','',NULL,10046,NULL,NULL,NULL,0,NULL,235015,'Edition'),(364603,'2011-09-21 23:00:00','2013-09-03 15:04:35','Clyde port traffic',0,'','PORT0408','','',NULL,10047,NULL,NULL,NULL,0,NULL,235015,'Edition'),(364604,'2011-09-21 23:00:00','2013-09-03 15:04:19','Cromarty Firth port traffic',0,'','PORT0409','','',NULL,10048,NULL,NULL,NULL,0,NULL,235015,'Edition'),(364605,'2011-09-21 23:00:00','2013-09-03 15:04:46','Dover port traffic',0,'','PORT0410','','',NULL,10049,NULL,NULL,NULL,0,NULL,235015,'Edition'),(364606,'2011-09-21 23:00:00','2013-09-03 15:05:03','Dundee port traffic',0,'','PORT0411','','',NULL,10050,NULL,NULL,NULL,0,NULL,235015,'Edition'),(364607,'2011-09-20 23:00:00','2013-09-03 15:05:14','Felixstowe port traffic',0,'','PORT0412','','',NULL,10051,NULL,NULL,NULL,0,NULL,235015,'Edition'),(364608,'2011-09-21 23:00:00','2013-09-03 15:05:25','Fishguard port traffic',0,'','PORT0413','','',NULL,10052,NULL,NULL,NULL,0,NULL,235015,'Edition'),(364609,'2011-09-21 23:00:00','2013-09-03 15:05:35','Fleetwood port traffic',0,'','PORT0414','','',NULL,10053,NULL,NULL,NULL,0,NULL,235015,'Edition'),(364610,'2011-09-21 23:00:00','2013-09-03 15:05:45','Forth port traffic',0,'','PORT0415','','',NULL,10054,NULL,NULL,NULL,0,NULL,235015,'Edition'),(364611,'2011-09-21 23:00:00','2013-09-03 15:05:55','Fowey port traffic',0,'','PORT0416','','',NULL,10055,NULL,NULL,NULL,0,NULL,235015,'Edition'),(364612,'2011-09-21 23:00:00','2013-09-03 15:06:08','Glensanda port traffic',0,'','PORT0417','','',NULL,10056,NULL,NULL,NULL,0,NULL,235015,'Edition'),(364613,'2011-09-21 23:00:00','2013-09-03 15:08:36','Goole port traffic',0,'','PORT0418','','',NULL,10057,NULL,NULL,NULL,0,NULL,235015,'Edition'),(364614,'2011-09-21 23:00:00','2013-09-03 15:08:40','Great Yarmouth port traffic',0,'','PORT0419','','',NULL,10058,NULL,NULL,NULL,0,NULL,235015,'Edition'),(364615,'2011-09-21 23:00:00','2013-09-03 15:08:43','Grimsby and Immingham port traffic',0,'','PORT0420','','',NULL,10059,NULL,NULL,NULL,0,NULL,235015,'Edition'),(364616,'2011-09-21 23:00:00','2013-09-03 15:09:19','Harwich port traffic',0,'','PORT0421','','',NULL,10060,NULL,NULL,NULL,0,NULL,235015,'Edition'),(364617,'2011-09-21 23:00:00','2013-09-03 15:09:22','Heysham port traffic',0,'','PORT0422','','',NULL,10061,NULL,NULL,NULL,0,NULL,235015,'Edition'),(364618,'2011-09-21 23:00:00','2013-09-03 15:09:26','Holyhead port traffic',0,'','PORT0423','','',NULL,10062,NULL,NULL,NULL,0,NULL,235015,'Edition'),(364619,'2011-09-21 23:00:00','2013-09-03 15:09:30','Hull port traffic',0,'','PORT0424','','',NULL,10063,NULL,NULL,NULL,0,NULL,235015,'Edition'),(364620,'2011-09-21 23:00:00','2013-09-03 15:09:34','Ipswich port traffic',0,'','PORT0425','','',NULL,10064,NULL,NULL,NULL,0,NULL,235015,'Edition'),(364621,'2011-09-21 23:00:00','2013-09-03 15:11:37','Larne port traffic',0,'','PORT0426','','',NULL,10065,NULL,NULL,NULL,0,NULL,235015,'Edition'),(364622,'2011-09-21 23:00:00','2013-09-03 15:12:20','Liverpool port traffic',0,'','PORT0427','','',NULL,10066,NULL,NULL,NULL,0,NULL,235015,'Edition'),(364623,'2011-09-21 23:00:00','2013-09-03 15:12:23','London port traffic',0,'','PORT0428','','',NULL,10067,NULL,NULL,NULL,0,NULL,235015,'Edition'),(364624,'2011-09-21 23:00:00','2013-09-03 15:12:26','Londonderry port traffic',0,'','PORT0429','','',NULL,10068,NULL,NULL,NULL,0,NULL,235015,'Edition'),(364625,'2011-09-21 23:00:00','2013-09-03 15:12:30','Manchester port traffic',0,'','PORT0430','','',NULL,10069,NULL,NULL,NULL,0,NULL,235015,'Edition'),(364626,'2011-09-21 23:00:00','2013-09-03 15:13:13','Medway port traffic',0,'','PORT0431','','',NULL,10070,NULL,NULL,NULL,0,NULL,235015,'Edition'),(364627,'2011-09-21 23:00:00','2013-09-03 15:13:17','Milford Haven port traffic',0,'','PORT0432','','',NULL,10071,NULL,NULL,NULL,0,NULL,235015,'Edition'),(364628,'2011-09-21 23:00:00','2013-09-03 15:13:20','Newhaven port traffic',0,'','PORT0433','','',NULL,10072,NULL,NULL,NULL,0,NULL,235015,'Edition'),(364629,'2011-09-21 23:00:00','2013-09-03 15:13:25','Newport port traffic',0,'','PORT0434','','',NULL,10073,NULL,NULL,NULL,0,NULL,235015,'Edition'),(364630,'2011-09-21 23:00:00','2013-09-03 15:13:28','Orkney port traffic',0,'','PORT0435','','',NULL,10074,NULL,NULL,NULL,0,NULL,235015,'Edition'),(364631,'2011-09-21 23:00:00','2013-09-03 15:13:32','Peterhead port traffic',0,'','PORT0436','','',NULL,10075,NULL,NULL,NULL,0,NULL,235015,'Edition'),(364632,'2011-09-21 23:00:00','2013-09-03 15:13:36','Plymouth port traffic',0,'','PORT0437','','',NULL,10076,NULL,NULL,NULL,0,NULL,235015,'Edition'),(364633,'2011-09-21 23:00:00','2013-09-03 15:13:40','Poole port traffic',0,'','PORT0438','','',NULL,10077,NULL,NULL,NULL,0,NULL,235015,'Edition'),(364634,'2011-09-21 23:00:00','2013-09-03 15:14:38','Port Talbot port traffic',0,'','PORT0439','','',NULL,10078,NULL,NULL,NULL,0,NULL,235015,'Edition'),(364635,'2011-09-21 23:00:00','2013-09-03 15:13:45','Portsmouth port traffic',0,'','PORT0440','','',NULL,10079,NULL,NULL,NULL,0,NULL,235015,'Edition'),(364636,'2011-09-21 23:00:00','2013-09-03 15:14:48','Ramsgate port traffic',0,'','PORT0441','','',NULL,10080,NULL,NULL,NULL,0,NULL,235015,'Edition'),(364637,'2011-09-21 23:00:00','2013-09-03 15:14:52','Rivers Hull and Humber port traffic',0,'','PORT0442','','',NULL,10081,NULL,NULL,NULL,0,NULL,235015,'Edition'),(364638,'2011-09-21 23:00:00','2013-09-03 15:14:55','River Trent port traffic',0,'','PORT0443','','',NULL,10082,NULL,NULL,NULL,0,NULL,235015,'Edition'),(364639,'2011-09-21 23:00:00','2013-09-03 15:14:59','Shoreham port traffic',0,'','PORT0444','','',NULL,10083,NULL,NULL,NULL,0,NULL,235015,'Edition'),(364640,'2011-09-21 23:00:00','2013-09-03 15:15:02','Southampton port traffic',0,'','PORT0445','','',NULL,10084,NULL,NULL,NULL,0,NULL,235015,'Edition'),(364641,'2011-09-21 23:00:00','2013-09-03 15:15:06','Stranraer port traffic',0,'','PORT0446','','',NULL,10085,NULL,NULL,NULL,0,NULL,235015,'Edition'),(364642,'2011-09-21 23:00:00','2013-09-03 15:16:26','Sullom Voe port traffic',0,'','PORT0447','','',NULL,10086,NULL,NULL,NULL,0,NULL,235015,'Edition'),(364643,'2011-09-21 23:00:00','2013-09-03 15:16:31','Sunderland port traffic',0,'','PORT0448','','',NULL,10087,NULL,NULL,NULL,0,NULL,235015,'Edition'),(364644,'2011-09-21 23:00:00','2013-09-03 15:16:33','Swansea port traffic',0,'','PORT0449','','',NULL,10088,NULL,NULL,NULL,0,NULL,235015,'Edition'),(364645,'2011-09-21 23:00:00','2013-09-03 15:16:36','Tees and Hartlepool port traffic',0,'','PORT0450','','',NULL,10089,NULL,NULL,NULL,0,NULL,235015,'Edition'),(364646,'2011-09-21 23:00:00','2013-09-03 15:16:40','Tyne port traffic',0,'','PORT0451','','',NULL,10090,NULL,NULL,NULL,0,NULL,235015,'Edition'),(364647,'2011-09-21 23:00:00','2013-09-03 15:16:44','Warrenpoint port traffic',0,'','PORT0452','','',NULL,10091,NULL,NULL,NULL,0,NULL,235015,'Edition'),(364648,'2011-09-21 23:00:00','2013-09-03 15:16:47','UK major port traffic, port level downloadable dataset, tonnage',0,'','PORT0498','','',NULL,10092,NULL,NULL,NULL,0,NULL,235015,'Edition'),(364649,'2011-09-21 23:00:00','2013-09-03 15:16:51','UK major port traffic, port level downloadable dataset, units',0,'','PORT0499','','',NULL,10093,NULL,NULL,NULL,0,NULL,235015,'Edition'),(380816,'2011-09-21 23:00:00','2013-09-23 13:29:01','Aberdeen port traffic',0,'','PORT0401','','',NULL,244447,NULL,NULL,NULL,0,NULL,243324,'Edition'),(380817,'2011-09-21 23:00:00','2013-09-23 13:29:01','Ballylumford port traffic',0,'','PORT0402','','',NULL,244448,NULL,NULL,NULL,0,NULL,243324,'Edition'),(380818,'2011-09-21 23:00:00','2013-09-23 13:29:02','Belfast port traffic',0,'','PORT0403','','',NULL,244449,NULL,NULL,NULL,0,NULL,243324,'Edition'),(380819,'2011-09-21 23:00:00','2013-09-23 13:28:58','Boston port traffic',0,'','PORT0404','','',NULL,244396,NULL,NULL,NULL,0,NULL,243324,'Edition'),(380820,'2011-09-21 23:00:00','2013-09-23 13:28:59','Bristol port traffic',0,'','PORT0405','','',NULL,244397,NULL,NULL,NULL,0,NULL,243324,'Edition'),(380821,'2011-09-21 23:00:00','2013-09-23 13:28:59','Cairnryan port traffic',0,'','PORT0406','','',NULL,244398,NULL,NULL,NULL,0,NULL,243324,'Edition'),(380822,'2011-09-21 23:00:00','2013-09-23 13:28:59','Cardiff port traffic',0,'','PORT0407','','',NULL,244399,NULL,NULL,NULL,0,NULL,243324,'Edition'),(380823,'2011-09-21 23:00:00','2013-09-23 13:28:59','Clyde port traffic',0,'','PORT0408','','',NULL,244400,NULL,NULL,NULL,0,NULL,243324,'Edition'),(380824,'2011-09-21 23:00:00','2013-09-23 13:28:59','Cromarty Firth port traffic',0,'','PORT0409','','',NULL,244401,NULL,NULL,NULL,0,NULL,243324,'Edition'),(380825,'2011-09-21 23:00:00','2013-09-23 13:28:59','Dover port traffic',0,'','PORT0410','','',NULL,244402,NULL,NULL,NULL,0,NULL,243324,'Edition'),(380826,'2011-09-21 23:00:00','2013-09-23 13:28:59','Dundee port traffic',0,'','PORT0411','','',NULL,244403,NULL,NULL,NULL,0,NULL,243324,'Edition'),(380827,'2011-09-20 23:00:00','2013-09-23 13:28:59','Felixstowe port traffic',0,'','PORT0412','','',NULL,244404,NULL,NULL,NULL,0,NULL,243324,'Edition'),(380828,'2011-09-21 23:00:00','2013-09-23 13:28:59','Fishguard port traffic',0,'','PORT0413','','',NULL,244405,NULL,NULL,NULL,0,NULL,243324,'Edition'),(380829,'2011-09-21 23:00:00','2013-09-23 13:28:59','Fleetwood port traffic',0,'','PORT0414','','',NULL,244406,NULL,NULL,NULL,0,NULL,243324,'Edition'),(380830,'2011-09-21 23:00:00','2013-09-23 13:28:59','Forth port traffic',0,'','PORT0415','','',NULL,244407,NULL,NULL,NULL,0,NULL,243324,'Edition'),(380831,'2011-09-21 23:00:00','2013-09-23 13:28:59','Fowey port traffic',0,'','PORT0416','','',NULL,244408,NULL,NULL,NULL,0,NULL,243324,'Edition'),(380832,'2011-09-21 23:00:00','2013-09-23 13:28:59','Glensanda port traffic',0,'','PORT0417','','',NULL,244409,NULL,NULL,NULL,0,NULL,243324,'Edition'),(380833,'2011-09-21 23:00:00','2013-09-23 13:28:59','Goole port traffic',0,'','PORT0418','','',NULL,244410,NULL,NULL,NULL,0,NULL,243324,'Edition'),(380834,'2011-09-21 23:00:00','2013-09-23 13:29:00','Great Yarmouth port traffic',0,'','PORT0419','','',NULL,244411,NULL,NULL,NULL,0,NULL,243324,'Edition'),(380835,'2011-09-21 23:00:00','2013-09-23 13:29:00','Grimsby and Immingham port traffic',0,'','PORT0420','','',NULL,244412,NULL,NULL,NULL,0,NULL,243324,'Edition'),(380836,'2011-09-21 23:00:00','2013-09-23 13:29:00','Harwich port traffic',0,'','PORT0421','','',NULL,244413,NULL,NULL,NULL,0,NULL,243324,'Edition'),(380837,'2011-09-21 23:00:00','2013-09-23 13:29:00','Heysham port traffic',0,'','PORT0422','','',NULL,244414,NULL,NULL,NULL,0,NULL,243324,'Edition'),(380838,'2011-09-21 23:00:00','2013-09-23 13:29:00','Holyhead port traffic',0,'','PORT0423','','',NULL,244415,NULL,NULL,NULL,0,NULL,243324,'Edition'),(380839,'2011-09-21 23:00:00','2013-09-23 13:29:00','Hull port traffic',0,'','PORT0424','','',NULL,244416,NULL,NULL,NULL,0,NULL,243324,'Edition'),(380840,'2011-09-21 23:00:00','2013-09-23 13:29:00','Ipswich port traffic',0,'','PORT0425','','',NULL,244417,NULL,NULL,NULL,0,NULL,243324,'Edition'),(380841,'2011-09-21 23:00:00','2013-09-23 13:29:00','Larne port traffic',0,'','PORT0426','','',NULL,244418,NULL,NULL,NULL,0,NULL,243324,'Edition'),(380842,'2011-09-21 23:00:00','2013-09-23 13:29:00','Liverpool port traffic',0,'','PORT0427','','',NULL,244419,NULL,NULL,NULL,0,NULL,243324,'Edition'),(380843,'2011-09-21 23:00:00','2013-09-23 13:29:00','London port traffic',0,'','PORT0428','','',NULL,244420,NULL,NULL,NULL,0,NULL,243324,'Edition'),(380844,'2011-09-21 23:00:00','2013-09-23 13:29:00','Londonderry port traffic',0,'','PORT0429','','',NULL,244421,NULL,NULL,NULL,0,NULL,243324,'Edition'),(380845,'2011-09-21 23:00:00','2013-09-23 13:29:00','Manchester port traffic',0,'','PORT0430','','',NULL,244422,NULL,NULL,NULL,0,NULL,243324,'Edition'),(380846,'2011-09-21 23:00:00','2013-09-23 13:29:00','Medway port traffic',0,'','PORT0431','','',NULL,244423,NULL,NULL,NULL,0,NULL,243324,'Edition'),(380847,'2011-09-21 23:00:00','2013-09-23 13:29:00','Milford Haven port traffic',0,'','PORT0432','','',NULL,244424,NULL,NULL,NULL,0,NULL,243324,'Edition'),(380848,'2011-09-21 23:00:00','2013-09-23 13:29:00','Newhaven port traffic',0,'','PORT0433','','',NULL,244425,NULL,NULL,NULL,0,NULL,243324,'Edition'),(380849,'2011-09-21 23:00:00','2013-09-23 13:29:00','Newport port traffic',0,'','PORT0434','','',NULL,244426,NULL,NULL,NULL,0,NULL,243324,'Edition'),(380850,'2011-09-21 23:00:00','2013-09-23 13:29:00','Orkney port traffic',0,'','PORT0435','','',NULL,244427,NULL,NULL,NULL,0,NULL,243324,'Edition'),(380851,'2011-09-21 23:00:00','2013-09-23 13:29:00','Peterhead port traffic',0,'','PORT0436','','',NULL,244428,NULL,NULL,NULL,0,NULL,243324,'Edition'),(380852,'2011-09-21 23:00:00','2013-09-23 13:29:00','Plymouth port traffic',0,'','PORT0437','','',NULL,244429,NULL,NULL,NULL,0,NULL,243324,'Edition'),(380853,'2011-09-21 23:00:00','2013-09-23 13:29:00','Poole port traffic',0,'','PORT0438','','',NULL,244430,NULL,NULL,NULL,0,NULL,243324,'Edition'),(380854,'2011-09-21 23:00:00','2013-09-23 13:29:00','Port Talbot port traffic',0,'','PORT0439','','',NULL,244431,NULL,NULL,NULL,0,NULL,243324,'Edition'),(380855,'2011-09-21 23:00:00','2013-09-23 13:29:00','Portsmouth port traffic',0,'','PORT0440','','',NULL,244432,NULL,NULL,NULL,0,NULL,243324,'Edition'),(380856,'2011-09-21 23:00:00','2013-09-23 13:29:00','Ramsgate port traffic',0,'','PORT0441','','',NULL,244433,NULL,NULL,NULL,0,NULL,243324,'Edition'),(380857,'2011-09-21 23:00:00','2013-09-23 13:29:01','Rivers Hull and Humber port traffic',0,'','PORT0442','','',NULL,244434,NULL,NULL,NULL,0,NULL,243324,'Edition'),(380858,'2011-09-21 23:00:00','2013-09-23 13:29:01','River Trent port traffic',0,'','PORT0443','','',NULL,244435,NULL,NULL,NULL,0,NULL,243324,'Edition'),(380859,'2011-09-21 23:00:00','2013-09-23 13:29:01','Shoreham port traffic',0,'','PORT0444','','',NULL,244436,NULL,NULL,NULL,0,NULL,243324,'Edition'),(380860,'2011-09-21 23:00:00','2013-09-23 13:29:01','Southampton port traffic',0,'','PORT0445','','',NULL,244437,NULL,NULL,NULL,0,NULL,243324,'Edition'),(380861,'2011-09-21 23:00:00','2013-09-23 13:29:01','Stranraer port traffic',0,'','PORT0446','','',NULL,244438,NULL,NULL,NULL,0,NULL,243324,'Edition'),(380862,'2011-09-21 23:00:00','2013-09-23 13:29:01','Sullom Voe port traffic',0,'','PORT0447','','',NULL,244439,NULL,NULL,NULL,0,NULL,243324,'Edition'),(380863,'2011-09-21 23:00:00','2013-09-23 13:29:01','Sunderland port traffic',0,'','PORT0448','','',NULL,244440,NULL,NULL,NULL,0,NULL,243324,'Edition'),(380864,'2011-09-21 23:00:00','2013-09-23 13:29:01','Swansea port traffic',0,'','PORT0449','','',NULL,244441,NULL,NULL,NULL,0,NULL,243324,'Edition'),(380865,'2011-09-21 23:00:00','2013-09-23 13:29:01','Tees and Hartlepool port traffic',0,'','PORT0450','','',NULL,244442,NULL,NULL,NULL,0,NULL,243324,'Edition'),(380866,'2011-09-21 23:00:00','2013-09-23 13:29:01','Tyne port traffic',0,'','PORT0451','','',NULL,244443,NULL,NULL,NULL,0,NULL,243324,'Edition'),(380867,'2011-09-21 23:00:00','2013-09-23 13:29:01','Warrenpoint port traffic',0,'','PORT0452','','',NULL,244444,NULL,NULL,NULL,0,NULL,243324,'Edition'),(380868,'2011-09-21 23:00:00','2013-09-23 13:29:01','UK major port traffic, port level downloadable dataset, tonnage',0,'','PORT0498','','',NULL,244445,NULL,NULL,NULL,0,NULL,243324,'Edition'),(380869,'2011-09-21 23:00:00','2013-09-23 13:29:01','UK major port traffic, port level downloadable dataset, units',0,'','PORT0499','','',NULL,244446,NULL,NULL,NULL,0,NULL,243324,'Edition'),(384551,'2011-09-21 23:00:00','2013-09-23 13:29:01','Aberdeen port traffic',0,'','PORT0401','','',NULL,244447,NULL,NULL,NULL,0,NULL,244489,'Edition'),(384552,'2011-09-21 23:00:00','2013-09-23 13:29:01','Ballylumford port traffic',0,'','PORT0402','','',NULL,244448,NULL,NULL,NULL,0,NULL,244489,'Edition'),(384553,'2011-09-21 23:00:00','2013-09-23 13:29:02','Belfast port traffic',0,'','PORT0403','','',NULL,244449,NULL,NULL,NULL,0,NULL,244489,'Edition'),(384554,'2011-09-21 23:00:00','2013-09-23 13:28:58','Boston port traffic',0,'','PORT0404','','',NULL,244396,NULL,NULL,NULL,0,NULL,244489,'Edition'),(384555,'2011-09-21 23:00:00','2013-09-23 13:28:59','Bristol port traffic',0,'','PORT0405','','',NULL,244397,NULL,NULL,NULL,0,NULL,244489,'Edition'),(384556,'2011-09-21 23:00:00','2013-09-23 13:28:59','Cairnryan port traffic',0,'','PORT0406','','',NULL,244398,NULL,NULL,NULL,0,NULL,244489,'Edition'),(384557,'2011-09-21 23:00:00','2013-09-23 13:28:59','Cardiff port traffic',0,'','PORT0407','','',NULL,244399,NULL,NULL,NULL,0,NULL,244489,'Edition'),(384558,'2011-09-21 23:00:00','2013-09-23 13:28:59','Clyde port traffic',0,'','PORT0408','','',NULL,244400,NULL,NULL,NULL,0,NULL,244489,'Edition'),(384559,'2011-09-21 23:00:00','2013-09-23 13:28:59','Cromarty Firth port traffic',0,'','PORT0409','','',NULL,244401,NULL,NULL,NULL,0,NULL,244489,'Edition'),(384560,'2011-09-21 23:00:00','2013-09-23 13:28:59','Dover port traffic',0,'','PORT0410','','',NULL,244402,NULL,NULL,NULL,0,NULL,244489,'Edition'),(384561,'2011-09-21 23:00:00','2013-09-23 13:28:59','Dundee port traffic',0,'','PORT0411','','',NULL,244403,NULL,NULL,NULL,0,NULL,244489,'Edition'),(384562,'2011-09-20 23:00:00','2013-09-23 13:28:59','Felixstowe port traffic',0,'','PORT0412','','',NULL,244404,NULL,NULL,NULL,0,NULL,244489,'Edition'),(384563,'2011-09-21 23:00:00','2013-09-23 13:28:59','Fishguard port traffic',0,'','PORT0413','','',NULL,244405,NULL,NULL,NULL,0,NULL,244489,'Edition'),(384564,'2011-09-21 23:00:00','2013-09-23 13:28:59','Fleetwood port traffic',0,'','PORT0414','','',NULL,244406,NULL,NULL,NULL,0,NULL,244489,'Edition'),(384565,'2011-09-21 23:00:00','2013-09-23 13:28:59','Forth port traffic',0,'','PORT0415','','',NULL,244407,NULL,NULL,NULL,0,NULL,244489,'Edition'),(384566,'2011-09-21 23:00:00','2013-09-23 13:28:59','Fowey port traffic',0,'','PORT0416','','',NULL,244408,NULL,NULL,NULL,0,NULL,244489,'Edition'),(384567,'2011-09-21 23:00:00','2013-09-23 13:28:59','Glensanda port traffic',0,'','PORT0417','','',NULL,244409,NULL,NULL,NULL,0,NULL,244489,'Edition'),(384568,'2011-09-21 23:00:00','2013-09-23 13:28:59','Goole port traffic',0,'','PORT0418','','',NULL,244410,NULL,NULL,NULL,0,NULL,244489,'Edition'),(384569,'2011-09-21 23:00:00','2013-09-23 13:29:00','Great Yarmouth port traffic',0,'','PORT0419','','',NULL,244411,NULL,NULL,NULL,0,NULL,244489,'Edition'),(384570,'2011-09-21 23:00:00','2013-09-23 13:29:00','Grimsby and Immingham port traffic',0,'','PORT0420','','',NULL,244412,NULL,NULL,NULL,0,NULL,244489,'Edition'),(384571,'2011-09-21 23:00:00','2013-09-23 13:29:00','Harwich port traffic',0,'','PORT0421','','',NULL,244413,NULL,NULL,NULL,0,NULL,244489,'Edition'),(384572,'2011-09-21 23:00:00','2013-09-23 13:29:00','Heysham port traffic',0,'','PORT0422','','',NULL,244414,NULL,NULL,NULL,0,NULL,244489,'Edition'),(384573,'2011-09-21 23:00:00','2013-09-23 13:29:00','Holyhead port traffic',0,'','PORT0423','','',NULL,244415,NULL,NULL,NULL,0,NULL,244489,'Edition'),(384574,'2011-09-21 23:00:00','2013-09-23 13:29:00','Hull port traffic',0,'','PORT0424','','',NULL,244416,NULL,NULL,NULL,0,NULL,244489,'Edition'),(384575,'2011-09-21 23:00:00','2013-09-23 13:29:00','Ipswich port traffic',0,'','PORT0425','','',NULL,244417,NULL,NULL,NULL,0,NULL,244489,'Edition'),(384576,'2011-09-21 23:00:00','2013-09-23 13:29:00','Larne port traffic',0,'','PORT0426','','',NULL,244418,NULL,NULL,NULL,0,NULL,244489,'Edition'),(384577,'2011-09-21 23:00:00','2013-09-23 13:29:00','Liverpool port traffic',0,'','PORT0427','','',NULL,244419,NULL,NULL,NULL,0,NULL,244489,'Edition'),(384578,'2011-09-21 23:00:00','2013-09-23 13:29:00','London port traffic',0,'','PORT0428','','',NULL,244420,NULL,NULL,NULL,0,NULL,244489,'Edition'),(384579,'2011-09-21 23:00:00','2013-09-23 13:29:00','Londonderry port traffic',0,'','PORT0429','','',NULL,244421,NULL,NULL,NULL,0,NULL,244489,'Edition'),(384580,'2011-09-21 23:00:00','2013-09-23 13:29:00','Manchester port traffic',0,'','PORT0430','','',NULL,244422,NULL,NULL,NULL,0,NULL,244489,'Edition'),(384581,'2011-09-21 23:00:00','2013-09-23 13:29:00','Medway port traffic',0,'','PORT0431','','',NULL,244423,NULL,NULL,NULL,0,NULL,244489,'Edition'),(384582,'2011-09-21 23:00:00','2013-09-23 13:29:00','Milford Haven port traffic',0,'','PORT0432','','',NULL,244424,NULL,NULL,NULL,0,NULL,244489,'Edition'),(384583,'2011-09-21 23:00:00','2013-09-23 13:29:00','Newhaven port traffic',0,'','PORT0433','','',NULL,244425,NULL,NULL,NULL,0,NULL,244489,'Edition'),(384584,'2011-09-21 23:00:00','2013-09-23 13:29:00','Newport port traffic',0,'','PORT0434','','',NULL,244426,NULL,NULL,NULL,0,NULL,244489,'Edition'),(384585,'2011-09-21 23:00:00','2013-09-23 13:29:00','Orkney port traffic',0,'','PORT0435','','',NULL,244427,NULL,NULL,NULL,0,NULL,244489,'Edition'),(384586,'2011-09-21 23:00:00','2013-09-23 13:29:00','Peterhead port traffic',0,'','PORT0436','','',NULL,244428,NULL,NULL,NULL,0,NULL,244489,'Edition'),(384587,'2011-09-21 23:00:00','2013-09-23 13:29:00','Plymouth port traffic',0,'','PORT0437','','',NULL,244429,NULL,NULL,NULL,0,NULL,244489,'Edition'),(384588,'2011-09-21 23:00:00','2013-09-23 13:29:00','Poole port traffic',0,'','PORT0438','','',NULL,244430,NULL,NULL,NULL,0,NULL,244489,'Edition'),(384589,'2011-09-21 23:00:00','2013-09-23 13:29:00','Port Talbot port traffic',0,'','PORT0439','','',NULL,244431,NULL,NULL,NULL,0,NULL,244489,'Edition'),(384590,'2011-09-21 23:00:00','2013-09-23 13:29:00','Portsmouth port traffic',0,'','PORT0440','','',NULL,244432,NULL,NULL,NULL,0,NULL,244489,'Edition'),(384591,'2011-09-21 23:00:00','2013-09-23 13:29:00','Ramsgate port traffic',0,'','PORT0441','','',NULL,244433,NULL,NULL,NULL,0,NULL,244489,'Edition'),(384592,'2011-09-21 23:00:00','2013-09-23 13:29:01','Rivers Hull and Humber port traffic',0,'','PORT0442','','',NULL,244434,NULL,NULL,NULL,0,NULL,244489,'Edition'),(384593,'2011-09-21 23:00:00','2013-09-23 13:29:01','River Trent port traffic',0,'','PORT0443','','',NULL,244435,NULL,NULL,NULL,0,NULL,244489,'Edition'),(384594,'2011-09-21 23:00:00','2013-09-23 13:29:01','Shoreham port traffic',0,'','PORT0444','','',NULL,244436,NULL,NULL,NULL,0,NULL,244489,'Edition'),(384595,'2011-09-21 23:00:00','2013-09-23 13:29:01','Southampton port traffic',0,'','PORT0445','','',NULL,244437,NULL,NULL,NULL,0,NULL,244489,'Edition'),(384596,'2011-09-21 23:00:00','2013-09-23 13:29:01','Stranraer port traffic',0,'','PORT0446','','',NULL,244438,NULL,NULL,NULL,0,NULL,244489,'Edition'),(384597,'2011-09-21 23:00:00','2013-09-23 13:29:01','Sullom Voe port traffic',0,'','PORT0447','','',NULL,244439,NULL,NULL,NULL,0,NULL,244489,'Edition'),(384598,'2011-09-21 23:00:00','2013-09-23 13:29:01','Sunderland port traffic',0,'','PORT0448','','',NULL,244440,NULL,NULL,NULL,0,NULL,244489,'Edition'),(384599,'2011-09-21 23:00:00','2013-09-23 13:29:01','Swansea port traffic',0,'','PORT0449','','',NULL,244441,NULL,NULL,NULL,0,NULL,244489,'Edition'),(384600,'2011-09-21 23:00:00','2013-09-23 13:29:01','Tees and Hartlepool port traffic',0,'','PORT0450','','',NULL,244442,NULL,NULL,NULL,0,NULL,244489,'Edition'),(384601,'2011-09-21 23:00:00','2013-09-23 13:29:01','Tyne port traffic',0,'','PORT0451','','',NULL,244443,NULL,NULL,NULL,0,NULL,244489,'Edition'),(384602,'2011-09-21 23:00:00','2013-09-23 13:29:01','Warrenpoint port traffic',0,'','PORT0452','','',NULL,244444,NULL,NULL,NULL,0,NULL,244489,'Edition'),(384603,'2011-09-21 23:00:00','2013-09-23 13:29:01','UK major port traffic, port level downloadable dataset, tonnage',0,'','PORT0498','','',NULL,244445,NULL,NULL,NULL,0,NULL,244489,'Edition'),(384604,'2011-09-21 23:00:00','2013-09-27 14:00:15','UK major port traffic, port level downloadable dataset, unitised traffic',0,'','PORT0499','','',NULL,245399,NULL,NULL,NULL,0,NULL,244489,'Edition');
/*!40000 ALTER TABLE `old_attachments` ENABLE KEYS */;
UNLOCK TABLES;

--
-- Dumping data for table `attachment_data`
--

LOCK TABLES `attachment_data` WRITE;
/*!40000 ALTER TABLE `attachment_data` DISABLE KEYS */;
INSERT INTO `attachment_data` (`id`, `carrierwave_file`, `content_type`, `file_size`, `number_of_pages`, `created_at`, `updated_at`, `replaced_by_id`) VALUES (10040,'port0401.xls','application/vnd.ms-excel',57344,NULL,'2012-11-09 17:06:46','2012-11-09 17:06:46',244447),(10041,'port0402.xls','application/vnd.ms-excel',56320,NULL,'2012-11-09 17:06:46','2012-11-09 17:06:46',244448),(10042,'port0403.xls','application/vnd.ms-excel',57344,NULL,'2012-11-09 17:06:46','2012-11-09 17:06:46',244449),(10043,'port0404.xls','application/vnd.ms-excel',56320,NULL,'2012-11-09 17:06:46','2012-11-09 17:06:46',244396),(10044,'port0405.xls','application/vnd.ms-excel',65024,NULL,'2012-11-09 17:06:46','2012-11-09 17:06:46',244397),(10045,'port0406.xls','application/vnd.ms-excel',56320,NULL,'2012-11-09 17:06:46','2012-11-09 17:06:46',244398),(10046,'port0407.xls','application/vnd.ms-excel',56832,NULL,'2012-11-09 17:06:46','2012-11-09 17:06:46',244399),(10047,'port0408.xls','application/vnd.ms-excel',56832,NULL,'2012-11-09 17:06:46','2012-11-09 17:06:46',244400),(10048,'port0409.xls','application/vnd.ms-excel',56320,NULL,'2012-11-09 17:06:46','2012-11-09 17:06:46',244401),(10049,'port0410.xls','application/vnd.ms-excel',56320,NULL,'2012-11-09 17:06:46','2012-11-09 17:06:46',244402),(10050,'port0411.xls','application/vnd.ms-excel',56320,NULL,'2012-11-09 17:06:46','2012-11-09 17:06:46',244403),(10051,'port0412.xls','application/vnd.ms-excel',56832,NULL,'2012-11-09 17:06:46','2012-11-09 17:06:46',244404),(10052,'port0413.xls','application/vnd.ms-excel',55808,NULL,'2012-11-09 17:06:46','2012-11-09 17:06:46',244405),(10053,'port0414.xls','application/vnd.ms-excel',55808,NULL,'2012-11-09 17:06:46','2012-11-09 17:06:46',244406),(10054,'port0415.xls','application/vnd.ms-excel',57856,NULL,'2012-11-09 17:06:46','2012-11-09 17:06:46',244407),(10055,'port0416.xls','application/vnd.ms-excel',55808,NULL,'2012-11-09 17:06:46','2012-11-09 17:06:46',244408),(10056,'port0417.xls','application/vnd.ms-excel',55808,NULL,'2012-11-09 17:06:46','2012-11-09 17:06:46',244409),(10057,'port0418.xls','application/vnd.ms-excel',56320,NULL,'2012-11-09 17:06:46','2012-11-09 17:06:46',244410),(10058,'port0419.xls','application/vnd.ms-excel',56320,NULL,'2012-11-09 17:06:46','2012-11-09 17:06:46',244411),(10059,'port0420.xls','application/vnd.ms-excel',57344,NULL,'2012-11-09 17:06:46','2012-11-09 17:06:46',244412),(10060,'port0421.xls','application/vnd.ms-excel',56832,NULL,'2012-11-09 17:06:46','2012-11-09 17:06:46',244413),(10061,'port0422.xls','application/vnd.ms-excel',56320,NULL,'2012-11-09 17:06:46','2012-11-09 17:06:46',244414),(10062,'port0423.xls','application/vnd.ms-excel',56320,NULL,'2012-11-09 17:06:46','2012-11-09 17:06:46',244415),(10063,'port0424.xls','application/vnd.ms-excel',56832,NULL,'2012-11-09 17:06:46','2012-11-09 17:06:46',244416),(10064,'port0425.xls','application/vnd.ms-excel',56832,NULL,'2012-11-09 17:06:46','2012-11-09 17:06:46',244417),(10065,'port0426.xls','application/vnd.ms-excel',56320,NULL,'2012-11-09 17:06:46','2012-11-09 17:06:46',244418),(10066,'port0427.xls','application/vnd.ms-excel',57856,NULL,'2012-11-09 17:06:46','2012-11-09 17:06:46',244419),(10067,'port0428.xls','application/vnd.ms-excel',57344,NULL,'2012-11-09 17:06:46','2012-11-09 17:06:46',244420),(10068,'port0429.xls','application/vnd.ms-excel',56320,NULL,'2012-11-09 17:06:46','2012-11-09 17:06:46',244421),(10069,'port0430.xls','application/vnd.ms-excel',56320,NULL,'2012-11-09 17:06:46','2012-11-09 17:06:46',244422),(10070,'port0431.xls','application/vnd.ms-excel',55296,NULL,'2012-11-09 17:06:46','2012-11-09 17:06:46',244423),(10071,'port0432.xls','application/vnd.ms-excel',56832,NULL,'2012-11-09 17:06:46','2012-11-09 17:06:46',244424),(10072,'port0433.xls','application/vnd.ms-excel',56320,NULL,'2012-11-09 17:06:46','2012-11-09 17:06:46',244425),(10073,'port0434.xls','application/vnd.ms-excel',55808,NULL,'2012-11-09 17:06:46','2012-11-09 17:06:46',244426),(10074,'port0435.xls','application/vnd.ms-excel',56832,NULL,'2012-11-09 17:06:46','2012-11-09 17:06:46',244427),(10075,'port0436.xls','application/vnd.ms-excel',56832,NULL,'2012-11-09 17:06:46','2012-11-09 17:06:46',244428),(10076,'port0437.xls','application/vnd.ms-excel',56320,NULL,'2012-11-09 17:06:46','2012-11-09 17:06:46',244429),(10077,'port0438.xls','application/vnd.ms-excel',56320,NULL,'2012-11-09 17:06:46','2012-11-09 17:06:46',244430),(10078,'port0439.xls','application/vnd.ms-excel',55808,NULL,'2012-11-09 17:06:46','2012-11-09 17:06:46',244431),(10079,'port0440.xls','application/vnd.ms-excel',56832,NULL,'2012-11-09 17:06:46','2012-11-09 17:06:46',244432),(10080,'port0441.xls','application/vnd.ms-excel',56320,NULL,'2012-11-09 17:06:46','2012-11-09 17:06:46',244433),(10081,'port0442.xls','application/vnd.ms-excel',56320,NULL,'2012-11-09 17:06:46','2012-11-09 17:06:46',244434),(10082,'port0443.xls','application/vnd.ms-excel',56320,NULL,'2012-11-09 17:06:47','2012-11-09 17:06:47',244435),(10083,'port0444.xls','application/vnd.ms-excel',55808,NULL,'2012-11-09 17:06:47','2012-11-09 17:06:47',244436),(10084,'port0445.xls','application/vnd.ms-excel',57344,NULL,'2012-11-09 17:06:47','2012-11-09 17:06:47',244437),(10085,'port0446.xls','application/vnd.ms-excel',52736,NULL,'2012-11-09 17:06:47','2012-11-09 17:06:47',244438),(10086,'port0447.xls','application/vnd.ms-excel',56320,NULL,'2012-11-09 17:06:47','2012-11-09 17:06:47',244439),(10087,'port0448.xls','application/vnd.ms-excel',56320,NULL,'2012-11-09 17:06:47','2012-11-09 17:06:47',244440),(10088,'port0449.xls','application/vnd.ms-excel',56320,NULL,'2012-11-09 17:06:47','2012-11-09 17:06:47',244441),(10089,'port0450.xls','application/vnd.ms-excel',57344,NULL,'2012-11-09 17:06:47','2012-11-09 17:06:47',244442),(10090,'port0451.xls','application/vnd.ms-excel',57344,NULL,'2012-11-09 17:06:47','2012-11-09 17:06:47',244443),(10091,'port0452.xls','application/vnd.ms-excel',56832,NULL,'2012-11-09 17:06:47','2012-11-09 17:06:47',244444),(10092,'port0498.xls','application/vnd.ms-excel',5712384,NULL,'2012-11-09 17:06:47','2012-11-09 17:06:47',244445),(10093,'port0499.xls','application/vnd.ms-excel',5183488,NULL,'2012-11-09 17:06:47','2012-11-09 17:06:47',245399),(244396,'port0404.xls','application/vnd.ms-excel',32768,NULL,'2013-09-23 13:28:58','2013-09-23 13:28:58',NULL),(244397,'port0405.xls','application/vnd.ms-excel',31744,NULL,'2013-09-23 13:28:59','2013-09-23 13:28:59',NULL),(244398,'port0406.xls','application/vnd.ms-excel',31232,NULL,'2013-09-23 13:28:59','2013-09-23 13:28:59',NULL),(244399,'port0407.xls','application/vnd.ms-excel',32256,NULL,'2013-09-23 13:28:59','2013-09-23 13:28:59',NULL),(244400,'port0408.xls','application/vnd.ms-excel',32256,NULL,'2013-09-23 13:28:59','2013-09-23 13:28:59',NULL),(244401,'port0409.xls','application/vnd.ms-excel',31232,NULL,'2013-09-23 13:28:59','2013-09-23 13:28:59',NULL),(244402,'port0410.xls','application/vnd.ms-excel',32256,NULL,'2013-09-23 13:28:59','2013-09-23 13:28:59',NULL),(244403,'port0411.xls','application/vnd.ms-excel',31232,NULL,'2013-09-23 13:28:59','2013-09-23 13:28:59',NULL),(244404,'port0412.xls','application/vnd.ms-excel',31744,NULL,'2013-09-23 13:28:59','2013-09-23 13:28:59',NULL),(244405,'port0413.xls','application/vnd.ms-excel',32768,NULL,'2013-09-23 13:28:59','2013-09-23 13:28:59',NULL),(244406,'port0414.xls','application/vnd.ms-excel',31232,NULL,'2013-09-23 13:28:59','2013-09-23 13:28:59',NULL),(244407,'port0415.xls','application/vnd.ms-excel',32256,NULL,'2013-09-23 13:28:59','2013-09-23 13:28:59',NULL),(244408,'port0416.xls','application/vnd.ms-excel',32256,NULL,'2013-09-23 13:28:59','2013-09-23 13:28:59',NULL),(244409,'port0417.xls','application/vnd.ms-excel',31744,NULL,'2013-09-23 13:28:59','2013-09-23 13:28:59',NULL),(244410,'port0418.xls','application/vnd.ms-excel',32256,NULL,'2013-09-23 13:28:59','2013-09-23 13:28:59',NULL),(244411,'port0419.xls','application/vnd.ms-excel',31232,NULL,'2013-09-23 13:29:00','2013-09-23 13:29:00',NULL),(244412,'port0420.xls','application/vnd.ms-excel',31232,NULL,'2013-09-23 13:29:00','2013-09-23 13:29:00',NULL),(244413,'port0421.xls','application/vnd.ms-excel',31232,NULL,'2013-09-23 13:29:00','2013-09-23 13:29:00',NULL),(244414,'port0422.xls','application/vnd.ms-excel',31744,NULL,'2013-09-23 13:29:00','2013-09-23 13:29:00',NULL),(244415,'port0423.xls','application/vnd.ms-excel',31232,NULL,'2013-09-23 13:29:00','2013-09-23 13:29:00',NULL),(244416,'port0424.xls','application/vnd.ms-excel',31232,NULL,'2013-09-23 13:29:00','2013-09-23 13:29:00',NULL),(244417,'port0425.xls','application/vnd.ms-excel',32256,NULL,'2013-09-23 13:29:00','2013-09-23 13:29:00',NULL),(244418,'port0426.xls','application/vnd.ms-excel',31232,NULL,'2013-09-23 13:29:00','2013-09-23 13:29:00',NULL),(244419,'port0427.xls','application/vnd.ms-excel',31232,NULL,'2013-09-23 13:29:00','2013-09-23 13:29:00',NULL),(244420,'port0428.xls','application/vnd.ms-excel',31232,NULL,'2013-09-23 13:29:00','2013-09-23 13:29:00',NULL),(244421,'port0429.xls','application/vnd.ms-excel',32256,NULL,'2013-09-23 13:29:00','2013-09-23 13:29:00',NULL),(244422,'port0430.xls','application/vnd.ms-excel',31744,NULL,'2013-09-23 13:29:00','2013-09-23 13:29:00',NULL),(244423,'port0431.xls','application/vnd.ms-excel',31232,NULL,'2013-09-23 13:29:00','2013-09-23 13:29:00',NULL),(244424,'port0432.xls','application/vnd.ms-excel',31744,NULL,'2013-09-23 13:29:00','2013-09-23 13:29:00',NULL),(244425,'port0433.xls','application/vnd.ms-excel',31744,NULL,'2013-09-23 13:29:00','2013-09-23 13:29:00',NULL),(244426,'port0434.xls','application/vnd.ms-excel',31744,NULL,'2013-09-23 13:29:00','2013-09-23 13:29:00',NULL),(244427,'port0435.xls','application/vnd.ms-excel',31232,NULL,'2013-09-23 13:29:00','2013-09-23 13:29:00',NULL),(244428,'port0436.xls','application/vnd.ms-excel',32256,NULL,'2013-09-23 13:29:00','2013-09-23 13:29:00',NULL),(244429,'port0437.xls','application/vnd.ms-excel',31232,NULL,'2013-09-23 13:29:00','2013-09-23 13:29:00',NULL),(244430,'port0438.xls','application/vnd.ms-excel',31232,NULL,'2013-09-23 13:29:00','2013-09-23 13:29:00',NULL),(244431,'port0439.xls','application/vnd.ms-excel',32256,NULL,'2013-09-23 13:29:00','2013-09-23 13:29:00',NULL),(244432,'port0440.xls','application/vnd.ms-excel',31232,NULL,'2013-09-23 13:29:00','2013-09-23 13:29:00',NULL),(244433,'port0441.xls','application/vnd.ms-excel',29184,NULL,'2013-09-23 13:29:00','2013-09-23 13:29:00',NULL),(244434,'port0442.xls','application/vnd.ms-excel',30208,NULL,'2013-09-23 13:29:01','2013-09-23 13:29:01',NULL),(244435,'port0443.xls','application/vnd.ms-excel',30208,NULL,'2013-09-23 13:29:01','2013-09-23 13:29:01',NULL),(244436,'port0444.xls','application/vnd.ms-excel',29696,NULL,'2013-09-23 13:29:01','2013-09-23 13:29:01',NULL),(244437,'port0445.xls','application/vnd.ms-excel',28672,NULL,'2013-09-23 13:29:01','2013-09-23 13:29:01',NULL),(244438,'port0446.xls','application/vnd.ms-excel',29184,NULL,'2013-09-23 13:29:01','2013-09-23 13:29:01',NULL),(244439,'port0447.xls','application/vnd.ms-excel',30208,NULL,'2013-09-23 13:29:01','2013-09-23 13:29:01',NULL),(244440,'port0448.xls','application/vnd.ms-excel',29184,NULL,'2013-09-23 13:29:01','2013-09-23 13:29:01',NULL),(244441,'port0449.xls','application/vnd.ms-excel',28672,NULL,'2013-09-23 13:29:01','2013-09-23 13:29:01',NULL),(244442,'port0450.xls','application/vnd.ms-excel',51200,NULL,'2013-09-23 13:29:01','2013-09-23 13:29:01',NULL),(244443,'port0451.xls','application/vnd.ms-excel',28672,NULL,'2013-09-23 13:29:01','2013-09-23 13:29:01',NULL),(244444,'port0452.xls','application/vnd.ms-excel',28672,NULL,'2013-09-23 13:29:01','2013-09-23 13:29:01',NULL),(244445,'port0498.xls','application/vnd.ms-excel',6083584,NULL,'2013-09-23 13:29:01','2013-09-23 13:29:01',NULL),(244446,'port0499.xls','application/vnd.ms-excel',5314560,NULL,'2013-09-23 13:29:01','2013-09-23 13:29:01',245399),(244447,'port0401.xls','application/vnd.ms-excel',31744,NULL,'2013-09-23 13:29:01','2013-09-23 13:29:01',NULL),(244448,'port0402.xls','application/vnd.ms-excel',31232,NULL,'2013-09-23 13:29:01','2013-09-23 13:29:01',NULL),(244449,'port0403.xls','application/vnd.ms-excel',32256,NULL,'2013-09-23 13:29:02','2013-09-23 13:29:02',NULL),(245399,'port0499.xls','application/vnd.ms-excel',5525504,NULL,'2013-09-27 14:00:14','2013-09-27 14:00:14',NULL);
/*!40000 ALTER TABLE `attachment_data` ENABLE KEYS */;
UNLOCK TABLES;
/*!40103 SET TIME_ZONE=@OLD_TIME_ZONE */;

/*!40101 SET SQL_MODE=@OLD_SQL_MODE */;
/*!40014 SET FOREIGN_KEY_CHECKS=@OLD_FOREIGN_KEY_CHECKS */;
/*!40014 SET UNIQUE_CHECKS=@OLD_UNIQUE_CHECKS */;
/*!40101 SET CHARACTER_SET_CLIENT=@OLD_CHARACTER_SET_CLIENT */;
/*!40101 SET CHARACTER_SET_RESULTS=@OLD_CHARACTER_SET_RESULTS */;
/*!40101 SET COLLATION_CONNECTION=@OLD_COLLATION_CONNECTION */;
/*!40111 SET SQL_NOTES=@OLD_SQL_NOTES */;

-- Dump completed on 2013-10-21 10:41:47
