638305,c5be8d4e-604e-4715-af12-a32adbb35c4e,5a756162ed915d6faf2b289e
638305,c5be8d4e-604e-4715-af12-a32adbb35c4e,5a756162ed915d731495983b
638314,98d6eadb-e9c4-48b7-8df7-ace5574b7419,5a822f7fed915d74e3402304
638314,98d6eadb-e9c4-48b7-8df7-ace5574b7419,5a822f81e5274a2e87dc1977
638310,a7fec300-5086-424a-9467-5a1a3f3fdca6,5a81ecf5e5274a2e8ab5691e
638310,a7fec300-5086-424a-9467-5a1a3f3fdca6,5a81ecf3e5274a2e8ab5691d
638309,d452cbfb-0ca4-4b28-8e54-d90bbd36d4aa,5a749068ed915d0e8bf1951d
638309,d452cbfb-0ca4-4b28-8e54-d90bbd36d4aa,5a749068e5274a410efd09b1
638307,ef7fc38f-1965-46c1-94af-5b9c5c784dc5,5a82018fe5274a2e87dc0a63
638307,ef7fc38f-1965-46c1-94af-5b9c5c784dc5,5a82018e40f0b62305b91fa6
705526,60d2ae18-2089-4eb3-9a06-01712706594f,5af29b8f40f0b642dfffd9b2
706069,ff0fc1cc-079d-4353-88dc-efa5397960ea,5af437d6e5274a25de493083
698178,6c6c6b73-fd86-475c-98c4-e69c52156376,5acb5864e5274a7f23b82163
700185,4fd7b380-9aa6-4ec0-8b07-be82e4bcc5ff,5ad4acfc40f0b617dca713b2
700185,4fd7b380-9aa6-4ec0-8b07-be82e4bcc5ff,5ad4acfce5274a76c13dfb2a
702949,bd322c5c-dbfd-46f0-bb22-7b2c3ecdaa4f,5ae1b37040f0b60aa2374ec1
702949,bd322c5c-dbfd-46f0-bb22-7b2c3ecdaa4f,5ae1b370ed915d0ba9289652
701440,37641b6e-01ce-4fe6-96cb-59b880fdb4f3,5ad9dd62ed915d32a65dc028
701440,37641b6e-01ce-4fe6-96cb-59b880fdb4f3,5ad9dd62ed915d32a3a70ff3
780095,c2efd9cf-aeaa-44d5-ab3a-60dfbb54a36d,5c6d1e3fe5274a72bc452419
780095,c2efd9cf-aeaa-44d5-ab3a-60dfbb54a36d,5c6d1e3f40f0b647aa1b6e89
743043,09ea46b7-f899-4751-a3f7-5e08e09aa384,5baa149340f0b606568f6dae
743043,09ea46b7-f899-4751-a3f7-5e08e09aa384,5baa1493ed915d2be7453877
749503,0cfa93bd-c3be-4294-afdf-48db64b390f3,5bc87d93ed915d2c06e80a6d
749503,0cfa93bd-c3be-4294-afdf-48db64b390f3,5bc87d9340f0b61c7e6cfe99
749504,8e698860-98e1-450b-8bb3-0665fc6375cb,5bc87d93ed915d2c01488b85
749504,8e698860-98e1-450b-8bb3-0665fc6375cb,5bc87d93e5274a09393ead3b
749505,cd05f6e2-a263-4b2b-b7e2-377cc5ae9a54,5bc87d9340f0b61c97691413
749505,cd05f6e2-a263-4b2b-b7e2-377cc5ae9a54,5bc87d93e5274a0933c596df
749506,c32974b9-d7b4-4f21-92c0-ee3b27139644,5bc87d93ed915d2c01488b86
749506,c32974b9-d7b4-4f21-92c0-ee3b27139644,5bc87d93ed915d2bfb298e9c
749507,2fd734bd-4c69-4bd2-9599-7ceae0f02fe9,5bc87d9340f0b61c97691414
749507,2fd734bd-4c69-4bd2-9599-7ceae0f02fe9,5bc87d93e5274a094a75bc64
749508,374e73ef-65a1-4ed5-bf77-5906fe158686,5bc87d93ed915d2c15179690
749508,374e73ef-65a1-4ed5-bf77-5906fe158686,5bc87d9340f0b61ca2dd1610
749509,0daf7fdc-62c9-46e0-9e5f-cbf5d38c1bbf,5bc87d93e5274a09360372b2
749509,0daf7fdc-62c9-46e0-9e5f-cbf5d38c1bbf,5bc87d9340f0b61c85645d5f
750792,e3daaab5-f7b5-412b-bc0d-ecb7993cae8d,5bcf309fed915d789dcd6368
750792,e3daaab5-f7b5-412b-bc0d-ecb7993cae8d,5bcf309fe5274a6e287715c2
750793,1c936d5b-cb9c-4bae-97a9-ff1459e86e33,5bcf30af40f0b604c46bec4f
750793,1c936d5b-cb9c-4bae-97a9-ff1459e86e33,5bcf30afed915d78c4c8a26d
750794,8ad666b8-15f4-44d4-bb1b-28c935417975,5bcf30c3e5274a6e1d97e9c2
750794,8ad666b8-15f4-44d4-bb1b-28c935417975,5bcf30c340f0b60518c5f573
750795,f2cf6925-1049-49aa-a3bf-12b37b22bbd0,5bcf30d5e5274a6e2c6e419e
750795,f2cf6925-1049-49aa-a3bf-12b37b22bbd0,5bcf30d540f0b604ecadf6f1
750796,f1890649-ca94-469c-a9bd-9cd72bd57478,5bcf30ebed915d78aaef7e09
750796,f1890649-ca94-469c-a9bd-9cd72bd57478,5bcf30ebe5274a6e287715c3
750797,9e019213-a88b-4911-b1b8-079df1ea20b4,5bcf3102ed915d789b4c1629
750797,9e019213-a88b-4911-b1b8-079df1ea20b4,5bcf3102ed915d78a750625f
750799,e8140946-2394-41ab-994f-fd60607872a6,5bcf311340f0b604bd0ba4d9
750799,e8140946-2394-41ab-994f-fd60607872a6,5bcf3113ed915d789547434b
750800,2b30c00e-7671-4a9f-9bbc-41864bf8ecb1,5bcf3123ed915d78be6ded59
750800,2b30c00e-7671-4a9f-9bbc-41864bf8ecb1,5bcf312340f0b604ce5c9c75
750801,e787a760-7426-42e1-8b00-d84b72dcfcd8,5bcf3134ed915d788c99f178
750801,e787a760-7426-42e1-8b00-d84b72dcfcd8,5bcf313440f0b604d37fa7ac
750802,35de76b8-39f9-4c78-a87f-4137cf582b38,5bcf314240f0b604e0b781cb
750802,35de76b8-39f9-4c78-a87f-4137cf582b38,5bcf3142e5274a6e2fc98b63
750803,66149c94-bb2a-40a4-b8b1-7800fe67fb77,5bcf3151ed915d78ad8d4e82
750803,66149c94-bb2a-40a4-b8b1-7800fe67fb77,5bcf3151ed915d78aaef7e0a
844965,68122277-c152-480d-adfd-c32e2b1cbee9,5dc2a212ed915d394be49864
760276,a85a4709-a5f3-4610-b56c-1efac53c9528,5bffc5fe40f0b65b14fc665d
762825,6cf9b479-2dad-4083-9f3c-945ce81f5908,5c0aa89b40f0b6705cfbdeae
762825,6cf9b479-2dad-4083-9f3c-945ce81f5908,5c0aa89be5274a0b62ad756a
768463,6375955b-9b40-47bb-ae6b-9fa28e59a210,5c2cccbce5274a6599225dbe
768544,d30f3f2b-1815-46f3-beda-37a46c56d27c,5c2de562e5274a6599225dc9
768546,ab221076-a7ec-4f0c-8252-98563f9e9fa4,5c2de57240f0b66d0ec43e66
845321,15b46276-5ddc-41e3-8f99-45307eec2fef,5dc3f88ded915d39aa21bbeb
845321,15b46276-5ddc-41e3-8f99-45307eec2fef,5dc3f88de5274a4f24addc5e
769932,58ed4a4a-2e58-4f6c-bfbc-d5f9799dcf14,5c35dfc8e5274a6599225e22
845325,c2ae7041-2d69-4855-9dbf-321c9253bd63,5dc3fa0ce5274a4f84d92a59
845325,c2ae7041-2d69-4855-9dbf-321c9253bd63,5dc3fa0ced915d394be49883
845324,c9f3d343-3d46-442b-9e88-ea74eb78a6e5,5dc3f9dfe5274a4fa6bc3c12
845324,c9f3d343-3d46-442b-9e88-ea74eb78a6e5,5dc3f9df40f0b62f627ff98c
845317,12a942a5-54ab-4bfa-a4a1-d7ab7aaa32c1,5dc3f62c40f0b6379a7acc86
845319,fff9a4ae-d51b-468b-88a4-642997641c07,5dc3f737ed915d393cf895e2
845319,fff9a4ae-d51b-468b-88a4-642997641c07,5dc3f73740f0b62f71c674c1
769949,7778e15b-e021-4842-a19a-11120a30efbb,5c35e56fe5274a6599225e25
844783,f06ee838-1f5e-4fcd-8f36-41944b755be5,5dc18d15ed915d1d001e610b
844783,f06ee838-1f5e-4fcd-8f36-41944b755be5,5dc18d15e5274a4a9dbe2aaf
769974,9cb549eb-6be6-4bd3-97ce-dc87d6af22be,5c35e8abed915d731281fe01
770021,e379986c-0135-43db-99d4-851653572a54,5c35fbbeed915d730364bf31
770008,c23802fe-681e-47e2-9894-6be1213f621b,5c35edc940f0b64485ffe747
844772,c2ca3bef-ea26-4598-b2ba-020215d0681f,5dc18b4fed915d1d034dadbb
844772,c2ca3bef-ea26-4598-b2ba-020215d0681f,5dc18b4f40f0b6379f9f42d6
770031,5bfe476c-83a0-4efb-9a98-6d269074b56f,5c35fd7ce5274a659fd1ba1d
776889,2d26bbae-9f56-4f85-9c9b-2ce9bf41c6a0,5c5ae60a40f0b676b89cb9d9
776889,2d26bbae-9f56-4f85-9c9b-2ce9bf41c6a0,5c5ae60aed915d044d7f670f
776894,af052994-4452-4b29-9ff9-720c2cee503c,5c5ae80fe5274a316cee5bda
776894,af052994-4452-4b29-9ff9-720c2cee503c,5c5ae80f40f0b676c66a25c7
776904,c16d0c41-264c-43a7-806d-6b4ba62e44c5,5c5ae8ed40f0b676d487cfeb
776904,c16d0c41-264c-43a7-806d-6b4ba62e44c5,5c5ae8ed40f0b676b89cb9dc
776917,2c8edcaa-7eff-4e7d-b468-4b0b77e9028c,5c5aeb8ce5274a31874509bc
776917,2c8edcaa-7eff-4e7d-b468-4b0b77e9028c,5c5aeb8ce5274a3164e89454
776918,73b3729b-8dd0-4d90-8f2c-ecf67fda252d,5c5aebf0ed915d04148c312b
776918,73b3729b-8dd0-4d90-8f2c-ecf67fda252d,5c5aebf040f0b676d487cfed
790592,8c11cf8c-5c52-4a32-b10a-6462085d01fe,5c9ce659e5274a528429806b
790592,8c11cf8c-5c52-4a32-b10a-6462085d01fe,5c9ce65940f0b633ff9a3609
790595,081636e0-de79-4ade-a978-08fb0871093d,5c9ce6cce5274a5285dca6b8
790595,081636e0-de79-4ade-a978-08fb0871093d,5c9ce6cce5274a5279000d75
790596,68369f63-d1c5-4f81-897e-ab513f981e68,5c9ce6cd40f0b633f9b110b0
790596,68369f63-d1c5-4f81-897e-ab513f981e68,5c9ce6cd40f0b633fc95f7ca
791532,c1e72c42-7304-4309-86e3-542c92deafdd,5ca21f18ed915d0c5476759c
791533,760a4530-68d8-44f3-be86-0fd5da3e2cf0,5ca21f26ed915d0c55c71ed0
791533,760a4530-68d8-44f3-be86-0fd5da3e2cf0,5ca21f26e5274a77e39d4b1c
791537,7afd5633-5677-48c3-9ff6-80b7e544ace9,5ca22039e5274a77d788d4d2
791537,7afd5633-5677-48c3-9ff6-80b7e544ace9,5ca2203940f0b625e86eb211
790571,bb42b9a4-1983-4985-89ef-8f6ab6d5e3ca,5c9ce39ce5274a5280d631ee
790571,bb42b9a4-1983-4985-89ef-8f6ab6d5e3ca,5c9ce39ced915d07a4a46603
790572,56d2bf55-9ea8-4c04-8d90-51b4dce69026,5c9ce3b1ed915d07a80a34ea
790572,56d2bf55-9ea8-4c04-8d90-51b4dce69026,5c9ce3b1e5274a52839a9d3b
793763,3b97882b-51a5-4eaf-9d6d-a241b96c0dfb,5cac652ded915d1ba444a6ee
793763,3b97882b-51a5-4eaf-9d6d-a241b96c0dfb,5cac652d40f0b66ffa863f81
807267,9437c697-2656-44dc-84fd-5f10f8459792,5cfa445bed915d737592bdca
818338,ea8c5c2a-5dd8-4f47-9cfa-3a0e513b3f91,5d303469ed915d2fe2d7e189
818338,ea8c5c2a-5dd8-4f47-9cfa-3a0e513b3f91,5d303469ed915d2ff003b74d
821296,11557cf2-4b40-43e3-8d80-1b669ef70e0a,5d3b191c40f0b604da6c9251
823974,6d053c64-a3d5-48f1-b4c0-2bbee1db38f6,5d4aeee1e5274a53fa7ee253
825866,62250ecb-11f0-4930-ac83-3288a8644401,5d56c28be5274a079061512e
825866,62250ecb-11f0-4930-ac83-3288a8644401,5d56c28be5274a07b7324d6a
825867,5965bd1e-e536-4e58-996f-7832a3085f82,5d56c2e440f0b6706d0d2fc2
825867,5965bd1e-e536-4e58-996f-7832a3085f82,5d56c2e4e5274a07b9327851
827079,89284a63-9d84-4773-b1ea-235c6bf3337b,5d5faaffed915d53b8ebdb5e
827079,89284a63-9d84-4773-b1ea-235c6bf3337b,5d5faaffe5274a1719fdfcf6
833509,3c7955ef-bb92-4f2c-8b02-1471914a6430,5d89e0b1ed915d5241461def
833509,3c7955ef-bb92-4f2c-8b02-1471914a6430,5d89e0b1e5274a157765939d
842328,36f6e1c1-7f68-4b21-a60a-bc84fd07e66c,5db4170ded915d1d07006e71
842329,9be4fd98-2a66-46eb-9410-d765d0699eef,5db41a55ed915d1d0c3b7e78
842330,f76ca038-b1a8-4c4e-a8f8-73b0e152d00e,5db41a6840f0b63798547050
844657,3c14e727-a092-45b3-898b-b23c22dfc0db,5dc169dce5274a4a98a512b4
844657,3c14e727-a092-45b3-898b-b23c22dfc0db,5dc169dced915d1d02a5a08a
844961,edbda1e2-7a0a-4494-8157-bc876148e460,5dc29df0ed915d3a60e29826
845327,30561e5b-ff9b-4494-8128-c6cd924dd892,5dc3fb44e5274a4ec25f053e
845327,30561e5b-ff9b-4494-8128-c6cd924dd892,5dc3fb4440f0b62f71c674c2
845329,a15fb923-852e-4496-8bb9-b649b5c9b08f,5dc3fee940f0b6303256f48c
845329,a15fb923-852e-4496-8bb9-b649b5c9b08f,5dc3fee9e5274a4f84d92a5a
847129,edbe539c-d82f-4c93-9555-221a7745d6ec,5dd2b82be5274a06da7775e6
872345,1da796ad-3592-40db-bddc-97f5bd931098,5e6a612286650c7279860bc5
872346,cd272aa9-ae9f-4ca6-bb00-6fe5e8034cba,5e6a61a286650c7273637753
880358,68916f6b-45c6-43bf-91e0-efbaf4050ec6,5e9eba1e86650c03163ae832
880361,894a6330-f81f-4ee5-b5d4-160b1b9f724d,5e9ebd40d3bf7f0318cff3d1
851562,fe68c759-81c7-4b42-b6e0-f7ef33201a53,5df11fde40f0b64a2bf2dd77
851562,fe68c759-81c7-4b42-b6e0-f7ef33201a53,5df11fdee5274a71e115f026
864818,0a5a5d41-2f4a-406b-85f9-6b42b51a08b8,5e4276b9ed915d095784f564
864818,0a5a5d41-2f4a-406b-85f9-6b42b51a08b8,5e4276b9e5274a08deb46bc4
864849,c68af56d-687e-41ed-a717-a98a8ebed732,5e428129ed915d09365515dd
864849,c68af56d-687e-41ed-a717-a98a8ebed732,5e428129e5274a08e1d092d3
866140,6653fb6d-886a-4da9-858c-ff65adf6a0dd,5e4a5b3740f0b677c5775838
870501,70c06dce-d825-432f-beb1-1ea59ccd0f68,5e60df3e86650c513c7afe79
870501,70c06dce-d825-432f-beb1-1ea59ccd0f68,5e60df3ee90e077e3477e4ba
872633,7378e41e-35c8-43d5-94ce-e20bf63cb84b,5e6b997886650c7275b7808d
872633,7378e41e-35c8-43d5-94ce-e20bf63cb84b,5e6b997886650c7278af6840
871348,33d7a9c7-2685-4d39-ac63-caada4240fb7,5e666516d3bf7f108c979f39
871348,33d7a9c7-2685-4d39-ac63-caada4240fb7,5e666515e90e077e3092a3f6
881184,f3afe7f4-a84d-4336-9526-ae4254f29914,5ea2f79ed3bf7f7b518e7313
887756,caeb66db-179d-4973-bdf5-23fe6b56595a,5ece5f13d3bf7f45ff9c279e
887756,caeb66db-179d-4973-bdf5-23fe6b56595a,5ece5f13d3bf7f4601e5767b
887840,3aaf7058-f18a-43c3-8259-1d0f7c5f72ae,5ece82afd3bf7f4606f1e0fc
887840,3aaf7058-f18a-43c3-8259-1d0f7c5f72ae,5ece82af86650c76a9e446aa
1194759,27d2d7eb-be41-4a1a-b83d-f2966075b0d9,653b995fd10f35000d9a6a8b
1194759,27d2d7eb-be41-4a1a-b83d-f2966075b0d9,653b995f80884d0013f71c71
918013,1ff1be8a-c782-4047-9b84-a450cd82edfd,5f60d7f2d3bf7f72337b6e2c
918013,1ff1be8a-c782-4047-9b84-a450cd82edfd,5f60d7f18fa8f510691005d1
919476,c8f19815-5083-4281-8e98-c094df0a3273,5f68664ae90e075a00db6e89
919476,c8f19815-5083-4281-8e98-c094df0a3273,5f68664ae90e0759f6560bb9
919477,dc8d47d2-635c-468f-9068-c775489967b1,5f6866838fa8f51063ce4f0a
919479,8ea0c9e0-5ed7-4520-ae2e-53493a2a87c1,5f6866d8d3bf7f7234487c7d
922936,a3414700-e831-4751-ae76-068d28b92f56,5f7467b1d3bf7f286fd62f20
922936,a3414700-e831-4751-ae76-068d28b92f56,5f7467b18fa8f5188883f2df
929784,a7bb5397-7ca2-494e-a825-2fc4c1d48c17,5f981b238fa8f543f2813d8d
929784,a7bb5397-7ca2-494e-a825-2fc4c1d48c17,5f981b23e90e077b0bd1be1e
932477,b72bb801-8e47-4ccd-b407-bb0809637bfb,5fa269bbe90e070419e69a43
941197,b38b0399-102e-4445-a48a-3ff6d53067e7,5fca058ad3bf7f5d0c67fe5d
946991,37323855-22a7-493f-9061-01803687ba15,5fe0cf88d3bf7f089d69c2cc
946991,37323855-22a7-493f-9061-01803687ba15,5fe0cf88e90e074527d9ff14
963454,d60034a1-a355-4c87-aa44-4b4bbb07845d,6033c81f8fa8f54330a8e223
963454,d60034a1-a355-4c87-aa44-4b4bbb07845d,6033c81f8fa8f54332e9ffa8
965418,ad776611-5f6c-4b74-b35a-88d10686ff97,603a0d50d3bf7f039403e937
965418,ad776611-5f6c-4b74-b35a-88d10686ff97,603a0d50e90e07055e594ff3
969502,419783f4-41d7-4f23-a85d-31e529a99d1e,604f921b8fa8f505bdfcfcb1
969502,419783f4-41d7-4f23-a85d-31e529a99d1e,604f921be90e077fe3dfd34c
969503,2bd7e63d-caf6-4ce4-9404-3cb4db4a42d8,604f922f8fa8f505bfdac4d2
969509,0f882ebd-3e51-433f-b4e3-340b0ac0f117,604f9355d3bf7f1d1b7e1c94
969509,0f882ebd-3e51-433f-b4e3-340b0ac0f117,604f93558fa8f505c47c6c52
969491,52cda312-533f-4b3b-b679-a7cab1c61335,604f8e268fa8f505d99b4739
969491,52cda312-533f-4b3b-b679-a7cab1c61335,604f8e26e90e077fdedfe7fe
969511,74a38ee5-a5f3-48e4-ba54-779b28264349,604f93838fa8f505c30262cc
969489,78d3d082-c6dd-4f68-9509-a84d5d768be4,604f8d028fa8f505da05af47
969489,78d3d082-c6dd-4f68-9509-a84d5d768be4,604f8d028fa8f505be9ed640
965417,0e30cc28-a5bc-40ab-b6e8-9b4e060b7a52,603a06a5e90e070564653144
965417,0e30cc28-a5bc-40ab-b6e8-9b4e060b7a52,603a06a58fa8f5049ba95251
1061685,157e74a0-38dc-450c-935f-8240b3e6fe1e,623364f6d3bf7f6abc6582ce
1061685,157e74a0-38dc-450c-935f-8240b3e6fe1e,623364f6d3bf7f6ac0a13fbc
976985,ba2da26d-daf3-4bdb-a014-6f3b29f7d5a2,606ed63b8fa8f5735ae89338
977813,fe68d726-2058-48b7-a9e1-dff89880f849,607597548fa8f5735d3b399a
977813,fe68d726-2058-48b7-a9e1-dff89880f849,60759754d3bf7f4012447804
978566,bca59686-f257-4bd9-a83e-fb3cda2c9752,607d3f1bd3bf7f4011bdb295
978566,bca59686-f257-4bd9-a83e-fb3cda2c9752,607d3f1be90e076f56e46e95
978816,afddcb75-8f94-41df-bce5-aa43d7fc018f,607da19be90e076aa86c8ecd
978816,afddcb75-8f94-41df-bce5-aa43d7fc018f,607da19b8fa8f51b92e94cc9
978567,1a98c8aa-7945-4128-a522-569212d463dd,607d3f4ae90e076f5589bc15
978567,1a98c8aa-7945-4128-a522-569212d463dd,607d3f4a8fa8f5735f2a24ee
978818,10eebe3a-0290-4e31-a6bb-e1ecaf05bb7a,607da1a8e90e076aaca7d5e8
978818,10eebe3a-0290-4e31-a6bb-e1ecaf05bb7a,607da1a88fa8f51b8c531f91
1198400,f7811b15-c887-418d-9151-8e60d9b5058f,655251b6ce0b3a0012491620
1005895,5146f38a-f204-4498-9569-82cab6305c97,60fecf44e90e0703bbd94a7e
1057124,18f19510-f4f2-44e8-a316-13393fbb92f2,62177f40d3bf7f4f0d9e8046
1022501,84d10b9f-8b60-4510-9131-a37b51ef8874,6156de45d3bf7f5606fcce30
1022503,8adce6ab-5163-439a-86cc-0ab1e9249f30,6156de5dd3bf7f55fe946b3d
1039499,69091b4f-8367-43dc-be6d-3f3c0f419ca3,61b0e72f8fa8f5037cc5e181
1039499,69091b4f-8367-43dc-be6d-3f3c0f419ca3,61b0e72fd3bf7f0551f2d3fa
1046552,f6d72b9c-2e08-4290-88b7-5f6f8386503a,61e15862d3bf7f054fcc247a
1046505,e64b9ee0-dbd5-462c-b750-3b2d744c3417,61e151d48fa8f50590b5d85b
1046507,d7212ec3-29a3-4a23-8722-acc2d9fc1e7a,61e15211e90e070372b3a951
1046510,f800fa49-862a-4697-952d-05f6060c768d,61e1525f8fa8f50591dfd42c
1046512,9011c79c-18e9-40b4-b224-ce870dc8ab47,61e152e1e90e0703796dcf1e
1046515,4a10ac9a-89ab-4323-a7e5-cf45297dd4d5,61e1530bd3bf7f0543162f96
1046518,7ce3b583-766d-447d-8e03-f399c4a7b20b,61e15326d3bf7f054fcc2479
1046521,39795bc3-3c8c-4d99-96ff-b3080eb6c7e2,61e1536b8fa8f50597fb2fbd
1046537,73228e61-9ac4-4700-9731-b80e5adc46cc,61e155fe8fa8f5058bc04a15
1046543,925443da-63e3-4af1-bcfd-fd880be4de13,61e1575bd3bf7f053fd825ac
1046545,401ef66d-6f3c-42d4-a5a3-a8a4a3bc0a70,61e15782e90e07037eb682e0
1046547,450406ed-33b1-4ea6-896f-62dddde39a95,61e157ab8fa8f505985ef386
1046549,1e9b6348-35bd-45dc-9d8e-793ff89308b7,61e157d3e90e070375c22f7e
1046550,0fb0c25b-a5c7-4ecb-9443-a463da614e28,61e157fd8fa8f5058bc04a16
1046605,246430b4-c99a-4f2d-a5c3-271330a72362,61e16f4ae90e070375c22f8e
1047674,cce785ed-ab65-4a9a-bf2b-6ae40b723a78,61e6b6e88fa8f50588fee021
1047684,44d0e811-7fa3-4533-9fe8-92ddc8fe5863,61e6bdfad3bf7f054a1da1a8
1047684,44d0e811-7fa3-4533-9fe8-92ddc8fe5863,61e6bdfae90e07037ff275e5
1053369,decb65fb-ecd2-4f09-bba8-79cc2d3fb61a,620233bed3bf7f78ebc990e1
1053369,decb65fb-ecd2-4f09-bba8-79cc2d3fb61a,620233bee90e0768a8e9754f
1059922,27aa5423-2b92-4a3c-9cf8-208d89ab50ea,6229b3dfd3bf7f157d407bc5
1060123,1f3aa91a-d644-4cbd-9748-28c440495eca,622a16f4d3bf7f157e7ee907
1061401,c3cf21a6-86b3-40b5-afcf-2b69885a0305,6232034de90e070ed9432367
1061401,c3cf21a6-86b3-40b5-afcf-2b69885a0305,6232034cd3bf7f5a8a6955f8
1062647,de58ee3c-ad9f-4b9f-a03f-7b0937f11b77,623b1d2fd3bf7f6ac63c3932
1062647,de58ee3c-ad9f-4b9f-a03f-7b0937f11b77,623b1d2fe90e07799b24e093
1071748,8908560e-a6cf-43d3-a1f1-c7b0012e9606,62694706e90e0746c93a421f
1071751,0914b176-1c8a-4b42-a358-cd9ff4b88359,62694755e90e0746ca7e556f
1071752,7c84f0e0-50aa-40d2-aceb-208d07530086,6269478a8fa8f57a360f8b0f
1072275,9692f6b1-f14f-4e5c-8934-9ebeeba13d85,626bb2ee8fa8f57a3d121896
1072217,bcf751bf-3c56-4f67-b31d-e340bc35dea7,626b957ee90e0746cf692aca
1077584,add66403-f48d-428a-850a-19fb7206d51a,628b4a54e90e071f61322202
1077584,add66403-f48d-428a-850a-19fb7206d51a,628b4a54e90e071f646c6c08
1077578,81329940-7703-4b07-a8d7-4f26f8524adb,628b48b6e90e071f62029c73
1077578,81329940-7703-4b07-a8d7-4f26f8524adb,628b48b6d3bf7f1f4538031e
1072224,b473eec4-9a72-4878-8ce2-ea80c0c9951c,626b96628fa8f57a3fe3c184
1072225,efe02374-3a60-4fc5-88e1-cbf0d4566a77,626b967c8fa8f57a399741a1
1072282,1277a0d2-bbbc-4329-893e-937d10df9683,626bb66dd3bf7f0e7a064a5a
1072284,2c87243b-118c-4aeb-b2e9-36b6d86f2fcc,626bb69de90e0746cd3f0fd9
1072285,ed835c9a-1194-4a6e-877e-5dbce67d9f33,626bb6b28fa8f57a3abd4d16
1072286,6a050e87-e46f-4c75-8680-f2f59965d8c9,626bb6c2d3bf7f0e7a064a5b
1073855,caf73a7b-8edc-41d1-b992-cbb6db0ebd42,6278ffdce90e070dc3f22cef
1075584,6917ada8-10a1-480d-8a67-904c46cd62c5,628254fb8fa8f5561a6b2654
1075587,264a1761-cac6-4912-a815-13784f42d8e1,628254fce90e071f5c9b130b
1075588,42fa2957-8f26-4f51-88c8-4202c72adf00,628254fc8fa8f5561cd9b1ca
1075596,a1397e0e-bdff-4a0e-9746-92335a4fb9e0,628259718fa8f5561a6b2656
1077574,52e1b596-4520-440a-baf6-5fbff6e72150,628b4676d3bf7f1f46f9b6fb
1077574,52e1b596-4520-440a-baf6-5fbff6e72150,628b4676d3bf7f1f3ef48410
1075601,8ef014d5-e2ec-4633-b2dc-56dde6a69245,62825a26d3bf7f1f41a08dc8
1075603,2504bd08-5a3d-42a5-be32-0dcf3ebe0a12,62825a26d3bf7f1f3c97dca3
1075605,ee9fc762-d1ab-4ad4-bb3b-a35692b80f0c,62825a29e90e071f68b19d28
1075612,106f9850-ff77-4746-be0b-db863d709316,6282a564e90e071f646c6b6b
1077577,a8c7811c-a214-4089-a62d-1f3e4cdafa52,628b481cd3bf7f1f40ca5129
1077577,a8c7811c-a214-4089-a62d-1f3e4cdafa52,628b481c8fa8f5561960ef56
1077580,265a0aaf-47d9-49b4-a4bf-d5be3eec0ba3,628b496fd3bf7f1f433ae1ac
1077580,265a0aaf-47d9-49b4-a4bf-d5be3eec0ba3,628b496f8fa8f55622a9c8f1
1075616,1b22ae17-bcb4-4efd-81ec-2f3ce9877064,6282a568e90e071f62029bb0
1075625,6ce4b6d9-b80c-49f3-aad4-47692f168a28,6282a563e90e071f646c6b6a
1075628,2be73365-ab2e-431e-8655-64d3e0fe27a9,6282a5658fa8f5561ebf9fb8
1075630,a0a99020-6a16-4ec5-8e88-ecae6a0848a7,6282a567e90e071f69f225a2
1075631,825f37d9-7408-458c-a1fa-dbff4dd24761,6282a568e90e071f67b27fad
1075632,1b1e89e9-d51e-40f2-ba92-cb7d2e7a2a48,62827c71d3bf7f1f433ae0ec
1075639,510ac5ad-e6dc-470a-8798-d6945feb552e,6282a563d3bf7f1f433ae112
1075642,8c5b790f-8c58-4172-92cc-38f626dc0e76,6282a567e90e071f69f225a1
1075646,1c1c5652-cbef-4ef8-a63d-47959f03958d,62827c73e90e071f5b672375
1075690,9ad38af7-9da8-4e48-8e42-7147e60d8814,6282a563d3bf7f1f3b19eece
1075692,28b8b4b1-fd51-492e-8ca4-1428a43e2197,6282a564e90e071f6af14575
1075699,ddcac2fb-6f5f-47ae-9368-107947c51383,6282a5638fa8f55624b69beb
1077579,b30f574e-5187-46cf-b448-311ab262b761,628b4909e90e071f62029c74
1077579,b30f574e-5187-46cf-b448-311ab262b761,628b4909e90e071f68b19dcd
1075705,d358d1c7-890d-456e-aa1b-24a2181e2904,6282a563e90e071f69f225a0
1075707,ccb92ae3-df41-4bcc-8083-a2f3bf814deb,6282a5648fa8f55623a58ab3
1075708,d130834b-3a6d-4396-8a69-2fe94d5cb542,62827c7b8fa8f55615524db5
1075709,f0ed97c7-ca91-4747-b107-39e60c138dbc,62827c7ce90e071f5c9b1317
1187518,eae2bc60-649f-4b5c-9d77-a2d86e8b99a1,6513f1faf6746b0012a4baad
1187518,eae2bc60-649f-4b5c-9d77-a2d86e8b99a1,6513f1faf6746b000da4baaa
1187519,2a0d8032-ab8b-4d91-ad50-59c4c9c294d6,6513f2203d371800146d0c49
1089781,c3a60063-b2e9-40c6-bd9b-c3aa3c9c82d3,62cd4a03d3bf7f2ffb6e6d5a
1089786,0c871260-f7bc-42d8-b9bb-ad621c57edde,62cd4acc8fa8f54e879def00
1089790,eea34133-6b32-4fe0-b06f-4dab6b75db4e,62cd4b89d3bf7f3005f623cb
1089871,d9cef63d-c32d-462e-8161-89acbe9535ba,62cd64cfe90e07748814bced
1091886,419e73e4-abbb-4619-921f-bd5d59a0beb8,62d65f48e90e071e80213441
1091887,4f4d683e-c238-47b2-a8e0-9c656f0f4f6f,62d65f73d3bf7f28630924db
1092125,c84e1491-129c-4086-81ac-ea31659d6679,62d6a32c8fa8f50bfe0edd1b
1092126,be77ccce-ba60-4e4d-92ae-ae4e4e57fac1,62d6a3628fa8f50c02bb2ecd
1092047,6cb53815-d7e6-4ac1-bf29-da3c5c42f13d,62d6899fe90e071e7defb9dd
1092128,805da09d-1511-4f2b-a82f-a9ee434e5121,62d6a3b88fa8f50bfafb09c1
1093703,7e38156f-14ed-4f64-9537-2ad9953db556,62dfa1118fa8f5649dbef4ca
1112631,d0960746-3032-441b-ba82-aed8dab305dd,63527d7ae90e07767f656fe2
1112631,d0960746-3032-441b-ba82-aed8dab305dd,63527d7ae90e077681e5817b
1115224,e36eefe6-110b-4b25-a367-761d9d9aa2e4,63629866e90e0705ae985ddd
1115224,e36eefe6-110b-4b25-a367-761d9d9aa2e4,63629866d3bf7f04eb2d629d
1116020,ad607836-bed7-44b5-8670-b6001a35d6d1,63692d3de90e0750052afade
1116021,2f2a4acd-34aa-4a30-b1f5-1d6dcce9e918,63692d6bd3bf7f6ee242a8dc
1143174,d8842af1-f241-47c4-82fa-5732eed4bc1d,6412c6838fa8f55568784e14
1143174,d8842af1-f241-47c4-82fa-5732eed4bc1d,6412c6838fa8f5556c6a12c0
1152393,7839c4ce-eb74-4f23-9a95-e8905840a1c9,6446604d814c66000c8d04d1
1152403,31be4744-85b9-4953-8a43-15a482c9bd8b,644660d6814c66000c8d04d4
1152462,61ce46fb-90a2-454b-b9f5-4d84399222ea,64468270814c66000c8d0510
1152497,2a93f3e4-b39b-4b94-b0e7-c5dc66e8cc6b,64468afaf12683000cca66d5
1172778,61758a64-1ba7-44a7-9281-12c7597fb90b,64b969d5ef537100147af03c
1172781,05e96b24-685c-4fd1-a47f-b48f197c0fb8,64b970dbef5371000d7af023
1172782,be2edc68-7603-4ec1-b4ac-050f521c4e20,64b9719306f78d000d74266c
1172783,d36ad67c-5d74-46ac-9e1f-a8114693a1ed,64b972b706f78d000d74266d
1172784,6a2142ce-73cf-4b20-9637-0d417ff11121,64b973afef5371000d7af024
1172785,4fcb8cb0-9fa6-4e92-9509-eeb21504d20b,64b974412059dc000d5d275f
1172786,b4fdd583-0117-4625-9b9e-15a0af50727c,64b974a006f78d0014742698
1172787,f8818445-7148-42d3-8ba8-61b0a19e3161,64b9759406f78d0014742699
1172788,c9d8975c-7681-4263-9359-13fa722489a8,64b976672059dc00125d273c
1172789,69182d43-f4e7-409f-b0c6-524656de53fc,64b976d62059dc000d5d2760
1172790,03d20145-8fe0-40f2-a914-e0f8a344272c,64b9774406f78d000d74266e
1163821,3d993105-61bf-4e17-afba-fc4238f872ac,649034fc103ca6000c03a113
1163821,3d993105-61bf-4e17-afba-fc4238f872ac,649034fcb32b9e0012a96a25
1215809,a5e07336-698b-4b26-a3c3-bfa3238b0147,65ba2e1be9e10a001303113e
1215809,a5e07336-698b-4b26-a3c3-bfa3238b0147,65ba2e1b4ec51d000dc9f200
1215810,d586d48f-85cd-41a5-a2a2-761b2a9729ac,65ba2e1be9e10a000d03113e
1215810,d586d48f-85cd-41a5-a2a2-761b2a9729ac,65ba2e1bee7d490013984a2f
1215811,0aa4325b-09e1-4b1b-b4ee-e30754a8e607,65ba2e1ce9e10a001303113f
1215811,0aa4325b-09e1-4b1b-b4ee-e30754a8e607,65ba2e1dee7d49000d984a37
1215812,b48c993c-7a40-4021-89aa-11ab6fda18da,65ba2e1d4ec51d000dc9f202
1215812,b48c993c-7a40-4021-89aa-11ab6fda18da,65ba2e1d4ec51d0014c9f1f9
1215813,2d93ced1-8001-4e0a-b79b-c1570222aea4,65ba2e1ce9e10a0013031140
1215813,2d93ced1-8001-4e0a-b79b-c1570222aea4,65ba2e1d4ec51d000dc9f203
1215814,a334d5f9-b561-4238-a5b6-adf40b7cc46c,65ba2e1ce9e10a000d03113f
1215814,a334d5f9-b561-4238-a5b6-adf40b7cc46c,65ba2e1dee7d490013984a30
1215815,921d39c9-d5cb-42b6-a305-295cf50e0f8a,65ba2e1d4ec51d000dc9f201
1215815,921d39c9-d5cb-42b6-a305-295cf50e0f8a,65ba2e1d4ec51d000dc9f204
1215816,231a8d89-6ccb-420a-9b1f-9a1fb4ffe23b,65ba2e1d4ec51d0014c9f1fa
1215816,231a8d89-6ccb-420a-9b1f-9a1fb4ffe23b,65ba2e1d4ec51d000dc9f205
1165261,fb5bd663-83be-4538-bf7a-7677174c6850,649953c79e7a8b000c932b1a
1165261,fb5bd663-83be-4538-bf7a-7677174c6850,649953c7de86820013bc8d91
1165286,dd2ddc32-a47a-4a6a-bfb8-142dbab769be,649959739e7a8b000c932b26
1168021,af68d930-20aa-408c-b398-a7d28c2c085c,64a588af4dd8b3000c7fa510
1215818,4492be5c-53ec-4b89-8ff8-8dddd3aba12b,65ba2ebbee7d490013984a32
1215818,4492be5c-53ec-4b89-8ff8-8dddd3aba12b,65ba2ebb4ec51d0014c9f1fd
1215819,756a59af-3e22-4480-a289-c077df1b916c,65ba2ebbe9e10a000d031143
1215819,756a59af-3e22-4480-a289-c077df1b916c,65ba2ebbe9e10a0013031142
1215820,778aba5a-87e0-4bc0-80af-b4ac2c7a6e65,65ba2ebc4ec51d0014c9f1fe
1215820,778aba5a-87e0-4bc0-80af-b4ac2c7a6e65,65ba2ebcee7d49000d984a39
1215821,748a6e0f-e5c1-4fde-9640-f37a093ac290,65ba2ebc4ec51d0014c9f1ff
1215821,748a6e0f-e5c1-4fde-9640-f37a093ac290,65ba2ebce9e10a0013031143
1215822,41ae13ef-d045-4019-90db-f509d35e0f5a,65ba2ebce9e10a000d031144
1215822,41ae13ef-d045-4019-90db-f509d35e0f5a,65ba2ebce9e10a000d031145
1215823,f29591cd-e7db-44c3-a163-bdafca5e9a6d,65ba2ebc4ec51d0014c9f200
1215823,f29591cd-e7db-44c3-a163-bdafca5e9a6d,65ba2ebc4ec51d0014c9f202
1215824,6e282e06-cbeb-478b-b19d-351b28b368ae,65ba2ebc4ec51d0014c9f201
1215824,6e282e06-cbeb-478b-b19d-351b28b368ae,65ba2ebc4ec51d000dc9f208
1215825,f5fae1c8-fed7-4600-8558-441c48e5904c,65ba2ebcee7d490013984a33
1215825,f5fae1c8-fed7-4600-8558-441c48e5904c,65ba2ebce9e10a0013031144
1186355,603197f2-775a-4e24-822c-66b66d33022e,650af22e27d43b001491c2e7
1183100,97de524b-5649-41fc-a272-97e5202e9055,64f9b0a5a78c5f00142657dd
1183100,97de524b-5649-41fc-a272-97e5202e9055,64f9b0a59ee0f2000fb7c03e
1188030,efbaf455-098f-433a-a36d-5e63ab44b7ed,65158f467c2c4a000d95e1c8
1189478,6c64483c-5dac-4c5e-8962-28a0f2b90e68,651ed0c95f7e680014fabe1e
1189478,6c64483c-5dac-4c5e-8962-28a0f2b90e68,651ed0c95f7e68000dfabe20
1191297,4bc2b4e7-a476-4a57-b0a2-729498f4bce7,652ce17a6b6fbf000db7566d
1191297,4bc2b4e7-a476-4a57-b0a2-729498f4bce7,652ce17a6b6fbf0014b75679
1190354,7127a80b-8eba-4fd4-8153-d235751596a6,65257c762548ca000dddf0ac
1190354,7127a80b-8eba-4fd4-8153-d235751596a6,65257c76244f8e00138e7390
1190355,21b4075e-8b89-4794-8f11-aeb4e13b7fb6,65257c952548ca0014ddf099
1190355,21b4075e-8b89-4794-8f11-aeb4e13b7fb6,65257c95244f8e000d8e736c
1191429,f2b12848-64a8-44c4-80e2-b2dd6e312ae1,652d1a8bd86b1b00143a4fb9
1251405,ed55c87d-174b-48ca-8d5f-8ddee69945ad,668be4d5ab5fc5929851bb71
1200148,eb398032-bdd5-4af0-91d2-1e66c982ff8c,655c6284544aea0019fb30f1
1200148,eb398032-bdd5-4af0-91d2-1e66c982ff8c,655c6284046ed400148b9c9f
1198745,c0f0c8b4-fd9d-489c-a5eb-aec24d96e004,6554a4f3371898000dd29723
1215146,a48aba96-f993-472d-a008-57d7225e415b,65b3d927a0ae1b000d5260ed
1212535,d00c81db-c334-460a-9640-7d72ceb6db75,65a7cea1ed27ca001327b115
1216772,bf2b1a17-ba58-48a7-a24b-b3f7c32060d4,65bce0cc704282000d752116
1216772,bf2b1a17-ba58-48a7-a24b-b3f7c32060d4,65bce0ccc4319100141a4491
1216778,190ac71b-1be4-4cc9-8591-e82662b77e9e,65bce172704282000d752117
1216778,190ac71b-1be4-4cc9-8591-e82662b77e9e,65bce17263a23d000dc820ff
1228691,11245161-efaa-4364-8451-232c71ed47a3,65facdca703c42001a58f05f
1228691,11245161-efaa-4364-8451-232c71ed47a3,65facdcbaa9b760011fbdb85
1228693,4f3a6eb5-e8c4-405f-a843-a181174532e6,65face459316f5001164c3ba
1228693,4f3a6eb5-e8c4-405f-a843-a181174532e6,65face46703c42001a58f062
1217110,2f396d45-8b07-473d-856c-eaec04982a29,65c0f6dd63a23d000dc821ed
1217110,2f396d45-8b07-473d-856c-eaec04982a29,65c0f6dd704282000d752225
1224185,84d2d19e-f5df-41a7-80f8-043646ea5219,65e862ed5b6524001af21a78
1223315,7ef940e0-7d4c-40ba-9600-bb4c5832bb1f,65e200fb3f694500110360c7
1223315,7ef940e0-7d4c-40ba-9600-bb4c5832bb1f,65e200fb2f2b3b001c7cd882
1237837,b016d041-0597-4fd3-9b4a-430c78ffa188,662b5bc96963baceeb225253
1237837,b016d041-0597-4fd3-9b4a-430c78ffa188,662b5bc9ae7fb5d93ebf92fd
1224929,9357fe9f-0647-470c-9d9e-7a90ec732b0e,65eb37793649a255a7ed63b5
1224929,9357fe9f-0647-470c-9d9e-7a90ec732b0e,65eb37795b652445f6f21b25
1232216,fb379787-f10c-4019-9884-6b6f871d3a66,660be18738f66c001e84a8e7
1232216,fb379787-f10c-4019-9884-6b6f871d3a66,660be18767958c0011365a1e
1237263,7fdc8d82-6281-4af1-98e1-6ce383442b7b,662907eeb0ace32985a7e6ba
1237264,c812bfe8-b491-430f-badf-996f9a6a6133,66290802b0ace32985a7e6bb
1237267,cf282ba3-ba2c-4141-818d-99beb6eb84d6,6629082f3b0122a378a7e5f1
1235933,215f9e5c-c8f7-4b9c-958c-1065b5acdb2b,6620b7dc77a30aa0c4757d29
1235933,215f9e5c-c8f7-4b9c-958c-1065b5acdb2b,6620b7dc09ee0861b6757d2e
1239225,725ea0cf-26a4-41eb-92d6-e0c87b8befb0,66337e94cf3b5081b14f304b
1239226,216b15cd-d8ef-4f48-b109-4c91f78ca747,66337e948603389a07a6cfdb
1239228,9076135e-3095-4e9d-a7ce-45c3572381d2,66337e9474933dccbbb6c141
1239230,f5935b84-757e-4559-89be-511f0a04288c,66337e941c82a7597d4f3047
1239231,8015148b-bf99-447b-9210-6aae3d3b3fa6,66337e941834d96a0aa6cfe2
1239232,8671a143-aebf-46a8-b0f0-ce1007208992,66337e94cf3b5081b14f304d
1239224,87ae1648-ae01-4be4-9f43-4dfd12c165a2,66337e941c82a7597d4f3046
1239227,6703dbbb-e1c6-4d0c-8f4e-4dddb284eb2b,66337e94cf3b5081b14f304c
1239361,8a4e2501-3dee-4321-99f8-3461762c687e,6633a808cf3b5081b14f3084
1239362,8d5e6ccb-2fab-40df-8489-8f474ee569ae,6633a8081834d96a0aa6d01e
1239365,de52166b-f4c3-4072-97c4-771bbc924590,6633a80874933dccbbb6c188
1239367,374e9b2a-7423-45dc-b4a9-1f67649af7f7,6633a8088603389a07a6d018
1243098,5194f868-37ce-4c2e-a755-ec5b9df5ed54,664b63e74f29e1d07fadcb16
1244160,baf103e2-c65a-43e2-80a9-e11ee032420f,664f4a8a993111924d9d3aea
1253854,25bf5fe1-f458-4a8e-918a-7ff89f50f002,669923a949b9c0597fdaff8a
1253881,0a1e690b-24c5-497f-8492-f3b03178c530,669923b5ce1fd0da7b592815
1265283,0f8d4858-7113-45fe-bf4f-ba6e0b68f6ac,66e065bb865c0eef0bc42ddc
1253440,750fce57-6c7e-46a4-a675-f8846c9c653b,66978dc649b9c0597fdafe59
1253851,82278615-430b-45aa-b0e7-d586d6d0597a,669923a749b9c0597fdaff88
1255703,7eb9612e-7b43-4d02-8c6d-c692ee323cc4,66a204f80808eaf43b50d6b4
1256212,b4e969e4-32ec-4bb6-b013-75f22699fe3e,66a3c913fc8e12ac3edb05a8
1256920,a86e79a0-fc43-4522-becc-ca8893bf6004,66a8eb60a3c2a28abb50d9d2
1261772,a04fdbe2-61d0-42da-bef6-74cdb202ff5f,66c5d1066bd4274a15d76631
1261774,22fb7713-7fd0-4c4c-be2a-87bcd451367c,66c5d17181850effa1b18e16
1261777,3fc06f78-c9da-4e94-8eac-3f4bea705d6b,66c5d1b3e5e471d6d6b18e02
1261779,354f826f-bb8e-4dec-aeb6-cf855347670b,66c5d23dcbe60889bddd27a9
1261759,2bdf0b7d-aeba-4908-b4d0-cede88f01ac9,66c5cda56bd4274a15d7662d
1261762,831a422e-f72a-46dc-92ee-c79829390896,66c5ce6c81850effa1b18e12
1261766,36f0047a-f110-4c02-84b4-6cd86fb1df09,66c5cf61e5e471d6d6b18dfc
1261753,495d54ed-07cb-4b40-a1ff-c46fece34b65,66c5c9dae5e471d6d6b18df8
1261796,a2d0ef5b-3364-428d-9f39-b89aa9942966,66c5d4a0cbe60889bddd27af
1261797,537abaea-bbb8-4993-be22-b5104bd213e1,66c5d4f695bd109d30d76641
1261821,29fa2182-a595-47fa-bb6a-8cceee733c12,66c5d5e129be2af083dd27bd
1262027,9c4b18e5-e62d-411d-a7f1-896270464cc5,66c7165b07733cc4df6181e7
1264256,69314ffd-ae00-4622-a081-8b3a3722fbfd,66d82427dbffedc7eb44d1ab
1264256,69314ffd-ae00-4622-a081-8b3a3722fbfd,66d824277a73423428aa2eea
1272964,e72550cc-6f51-4add-8df7-adcbe12f348d,670e7ce4366f494ab2e7b8d5
1264686,59255e1a-2eb6-403c-aba0-13d1d05def53,66dac8cee87ad2f121826546
1264686,59255e1a-2eb6-403c-aba0-13d1d05def53,66dac8ce293afcbf8a811187
1264687,7049d60f-df45-4cd2-beaa-e1fc36061896,66dac8ce608fb761b6811191
1264687,7049d60f-df45-4cd2-beaa-e1fc36061896,66dac8ce608fb761b6811192
1264688,85110e36-1397-48bf-9a4f-82f3e90ac3bb,66dac8cee87ad2f121826547
1264688,85110e36-1397-48bf-9a4f-82f3e90ac3bb,66dac8ce561701fa1c214ee2
1264689,13c3c18a-478f-4c6b-ae13-5f749ac763de,66dac8cefb86ba5a1f214ef0
1264689,13c3c18a-478f-4c6b-ae13-5f749ac763de,66dac8cee87ad2f121826548
1264690,1749f5fe-61d4-4174-89b1-32f780a57bc7,66dac8ce293afcbf8a811188
1264690,1749f5fe-61d4-4174-89b1-32f780a57bc7,66dac8ce293afcbf8a811189
1264691,40e055ab-f520-425e-9d9e-faa476531707,66dac8cefb86ba5a1f214ef1
1264691,40e055ab-f520-425e-9d9e-faa476531707,66dac8ce561701fa1c214ee3
1264692,8dce9868-36e1-4ccd-be51-2e4a12e162ea,66dac8ce293afcbf8a81118a
1264692,8dce9868-36e1-4ccd-be51-2e4a12e162ea,66dac8ce2bc43c72b0826546
1264693,f40d8c5b-632c-4a8b-aa74-4f44adb4791d,66dac8ce608fb761b6811193
1264693,f40d8c5b-632c-4a8b-aa74-4f44adb4791d,66dac8ce2bc43c72b0826547
1264694,2730cc62-edc9-4a8e-b554-cae605b13e2f,66dac8ce293afcbf8a81118b
1264694,2730cc62-edc9-4a8e-b554-cae605b13e2f,66dac8cffb86ba5a1f214ef2
1264695,f5b7e6b4-a048-4315-aa00-34a2e2d057a0,66dac8cf2bc43c72b0826548
1264695,f5b7e6b4-a048-4315-aa00-34a2e2d057a0,66dac8cf2bc43c72b0826549
1264698,458b20b2-e3c1-4714-b412-464b52845a47,66dacd002bc43c72b082654c
1264698,458b20b2-e3c1-4714-b412-464b52845a47,66dacd00e87ad2f12182654b
1271328,9f08571f-a795-409f-9bbc-2459c68e8fd2,6704fbec30536cb927482db7
1271328,9f08571f-a795-409f-9bbc-2459c68e8fd2,6704fbec3b919067bb482dca
1271330,98e548c4-34e7-48eb-b0b6-37f517d57253,6704fbf9a31f45a9c765f27c
1271330,98e548c4-34e7-48eb-b0b6-37f517d57253,6704fbf93b919067bb482dcb
1271324,3f59281c-cc3b-425c-aedb-5614eeae7098,6704fb3330536cb927482db5
1271324,3f59281c-cc3b-425c-aedb-5614eeae7098,6704fb33a31f45a9c765f279
1274421,e1e896d0-0f28-4823-9ae3-f6bde6b3324c,671687ced100972c0f4c9b43
1274421,e1e896d0-0f28-4823-9ae3-f6bde6b3324c,671687ce4a6b12291ed99854
1267522,c47e5a05-bd80-4294-bb81-9b4fc72b65eb,66ec2bd750c0ff1bc7fa14a2
1267519,39464073-59ed-43c0-b2e8-c51f3f85a97e,66ec2bd750c0ff1bc7fa14a1
1267520,714a9235-c3cd-48f0-b797-9595d73900b4,66ec2bd7c8398625c331e7db
1267521,8c5cf7f4-b650-4a9d-96df-a1cf006d47cd,66ec2bd7c8398625c331e7dc
1271325,5a4066b5-6468-4635-953b-efefff4520a6,6704fb77c71e42688b65f2a5
1271325,5a4066b5-6468-4635-953b-efefff4520a6,6704fb77080bdf716392efa2
1271326,d6d7460e-fd1d-4e9f-951a-93f00f480a43,6704fb95c71e42688b65f2a6
1271326,d6d7460e-fd1d-4e9f-951a-93f00f480a43,6704fb95080bdf716392efa3
1271898,8359b723-c254-4ab7-8586-d1dd36961599,6706a72d92bb81fcdbe7b5e6
1273135,3b9c897b-389d-4cde-917b-f70e28587956,670f8a01366f494ab2e7b935
1273135,3b9c897b-389d-4cde-917b-f70e28587956,670f8a0192bb81fcdbe7b8f8
1273136,df35f9fd-b355-43c0-b72f-b2aa2418b41b,670f8a2192bb81fcdbe7b8f9
1273136,df35f9fd-b355-43c0-b72f-b2aa2418b41b,670f8a21080bdf716392f420
1273508,785a8c7e-5d34-4929-8d48-16e48ce9b278,670fc90730536cb9274832de
1273905,e07b57e6-54a3-42aa-9fe3-ae578cae6267,67121a998a62ffa8df77b30c
1273905,e07b57e6-54a3-42aa-9fe3-ae578cae6267,67121a99b40d67191077b2fd
1273922,a340c58a-7900-4080-81ce-0e574938cbed,67122285e94bb9726918edc3
1273922,a340c58a-7900-4080-81ce-0e574938cbed,671222858a62ffa8df77b31d
1274560,348605cf-84b6-4260-8748-673a658eaf47,67178c91a71f39bdb1c9c145
1274578,14463106-b3fd-4fb4-b792-4638c195548b,67179983e319b91ef09e3819
